,Dates,Andhra Pradesh,Arunachal Pradesh,Assam,Bihar,Chandigarh,Chhattisgarh,DD,DNH,DVC,Delhi,Essar steel,Goa,Gujarat,HP,Haryana,J&K,Jharkhand,Karnataka,Kerala,MP,Maharashtra,Manipur,Meghalaya,Mizoram,Nagaland,Odisha,Punjab,Rajasthan,Sikkim,Tamil Nadu,Telangana,Tripura,UP,Uttarakhand,West Bengal,Total Consumption
0,2022-04-04,220.8,2.2,23.8,114.4,4.5,123.3,7.5,18.4,77.4,94.5,17.1,14.6,424.5,31.7,139.2,46.5,33.9,271.5,85.0,257.8,611.1,2.6,5.1,1.7,2.2,108.5,149.5,249.4,1.7,363.1,265.7,,397.5,39.8,178.1,4393.700000000001
1,2022-04-05,218.7,2.3,26.3,110.1,4.6,125.8,7.9,19.6,79.5,95.7,15.5,14.4,430.6,31.2,141.7,46.8,34.7,270.9,86.0,262.7,623.3,2.7,5.8,1.7,2.4,109.3,142.2,253.7,1.8,367.1,266.0,,395.7,40.6,185.0,4431.5
2,2022-04-06,205.9,2.4,26.8,112.7,4.6,123.4,8.0,20.2,80.3,97.9,16.2,14.1,428.3,32.0,138.7,46.8,34.1,271.3,80.4,263.8,615.4,2.6,6.2,1.8,2.2,113.5,147.1,254.3,1.8,367.6,265.7,,405.1,37.5,185.3,4423.3
3,2022-04-07,213.1,2.4,27.8,119.2,4.6,122.7,8.0,19.2,76.7,99.4,15.6,14.5,436.2,32.7,145.0,46.3,33.2,277.4,81.2,257.9,611.3,2.6,6.5,1.7,2.2,112.7,161.3,249.6,1.6,372.7,267.1,,407.8,38.8,188.2,4466.5
4,2022-04-08,217.1,2.4,27.9,118.9,4.7,124.8,8.2,20.3,80.3,101.9,15.4,14.4,445.0,32.7,149.0,50.9,34.0,282.9,79.0,256.9,612.0,2.5,6.4,1.8,2.2,115.0,160.0,260.1,1.3,372.7,265.0,,412.5,40.9,186.6,4515.1
5,2022-04-09,211.8,2.3,26.1,116.7,4.6,122.2,8.2,20.5,76.8,100.7,16.8,14.9,443.3,32.8,146.6,48.6,33.8,271.5,73.5,263.7,611.9,2.8,6.3,1.8,2.2,120.3,158.9,262.9,1.0,360.1,253.0,,416.9,41.6,186.9,4471.3
6,2022-04-10,207.4,2.3,22.9,110.0,4.3,120.2,7.4,20.1,75.4,98.5,17.1,13.2,419.0,29.4,138.2,51.8,29.8,250.1,69.8,269.9,590.0,2.5,5.5,1.8,2.3,125.5,147.2,256.4,1.0,320.3,254.4,,407.2,39.0,178.2,4296.2
7,2018-01-08,162.2,2.3,22.8,71.5,3.7,73.3,7.0,17.3,69.2,68.6,8.7,9.2,296.2,26.6,123.3,46.7,24.8,202.6,64.2,225.2,405.2,2.8,6.7,1.8,2.0,68.5,105.4,209.3,1.6,288.9,177.8,,305.3,38.3,103.3,3248.3
8,2018-01-09,165.2,2.2,23.6,73.9,3.8,73.4,7.2,17.6,70.8,68.9,9.9,9.2,299.4,27.6,128.5,47.1,24.5,204.7,64.7,227.1,409.3,2.7,6.4,1.8,2.1,67.7,108.2,211.5,1.6,292.5,179.7,,310.5,39.2,111.5,3300.2999999999997
9,2018-01-10,165.6,2.2,23.8,74.7,3.8,73.6,7.3,17.4,69.0,69.3,8.8,9.2,302.2,27.9,129.9,45.5,24.6,206.6,66.2,227.0,413.4,2.7,6.5,1.9,2.0,70.2,108.7,216.9,1.8,279.8,180.7,,309.9,39.9,113.2,3308.7
10,2018-01-11,167.3,2.3,22.7,74.6,3.8,73.0,7.3,17.8,69.7,68.5,9.4,8.4,303.6,28.1,127.1,46.7,22.8,211.5,68.0,225.4,416.0,2.8,6.0,1.8,2.2,77.6,105.6,217.5,1.7,277.7,180.1,,307.9,39.8,112.5,3313.9
11,2018-01-12,172.6,2.3,24.0,73.4,3.7,74.4,7.4,17.7,70.7,69.3,10.8,8.4,307.9,28.3,125.3,46.4,22.8,213.5,68.9,227.7,415.7,2.7,6.4,1.8,2.2,77.8,105.9,219.7,1.8,292.4,180.6,,309.2,39.8,113.9,3351.8999999999996
12,2018-01-13,170.0,2.3,23.9,74.0,3.5,78.1,7.5,17.2,70.5,63.5,9.7,10.1,303.8,27.8,126.4,47.4,22.8,210.0,68.8,225.7,420.8,2.6,6.4,1.8,2.2,79.8,102.5,213.0,1.6,284.2,183.6,,310.6,38.9,112.7,3330.3999999999996
13,2018-01-14,166.9,2.3,22.2,80.9,3.2,72.2,6.3,16.7,69.7,61.7,10.1,8.3,244.4,25.5,116.2,45.2,24.3,196.9,61.8,220.5,410.9,2.6,6.4,1.8,2.1,77.3,94.0,206.2,1.0,239.9,171.7,,301.5,36.9,104.5,3117.8
14,2020-02-10,180.7,2.2,22.1,77.5,3.9,73.7,7.0,17.1,65.9,68.5,5.5,9.5,329.0,28.0,131.9,50.4,25.9,231.5,73.8,267.4,457.1,2.5,6.6,1.6,2.3,80.6,130.1,243.3,1.9,304.3,192.4,,290.4,37.5,119.7,3549.2999999999997
15,2020-02-11,184.5,2.2,22.6,77.6,4.0,73.7,7.4,18.5,66.5,69.5,10.6,11.2,343.5,29.2,136.6,53.0,25.2,233.9,75.1,269.9,471.1,2.7,6.7,1.6,2.3,80.0,129.2,248.1,1.9,310.0,210.8,,295.5,38.7,120.9,3641.6
16,2020-02-12,186.4,2.2,22.7,77.1,3.9,78.7,7.3,18.7,66.3,68.8,10.2,11.9,341.0,28.8,137.8,51.8,24.9,237.7,76.0,271.4,476.8,3.0,6.6,1.8,2.2,77.8,134.2,249.0,1.8,311.9,216.8,,288.0,38.6,123.3,3663.1
17,2020-02-13,187.8,2.3,23.1,76.1,3.8,80.9,7.4,18.7,65.8,66.8,10.3,12.0,348.6,27.1,136.9,46.4,24.6,240.9,78.2,271.8,475.8,2.9,6.6,1.8,2.3,78.5,131.3,249.0,1.9,315.1,223.0,,282.1,37.6,122.5,3667.6
18,2020-02-14,189.0,2.2,23.6,75.6,3.7,82.6,7.4,18.5,63.4,66.8,10.8,11.3,348.7,27.2,136.8,48.3,23.0,244.6,77.6,271.4,474.7,2.7,6.7,1.6,2.2,73.6,131.4,248.1,2.0,324.0,225.7,,273.9,37.2,121.7,3665.8
19,2020-02-15,189.7,2.3,22.8,74.8,3.5,83.8,7.3,18.4,64.3,62.6,10.7,9.9,347.0,26.6,136.2,48.1,23.5,242.0,78.5,269.4,474.5,2.7,6.6,1.6,2.3,71.2,132.6,249.3,2.0,307.8,236.2,,278.7,36.7,120.6,3651.7999999999993
20,2020-02-16,189.7,2.2,21.4,77.4,3.2,83.8,6.8,18.0,64.2,61.1,11.3,9.3,335.0,25.2,129.1,48.8,23.5,225.3,71.9,265.3,461.2,2.8,6.5,1.6,2.3,71.1,126.9,245.5,1.7,296.6,235.6,,286.6,34.3,115.9,3567.9000000000005
21,2023-11-06,207.4,2.7,27.1,91.1,3.5,94.0,,,70.9,77.3,,14.5,436.0,32.7,139.7,51.7,29.8,233.2,78.4,323.9,594.2,2.6,6.5,1.9,2.4,104.8,135.2,315.8,1.3,301.8,210.2,4.4,331.5,38.6,153.7,4191.1
22,2023-11-07,206.8,2.4,29.0,88.3,3.6,92.5,,,69.9,77.9,,14.4,435.4,33.3,143.3,52.7,29.5,220.2,80.7,328.8,599.1,2.5,6.3,1.8,2.2,104.3,136.4,324.0,1.3,304.8,204.2,4.4,335.7,39.6,151.9,4201.0
23,2023-11-08,207.1,2.5,29.9,86.9,3.6,91.1,,,68.9,77.9,,13.0,431.3,34.7,143.6,52.9,30.1,223.2,79.5,331.1,603.6,2.5,6.6,1.8,2.3,111.0,139.3,320.2,1.3,302.6,198.6,4.2,334.3,39.8,149.6,4199.400000000001
24,2023-11-09,202.8,2.6,29.6,86.0,3.6,93.0,,,67.1,77.7,,14.0,432.6,35.0,142.1,49.7,30.0,206.1,78.7,333.3,595.8,2.7,6.4,1.9,2.3,109.9,137.4,313.8,1.4,301.6,202.3,4.2,333.8,39.9,150.0,4159.800000000001
25,2023-11-10,204.5,2.8,29.4,90.3,3.6,93.6,,,70.5,75.8,,14.2,420.0,34.4,132.8,46.2,30.7,210.4,78.3,335.9,584.3,2.7,6.2,1.9,2.3,101.8,126.7,304.3,1.4,299.7,208.4,4.2,335.3,40.7,149.9,4116.099999999999
26,2023-11-11,202.2,2.7,29.6,88.9,3.2,91.7,,,71.0,68.6,,13.9,364.0,30.7,120.8,53.3,30.3,205.6,79.2,332.4,566.3,2.7,6.3,1.9,2.3,97.3,123.2,291.8,1.3,265.0,204.8,4.2,328.0,36.1,147.1,3939.0
27,2023-11-12,198.0,2.7,26.9,90.5,3.0,86.1,,,70.7,59.6,,11.2,299.5,23.3,95.7,53.0,32.7,195.9,72.5,317.2,511.5,2.7,5.9,1.8,2.3,98.2,95.6,270.8,1.1,212.3,198.9,4.3,316.8,28.6,132.6,3581.8999999999996
28,2018-08-13,158.0,2.2,30.5,90.1,5.3,83.6,7.5,18.3,65.2,114.9,9.3,9.4,356.2,23.8,185.5,36.9,24.4,158.8,60.4,184.9,435.5,2.3,5.6,1.4,2.3,102.3,224.7,238.4,1.1,294.1,168.2,,350.5,34.4,168.4,3661.7
29,2018-08-14,158.4,2.2,34.6,95.3,5.6,86.4,7.5,18.4,65.0,117.3,9.8,9.4,365.2,26.5,193.0,37.3,24.1,164.5,56.6,188.3,446.2,2.3,5.4,1.4,2.3,95.6,243.8,242.2,1.2,282.5,179.8,,360.2,38.2,176.1,3750.099999999999
30,2018-08-15,150.7,2.2,31.0,94.8,5.0,84.0,5.0,14.9,65.0,102.7,9.7,8.3,344.7,23.0,177.4,39.6,23.4,147.6,47.9,178.7,397.0,2.4,5.1,1.4,2.1,92.2,215.9,238.7,1.5,254.2,175.8,,364.7,33.9,159.1,3505.8
31,2018-08-16,149.8,2.1,31.9,91.6,5.8,81.4,6.4,16.7,64.5,116.6,10.6,9.0,361.9,28.3,191.4,40.7,21.7,146.7,38.9,170.8,377.1,2.3,4.8,1.4,2.2,97.8,233.5,231.1,1.0,272.1,157.0,,354.1,40.0,165.4,3532.7999999999997
32,2018-08-17,158.3,2.3,34.0,98.0,5.3,88.1,7.5,17.7,67.6,121.0,10.2,9.0,301.9,29.5,198.2,34.6,23.3,155.2,42.1,177.4,368.4,2.1,5.6,1.4,2.2,109.5,238.0,231.5,1.2,294.6,168.5,,385.3,42.4,180.9,3619.9
33,2018-08-18,161.6,2.3,35.0,95.9,5.2,88.2,7.7,17.9,67.9,117.9,12.4,9.0,284.1,29.0,192.4,36.4,25.3,161.0,44.5,179.9,387.7,2.3,5.4,1.5,2.3,106.1,224.9,226.2,1.1,289.6,177.3,,393.5,41.7,185.0,3625.7999999999993
34,2018-08-19,158.2,2.3,35.6,99.4,5.0,82.9,7.1,17.9,67.9,108.0,11.0,9.0,280.8,26.2,178.3,40.5,24.8,157.5,45.1,175.7,382.2,2.1,4.9,1.4,2.3,94.3,220.7,217.2,0.8,284.4,163.2,,382.5,39.8,170.9,3507.1
35,2020-11-02,185.3,2.0,28.7,82.4,3.0,75.5,7.2,18.1,63.1,63.4,17.0,10.1,349.4,29.1,123.0,46.8,27.0,184.1,73.2,266.3,428.0,2.7,6.1,1.5,2.5,90.3,107.4,241.3,1.4,317.3,153.0,,271.5,34.9,146.1,3466.5
36,2020-11-03,190.9,2.0,29.4,74.2,3.0,75.1,7.6,18.3,64.1,64.7,16.2,10.3,352.4,29.3,124.6,42.9,25.6,187.2,73.1,268.4,436.6,2.8,6.1,1.7,2.5,89.1,107.4,246.6,1.4,328.4,153.1,,270.0,35.9,142.9,3491.6
37,2020-11-04,183.8,1.9,27.5,69.8,3.0,73.4,7.7,18.1,63.5,64.7,16.8,10.6,350.3,29.8,122.7,48.3,24.9,191.5,72.6,270.8,435.1,2.8,5.8,1.7,2.5,90.5,107.3,244.8,1.4,326.7,149.5,,269.6,35.6,126.2,3459.1
38,2020-11-05,185.8,1.9,26.3,70.6,3.0,71.9,9.0,18.1,61.5,62.8,17.3,10.0,356.6,28.9,121.9,42.7,24.0,192.4,71.4,271.3,431.7,2.5,6.0,1.7,2.3,83.6,109.2,245.2,1.4,301.7,149.2,,264.8,34.0,119.0,3407.6000000000004
39,2020-11-06,179.0,2.1,26.0,68.8,3.0,72.7,8.9,18.0,63.4,65.0,17.1,10.1,360.7,29.2,123.4,43.7,24.2,185.9,71.4,276.1,431.1,2.7,6.0,1.7,2.5,88.0,112.1,248.4,1.5,294.6,150.1,,283.9,35.9,116.9,3432.100000000001
40,2020-11-07,174.2,2.1,25.7,68.7,3.0,71.7,7.6,18.0,63.3,61.6,18.0,10.1,357.0,28.6,122.4,47.2,24.1,186.4,73.1,276.6,435.8,2.9,5.9,1.7,2.4,96.5,111.7,248.5,1.5,296.2,147.3,,279.2,35.0,111.7,3423.7
41,2020-11-08,169.2,2.0,23.9,70.6,2.7,71.2,6.8,17.3,62.5,59.8,17.3,9.5,345.3,26.7,113.6,48.2,24.6,172.9,66.7,277.4,428.9,2.6,5.6,1.6,2.2,80.4,106.8,247.8,1.3,269.7,137.1,,277.1,33.9,105.2,3295.3999999999996
42,2016-09-05,147.4,2.0,27.5,71.5,6.0,79.1,6.0,16.3,60.9,100.1,9.8,6.5,275.8,26.2,160.1,35.8,20.6,170.7,63.6,143.3,369.4,1.8,4.9,1.1,2.0,70.6,210.2,173.3,1.1,257.8,154.2,,319.2,37.4,138.7,3176.7
43,2016-09-06,154.9,2.2,30.0,66.3,6.1,80.8,6.7,16.7,58.2,99.5,10.7,6.5,286.6,26.7,168.0,37.8,21.0,190.0,65.6,149.0,410.9,2.0,4.6,1.2,1.8,71.4,215.5,184.6,1.1,285.4,163.8,,324.7,35.0,134.1,3325.9999999999995
44,2016-09-07,160.8,2.0,29.3,67.0,6.1,83.0,7.0,17.0,58.8,100.9,11.0,7.7,289.4,26.9,174.4,37.3,24.0,197.4,65.6,155.7,425.6,2.0,4.4,1.2,1.9,72.3,230.7,188.5,1.1,296.7,169.9,,326.1,39.8,132.7,3421.0999999999995
45,2016-09-08,167.4,1.9,29.8,67.3,6.0,83.4,7.0,17.3,61.5,102.3,9.8,8.4,305.5,28.4,179.1,38.2,20.9,203.5,65.4,160.5,441.6,1.9,5.6,1.2,1.6,74.0,229.4,193.0,1.3,300.6,173.3,,329.6,40.7,144.0,3508.4
46,2016-09-09,169.9,2.0,31.0,71.8,5.9,78.8,6.9,17.2,62.1,104.9,10.8,8.3,313.4,27.5,180.3,36.8,21.3,192.5,65.8,164.0,443.8,1.9,4.7,1.3,1.7,72.3,231.8,203.1,1.2,303.8,173.8,,329.8,40.4,147.0,3535.0000000000005
47,2016-09-10,160.8,2.0,29.8,68.1,5.7,75.3,6.6,17.2,61.9,99.8,11.0,8.8,319.0,27.7,183.3,35.9,22.5,203.4,65.8,169.4,445.1,2.0,4.9,1.3,2.0,73.9,227.8,203.8,1.2,302.9,161.2,,334.0,45.8,148.9,3535.7000000000003
48,2016-09-11,150.0,1.9,29.1,68.8,5.2,73.3,6.8,17.0,62.0,95.6,12.2,8.1,311.5,25.0,177.7,35.2,21.7,194.6,62.0,171.4,416.4,1.9,5.0,1.2,2.0,73.9,216.6,203.4,1.0,275.9,141.5,,335.8,38.3,142.6,3390.9000000000005
49,2018-04-16,183.5,2.1,24.2,85.5,3.9,83.7,7.1,17.6,73.5,87.8,5.9,12.3,348.5,22.6,114.4,41.5,25.0,211.5,73.8,187.3,492.6,2.0,4.5,1.5,2.0,84.6,112.7,184.9,1.4,332.2,173.5,,311.1,33.7,166.1,3522.4999999999995
50,2018-04-17,185.1,2.2,23.2,82.6,4.1,86.0,7.2,17.6,74.1,90.2,4.8,12.1,353.1,25.0,120.6,41.6,22.4,215.7,74.9,189.8,496.3,2.0,4.8,1.6,2.0,82.2,115.6,185.3,1.4,343.2,181.0,,325.9,36.3,164.8,3582.8
51,2018-04-18,184.6,2.0,22.2,78.1,4.2,86.4,7.3,17.6,71.9,91.8,3.9,11.8,350.0,26.0,123.2,45.0,22.9,220.1,77.7,191.2,491.6,1.9,4.3,1.5,2.0,82.5,120.3,192.0,1.4,346.8,181.6,,310.9,35.5,150.7,3568.8
52,2018-04-19,184.0,2.1,21.2,80.5,4.3,88.6,7.3,17.3,71.1,95.0,3.9,12.0,350.6,24.9,127.8,44.5,23.3,221.4,77.8,190.4,504.7,1.6,5.1,1.4,2.0,87.6,124.7,198.8,1.4,351.0,181.9,,327.9,37.0,166.1,3647.1
53,2018-04-20,183.0,2.2,21.0,88.1,4.2,88.4,7.3,17.1,72.6,94.9,2.6,12.0,351.6,22.8,114.9,37.9,24.1,208.3,77.8,188.0,496.6,1.9,5.3,1.4,2.1,86.8,105.4,183.7,1.3,350.5,180.5,,326.4,36.3,167.9,3573.1000000000004
54,2018-04-21,185.0,2.1,19.3,89.4,3.9,88.5,7.4,17.7,68.6,88.3,2.8,12.0,348.9,24.0,125.4,40.6,22.7,212.9,77.6,190.3,498.0,2.1,4.9,1.3,1.9,85.5,109.5,194.6,1.2,339.4,176.2,,333.7,37.1,168.6,3589.7
55,2018-04-22,181.0,2.1,21.3,87.2,3.4,89.2,7.0,17.2,71.9,79.5,2.9,12.0,330.4,22.6,115.1,37.7,23.5,195.1,70.4,187.6,487.1,2.2,4.8,1.4,1.9,89.5,107.7,187.7,1.0,324.0,168.4,,312.2,34.8,151.4,3438.8
56,2020-07-27,160.6,1.9,30.4,115.1,6.5,104.6,5.0,14.3,62.8,112.7,17.5,8.6,308.3,23.3,202.1,44.2,26.6,156.9,65.4,231.4,376.6,2.7,5.2,1.5,2.4,88.4,278.4,250.7,1.1,272.2,209.4,,469.1,41.1,174.1,3878.8
57,2020-07-28,167.2,2.1,32.1,99.4,6.6,102.4,5.4,14.3,63.0,117.5,19.4,8.8,320.8,25.3,216.7,41.2,27.1,165.1,66.0,231.9,385.9,2.6,5.2,1.7,2.4,87.6,292.2,266.5,0.9,279.2,211.9,,443.9,39.8,167.1,3926.8
58,2020-07-29,163.5,2.0,31.9,105.4,6.2,101.9,5.4,14.6,61.6,111.9,17.3,8.9,323.9,28.8,211.4,40.5,27.7,163.9,60.3,215.5,384.8,2.6,5.2,1.7,2.4,88.3,291.2,273.8,1.0,268.2,197.2,,388.7,37.8,152.5,3805.2
59,2020-07-30,167.1,1.7,30.2,103.2,5.5,108.1,5.5,14.7,63.4,101.7,16.8,8.7,322.8,30.1,170.0,39.0,27.6,161.2,59.7,219.0,386.9,2.7,5.2,1.7,2.5,89.7,230.1,260.7,1.0,266.1,208.3,,399.3,37.7,164.9,3720.1
60,2020-07-31,170.5,1.5,31.9,105.6,5.7,109.7,5.5,14.4,63.1,105.7,17.6,8.4,316.8,30.7,182.8,43.6,27.3,164.8,58.7,226.8,383.9,2.6,5.2,1.6,2.2,91.0,244.8,244.7,1.0,274.3,215.3,,403.8,38.7,172.3,3780.2
61,2020-08-01,161.1,1.4,32.6,109.6,5.0,105.9,5.3,14.1,62.3,98.5,17.2,8.7,311.9,30.0,187.1,40.5,27.5,156.6,59.4,226.5,378.9,2.6,5.0,1.6,2.2,90.4,239.6,242.9,0.9,258.2,200.6,,406.7,37.6,168.6,3704.599999999999
62,2020-08-02,155.1,1.7,34.3,115.1,4.9,107.0,4.9,13.6,64.2,101.6,17.1,9.0,311.3,28.9,186.2,41.5,27.4,140.7,54.6,222.8,374.7,2.8,5.1,1.6,2.3,88.1,234.7,242.0,0.9,219.5,187.8,,415.3,37.7,172.3,3633.2
63,2023-09-04,205.4,3.2,48.9,134.6,7.3,109.1,,,73.7,135.8,,13.8,507.4,35.6,262.6,52.7,35.8,221.8,81.3,320.4,566.3,2.8,5.2,2.0,3.3,105.5,317.7,371.6,1.4,326.8,191.6,6.2,559.9,49.6,199.2,5029.3
64,2023-09-05,199.7,3.2,48.0,143.0,7.3,108.8,,,73.6,141.3,,14.0,506.6,34.9,263.1,48.8,36.1,223.3,80.2,298.0,579.3,2.8,5.1,2.1,3.3,105.7,310.6,365.2,1.4,333.3,170.9,6.2,559.8,49.4,200.9,4999.899999999999
65,2023-09-06,201.0,3.1,48.1,133.8,7.3,109.3,,,74.2,138.6,,14.0,485.9,35.8,261.2,51.9,35.8,219.6,78.7,258.3,584.6,2.8,5.2,1.8,3.1,108.5,330.6,350.6,1.3,339.8,173.8,6.0,527.8,51.4,208.6,4925.400000000001
66,2023-09-07,204.0,2.9,46.9,135.0,6.8,106.4,,,75.0,130.1,,13.8,410.9,35.9,256.2,52.4,35.7,223.3,77.3,247.6,536.8,2.6,5.0,1.6,2.7,105.5,333.8,346.4,1.2,336.9,183.9,5.4,522.6,51.0,201.6,4769.800000000001
67,2023-09-08,209.0,3.0,44.1,123.5,7.5,105.3,,,73.6,127.0,,13.8,400.8,36.0,254.7,52.4,34.6,233.3,77.5,235.0,511.2,2.5,5.4,2.0,2.9,117.4,340.0,345.8,1.3,341.1,196.4,6.0,467.5,46.8,189.6,4681.000000000001
68,2023-09-09,221.6,2.9,46.2,124.8,6.9,109.2,,,76.4,113.1,,13.6,423.9,35.0,241.9,48.6,34.2,228.8,77.0,231.3,510.6,2.7,5.7,2.0,2.9,122.6,338.9,340.8,1.1,352.2,203.3,5.9,396.6,47.0,196.9,4638.4
69,2023-09-10,216.0,3.2,43.6,139.9,6.0,112.5,,,76.9,96.6,,13.1,423.3,32.9,201.7,51.2,40.0,218.5,70.2,226.5,495.7,2.7,5.6,1.8,2.9,133.9,338.1,335.0,0.8,325.9,195.0,5.8,366.3,38.1,199.3,4490.3
70,2017-12-18,162.1,2.2,22.5,65.3,3.5,74.5,7.0,17.3,65.4,65.1,11.5,8.8,304.8,26.8,117.6,40.6,24.6,197.9,64.9,229.6,411.2,2.5,5.4,1.6,2.3,68.1,94.2,198.4,1.7,279.5,165.2,,283.4,35.6,100.3,3167.9000000000005
71,2017-12-19,160.0,2.1,23.4,66.1,3.5,71.3,4.9,17.2,68.4,65.4,11.0,7.8,303.6,27.1,123.2,44.1,24.2,198.9,64.5,231.5,406.8,2.5,6.5,1.7,2.3,66.6,98.3,204.4,1.4,286.8,164.5,,287.5,36.2,101.0,3191.3999999999996
72,2017-12-20,157.5,2.0,23.0,66.0,3.5,70.2,6.2,17.3,68.0,66.6,10.8,8.8,301.8,25.3,125.2,43.8,24.0,201.2,66.7,234.1,411.2,2.4,6.5,1.8,2.4,64.0,102.9,207.1,1.5,288.3,165.1,,293.4,36.5,102.8,3213.6000000000004
73,2017-12-21,160.7,2.1,22.6,64.0,3.5,72.2,6.4,17.5,68.2,65.9,10.1,9.2,305.1,27.0,125.8,43.1,24.4,203.1,67.2,229.7,412.1,2.4,6.4,1.6,2.3,66.7,102.7,208.9,1.4,288.2,167.5,,292.6,35.6,101.7,3224.3999999999996
74,2017-12-22,161.5,1.9,22.3,66.8,3.5,73.5,7.1,17.2,68.1,66.8,10.5,9.2,308.3,27.8,125.9,43.6,24.7,206.1,67.9,230.2,410.0,2.6,6.6,1.6,2.3,65.4,104.5,206.1,1.6,285.0,166.1,,295.4,36.1,100.8,3233.6000000000004
75,2017-12-23,162.1,2.2,22.8,62.1,3.3,71.2,6.4,17.1,67.8,62.2,11.3,9.4,306.1,27.8,125.9,44.5,23.8,201.4,66.4,231.9,407.7,2.8,6.1,1.8,2.6,73.9,100.5,208.3,1.5,281.8,163.8,,289.0,35.1,95.9,3203.2000000000003
76,2017-12-24,156.0,2.3,22.8,63.9,3.0,71.4,6.7,17.2,67.3,59.8,10.3,9.4,298.5,26.4,117.7,42.4,22.7,190.1,60.4,229.0,397.0,2.6,6.7,1.7,2.2,74.1,101.6,206.7,1.4,265.1,157.4,,285.6,36.2,90.8,3112.2999999999997
77,2021-02-15,192.6,2.3,24.3,84.7,3.4,99.3,7.2,19.8,65.9,61.6,18.3,10.8,355.4,31.7,129.2,54.4,26.0,244.2,75.3,273.3,481.5,2.9,4.8,1.7,2.2,87.7,123.1,264.9,1.5,297.7,246.2,,283.1,38.5,129.8,3752.7
78,2021-02-16,194.6,2.3,24.0,88.1,3.4,91.9,7.6,19.9,66.2,62.7,18.1,10.6,354.6,32.0,132.8,52.8,24.9,247.3,77.7,249.6,488.0,2.5,4.9,1.8,2.1,82.2,126.8,263.5,1.5,309.6,246.4,,279.1,38.8,129.6,3745.1
79,2021-02-17,193.4,2.2,24.8,85.6,3.3,85.0,7.7,20.0,66.3,62.1,18.5,10.6,352.8,32.8,132.7,51.4,25.3,249.1,77.8,237.1,480.2,2.4,6.7,1.7,2.0,73.6,125.5,264.0,1.4,312.9,249.3,,282.8,39.6,125.8,3713.400000000001
80,2021-02-18,193.8,2.3,24.7,83.0,3.2,87.1,7.7,20.0,66.2,62.5,19.1,10.3,356.1,32.6,133.8,53.3,24.5,245.5,78.4,245.2,450.4,2.3,6.4,1.5,2.2,76.4,124.9,259.7,1.4,313.6,247.2,,283.1,39.3,130.3,3695.1
81,2021-02-19,191.4,2.4,24.4,81.6,3.3,88.1,7.8,19.7,66.6,64.7,18.2,9.5,359.5,32.9,133.8,53.5,23.7,219.9,77.9,245.9,410.1,2.4,6.5,1.9,2.1,77.6,126.0,262.3,1.5,319.9,235.1,,290.0,40.0,134.5,3642.4
82,2021-02-20,177.0,2.4,24.3,80.2,3.2,91.6,7.6,19.5,67.3,59.5,18.7,9.5,358.9,32.2,131.2,52.6,25.2,208.3,77.2,249.5,443.0,2.6,6.5,1.6,2.2,76.9,126.0,261.1,1.5,296.3,234.4,,285.7,39.2,132.7,3613.2999999999993
83,2021-02-21,166.1,2.3,23.5,84.4,2.9,93.9,7.0,19.5,65.1,58.4,18.2,8.6,343.2,28.9,120.2,52.2,23.8,189.4,69.2,251.1,442.2,2.5,6.5,1.5,2.2,76.0,121.5,257.1,1.3,261.3,234.8,,281.9,35.5,122.8,3481.1
84,2022-03-14,215.5,2.3,26.3,85.0,3.2,106.8,7.7,20.1,72.4,63.9,16.7,12.9,386.8,32.4,130.5,55.5,25.4,268.1,84.2,277.2,563.9,2.8,6.6,1.6,2.3,110.4,129.9,269.3,1.7,315.9,263.0,,315.1,36.5,133.4,4052.6
85,2022-03-15,220.2,2.3,26.5,87.9,3.1,107.3,8.0,20.2,76.4,65.6,16.8,13.7,394.0,31.8,139.2,56.2,26.6,269.5,85.2,265.3,566.2,2.9,6.7,1.5,2.4,103.0,144.7,269.2,1.7,323.1,263.2,,317.5,37.9,137.3,4101.099999999999
86,2022-03-16,222.8,2.3,28.0,88.5,3.1,107.4,8.1,20.5,72.7,63.3,17.0,13.5,390.1,31.3,141.8,54.1,27.6,276.4,86.6,261.0,559.2,3.0,6.7,1.8,2.4,102.9,153.4,260.1,1.7,329.4,266.7,,324.5,38.1,139.4,4113.5
87,2022-03-17,224.6,2.4,28.4,89.2,3.1,109.8,7.8,20.3,72.8,65.8,16.7,14.6,389.0,30.7,138.9,56.0,27.0,280.0,86.7,247.5,560.9,2.9,6.6,1.8,2.6,110.2,152.4,260.7,1.7,335.0,269.2,,326.8,38.5,139.7,4128.700000000001
88,2022-03-18,222.3,2.3,28.3,89.0,3.1,110.4,8.0,20.7,72.5,67.0,16.6,14.6,402.2,31.0,141.3,55.2,29.0,284.6,87.3,264.7,556.7,2.8,6.6,1.9,2.6,111.1,152.6,261.3,1.7,343.2,260.0,,331.2,37.5,142.6,4170.400000000001
89,2022-03-19,216.2,2.4,28.1,90.7,3.1,106.9,8.1,20.4,73.2,63.8,17.4,14.1,398.7,30.4,138.0,54.5,30.1,279.7,87.5,268.2,549.4,2.7,6.5,1.9,2.2,112.6,150.1,266.6,1.5,343.9,254.0,,334.7,36.6,143.8,4146.299999999999
90,2022-03-20,218.1,2.4,27.3,93.0,2.9,109.4,7.5,20.0,73.8,62.4,17.1,12.7,385.3,25.7,130.4,52.2,30.2,261.7,80.5,266.2,550.1,2.6,6.7,1.8,2.3,114.3,147.1,263.4,1.4,311.6,256.2,,333.5,36.2,135.6,4049.3
91,2018-07-30,185.7,2.2,31.3,78.9,5.8,87.3,7.1,15.7,68.2,108.6,10.8,9.4,309.7,23.7,172.4,37.9,23.4,190.2,64.9,168.5,432.1,2.3,5.6,1.6,2.3,87.1,223.4,206.7,1.5,324.4,218.9,,287.1,39.1,159.6,3601.2999999999997
92,2018-07-31,188.6,2.3,31.6,82.3,6.0,92.1,7.5,16.6,66.1,113.6,9.7,10.0,319.6,28.7,183.3,38.8,22.1,191.6,62.6,165.6,438.0,2.3,5.6,1.6,2.3,87.1,247.3,213.8,0.9,321.6,220.2,,300.5,39.9,159.5,3686.5
93,2018-08-01,184.9,2.3,32.5,82.0,6.1,87.8,7.4,16.9,68.3,112.6,8.8,11.3,323.7,28.3,186.0,35.8,21.8,190.2,64.0,169.9,435.7,2.4,5.3,1.6,2.3,91.7,252.8,217.6,1.1,320.2,209.5,,309.3,39.0,148.5,3685.000000000001
94,2018-08-02,178.6,2.2,28.5,85.0,6.3,86.5,7.5,16.7,68.0,118.1,10.0,11.6,333.5,28.3,197.3,41.3,20.8,189.0,65.6,176.3,440.6,1.9,5.6,1.4,2.2,94.4,262.4,227.9,1.3,320.2,201.3,,320.2,37.9,140.7,3736.6
95,2018-08-03,182.6,2.4,31.4,79.2,6.4,91.7,7.6,16.9,66.6,117.2,9.9,11.6,338.0,28.9,198.7,42.3,21.3,191.1,66.7,181.0,442.6,2.4,5.8,1.4,2.3,102.2,268.2,234.3,1.1,312.0,209.4,,315.4,37.9,147.0,3781.2
96,2018-08-04,185.4,2.4,32.9,82.3,5.9,92.9,7.5,17.5,69.1,115.5,10.2,11.6,342.9,28.4,201.8,43.0,22.6,187.1,65.7,186.3,440.6,2.4,5.9,1.4,2.2,107.9,273.6,237.5,1.3,299.7,212.0,,334.5,38.4,152.1,3828.2
97,2018-08-05,180.2,2.2,32.3,83.5,5.1,98.4,6.9,17.5,66.7,109.6,10.8,11.6,332.3,26.0,191.9,41.7,22.6,175.6,61.2,185.4,430.1,2.2,5.7,1.5,2.2,102.9,263.2,234.4,1.0,294.8,203.5,,328.5,32.0,148.1,3718.7
98,2021-01-11,169.2,2.4,24.0,83.5,4.2,84.6,7.2,19.6,64.2,74.6,16.5,10.6,350.8,32.8,120.8,54.5,24.7,179.4,69.7,269.9,458.8,2.8,6.9,1.6,2.5,84.6,120.6,241.7,2.2,251.9,216.0,,286.4,41.2,123.7,3511.2
99,2021-01-12,170.8,2.3,24.7,83.2,4.5,90.4,7.6,19.7,68.6,76.0,17.3,10.8,352.6,33.9,126.8,55.6,25.6,185.1,68.9,270.2,469.1,2.9,6.9,1.6,2.5,81.1,122.7,247.8,2.4,250.3,218.6,,294.5,41.9,125.9,3569.8
100,2021-01-13,167.3,2.4,24.5,87.8,4.5,90.2,7.7,19.6,68.6,76.6,18.3,11.3,344.5,34.1,128.9,54.6,25.3,193.1,68.0,273.9,472.0,2.9,7.1,1.6,2.4,75.4,121.4,246.6,2.4,242.4,220.7,,300.3,42.3,126.4,3572.2000000000003
101,2021-01-14,157.6,2.3,23.1,89.2,4.3,91.6,6.7,18.5,68.7,77.5,18.7,11.3,275.2,33.4,129.3,54.5,25.8,188.2,68.5,273.8,471.4,2.9,6.8,1.6,2.3,74.8,123.2,244.1,2.3,201.1,208.8,,302.2,41.9,123.1,3430.8999999999996
102,2021-01-15,158.0,2.3,21.9,86.9,4.3,92.0,7.3,18.1,68.2,77.2,18.7,10.4,303.1,32.7,128.8,56.0,25.2,202.6,71.2,274.0,464.8,2.9,6.8,1.6,2.3,73.7,124.3,251.2,1.4,188.5,213.5,,300.6,41.6,119.8,3457.6
103,2021-01-16,163.6,2.3,23.2,90.8,4.3,92.6,7.6,19.1,67.5,72.5,18.6,10.7,338.4,33.0,130.8,57.3,25.5,208.5,71.8,277.6,473.0,3.2,7.0,1.9,2.2,72.9,121.9,256.4,2.1,200.0,217.0,,295.1,41.3,127.9,3543.3000000000006
104,2021-01-17,168.0,2.3,23.7,88.4,3.9,91.7,8.3,19.0,68.7,74.0,18.5,9.9,345.6,33.5,119.2,56.7,25.1,199.0,66.5,283.0,462.5,2.7,6.8,1.5,2.2,73.9,118.6,254.0,1.5,203.9,216.2,,295.5,39.3,117.8,3507.4000000000005
105,2022-02-21,205.7,2.2,22.9,84.4,3.3,97.5,7.5,19.5,70.3,61.4,18.3,11.8,364.6,32.6,129.2,56.2,29.7,257.4,82.9,288.3,529.6,3.0,7.2,1.8,2.3,109.2,134.1,277.0,1.8,332.9,225.1,,306.0,39.3,109.5,3932.3
106,2022-02-22,207.3,2.3,25.7,84.2,1.6,99.1,7.8,19.9,70.5,63.2,19.4,12.1,374.0,33.9,127.4,58.6,29.2,265.1,83.7,292.8,539.8,3.3,7.2,1.7,2.4,115.3,126.2,269.9,1.6,345.4,229.5,,307.5,39.0,124.1,3998.6999999999994
107,2022-02-23,212.4,2.6,25.7,84.5,2.4,100.0,7.8,20.0,70.7,65.1,17.4,12.4,367.6,33.0,126.1,35.4,27.6,265.3,82.6,295.8,542.7,3.4,7.4,1.8,2.6,115.0,126.8,282.6,2.0,339.6,239.4,,303.6,38.5,125.4,3993.2
108,2022-02-24,212.6,2.6,25.9,81.8,3.3,102.5,7.9,20.0,70.9,64.4,17.0,12.4,369.6,33.3,129.6,47.5,25.0,266.5,82.6,295.4,550.1,3.5,7.4,1.8,2.6,111.4,139.2,281.3,2.2,340.6,248.4,,309.7,38.5,121.2,4036.7999999999993
109,2022-02-25,210.4,2.5,23.4,79.3,3.2,103.9,7.8,19.9,69.6,65.5,17.4,12.6,376.7,33.9,129.4,54.4,23.6,267.4,83.1,295.9,547.2,3.2,6.6,1.8,2.3,109.8,138.8,281.4,1.9,337.5,252.9,,312.4,39.5,115.7,4039.0
110,2022-02-26,210.5,2.5,22.7,79.6,3.3,104.1,7.9,20.0,71.0,61.8,17.1,12.2,376.2,35.0,110.7,50.7,28.1,265.0,82.8,292.1,548.1,3.1,6.8,1.8,2.3,108.7,117.5,275.0,1.9,339.4,249.3,,283.5,39.3,119.5,3957.400000000001
111,2022-02-27,206.2,2.1,24.0,80.6,3.0,102.4,7.5,19.7,70.6,59.0,17.0,11.4,361.8,30.9,106.3,58.0,28.2,253.1,77.2,285.9,537.3,2.9,6.8,1.7,1.9,108.7,123.4,273.2,1.6,314.2,243.7,,290.9,36.5,111.0,3866.0
112,2020-03-29,160.4,1.8,20.0,65.3,2.2,71.9,1.3,1.6,30.9,41.8,1.1,6.9,203.5,12.7,66.5,45.3,21.9,215.7,67.8,150.4,348.4,2.4,3.4,1.6,1.9,80.1,60.0,131.8,1.1,242.7,206.5,,220.4,16.8,125.7,2635.8
113,2020-03-30,162.7,2.0,20.5,69.4,2.2,67.8,1.4,1.7,30.5,43.1,0.8,6.7,212.0,12.5,68.1,41.9,22.8,218.2,69.3,155.6,345.2,2.5,3.4,1.6,2.1,76.1,62.7,141.4,1.2,244.1,203.2,,220.8,17.3,126.1,2661.1
114,2020-03-31,164.2,1.5,20.9,71.2,2.3,72.6,1.4,1.3,32.4,42.9,0.8,7.1,217.1,13.0,66.7,40.2,23.4,221.6,70.2,158.9,344.3,2.4,3.4,1.6,2.0,77.3,63.6,141.3,1.3,245.2,204.8,,234.8,17.8,128.0,2701.7000000000007
115,2020-04-01,163.7,1.5,20.9,77.4,2.2,73.4,1.4,1.7,30.3,44.9,0.7,7.2,221.5,12.6,66.8,43.5,23.0,220.7,70.3,162.7,353.3,2.4,3.4,1.6,2.0,73.2,63.5,145.1,1.1,243.9,200.5,,241.2,18.2,127.6,2727.6
116,2020-04-02,165.8,1.5,19.7,78.3,2.2,75.7,1.5,1.7,30.3,43.8,0.6,7.2,224.0,12.4,71.3,43.4,23.3,226.7,71.4,165.5,369.8,2.4,3.4,1.5,2.0,72.8,68.0,147.7,1.0,246.5,202.4,,246.2,18.3,131.6,2784.2
117,2020-04-03,165.2,1.4,19.5,76.1,2.2,75.4,1.5,1.8,29.3,43.5,0.6,7.2,229.7,13.3,70.3,43.2,24.0,226.2,71.4,165.4,376.0,2.3,3.6,1.5,2.1,70.7,72.1,149.0,1.3,250.2,194.0,,241.2,18.9,136.8,2791.2000000000003
118,2020-04-04,163.2,1.5,19.8,75.1,2.2,70.8,1.5,1.8,30.0,44.1,0.6,7.2,232.2,12.5,71.2,41.5,24.1,228.8,71.7,165.8,378.0,2.3,3.8,1.6,2.0,70.3,70.5,148.9,1.2,250.6,189.8,,241.3,18.5,138.9,2787.600000000001
119,2020-03-09,187.7,2.2,22.6,67.3,3.3,82.7,7.1,18.6,61.8,58.0,5.3,10.3,323.8,26.4,89.9,48.8,23.6,253.3,80.3,223.3,487.6,2.6,5.7,1.6,2.1,73.1,92.2,198.2,1.3,328.5,220.8,,230.7,31.1,100.0,3379.4999999999995
120,2020-03-10,189.2,2.1,20.7,66.1,2.8,69.6,3.9,12.5,51.5,45.6,5.8,8.8,253.8,19.7,69.1,47.9,23.9,248.6,81.1,195.8,430.1,2.5,5.4,1.6,2.0,72.4,69.5,173.4,1.1,326.4,222.6,,223.1,24.3,101.1,3081.1
121,2020-03-11,192.3,2.0,21.4,65.6,3.3,72.7,5.4,14.1,54.3,53.3,5.4,10.1,286.4,23.4,77.1,46.2,22.8,255.2,82.6,194.5,465.5,2.6,5.5,1.7,2.4,74.9,78.1,170.6,1.4,333.6,234.2,,205.3,26.8,114.5,3213.1000000000004
122,2020-03-12,197.4,2.0,23.3,69.3,3.3,81.3,7.1,17.9,56.9,58.8,5.0,10.4,323.3,24.3,92.6,41.4,22.2,257.9,82.9,202.6,482.4,2.6,5.4,1.7,2.1,75.8,91.1,193.0,1.4,340.6,235.4,,214.0,30.0,123.8,3387.6000000000004
123,2020-03-13,200.0,2.1,23.6,66.9,3.3,77.5,7.4,18.6,59.2,61.1,4.8,10.3,331.2,23.8,100.7,44.4,23.3,259.2,82.5,203.6,482.7,2.7,5.4,1.7,2.2,76.4,92.5,206.4,1.4,341.5,233.4,,207.0,33.2,132.2,3430.5
124,2020-03-14,198.5,2.2,22.8,52.5,3.4,77.6,7.4,18.6,58.3,58.3,5.1,9.9,333.1,25.5,103.4,48.8,18.1,253.5,81.6,199.1,476.3,2.7,5.3,1.7,2.2,78.1,96.0,209.3,1.4,339.2,235.9,,213.3,32.8,129.0,3409.1000000000004
125,2020-03-15,196.1,2.2,22.3,66.8,3.0,80.5,6.8,18.4,62.2,54.9,5.3,9.6,321.0,22.7,95.8,46.2,21.0,239.0,75.6,200.1,466.7,2.4,5.8,1.7,2.1,75.4,89.2,205.8,1.2,311.7,234.4,,214.4,31.3,113.1,3312.3000000000006
126,2021-03-08,210.3,2.3,24.3,88.9,3.3,106.9,7.5,20.0,66.9,65.4,18.6,11.5,383.6,29.2,131.1,50.2,26.9,259.8,84.3,250.6,530.9,2.5,5.3,1.3,2.3,101.8,117.3,257.7,1.2,333.1,267.0,,310.6,36.3,156.3,3973.000000000001
127,2021-03-09,213.0,2.4,24.4,92.0,3.3,108.4,7.8,20.3,66.1,68.1,18.7,12.0,388.2,31.2,135.5,51.3,27.5,265.0,84.8,251.6,537.6,2.4,5.4,1.4,2.3,94.2,131.5,259.1,1.3,343.3,270.3,,327.1,38.3,163.5,4057.6
128,2021-03-10,212.2,2.2,24.2,94.0,3.4,106.8,8.0,20.6,63.8,67.9,18.5,12.2,378.6,31.6,138.5,52.4,27.5,265.8,83.0,252.7,538.3,2.5,6.2,1.6,2.2,100.5,137.2,256.2,1.2,342.7,271.6,,331.9,38.0,158.0,4060.4
129,2021-03-11,211.4,2.3,23.9,95.1,3.1,106.1,6.8,20.4,66.2,69.2,18.5,11.7,382.4,30.2,142.0,50.9,26.9,265.8,76.8,242.5,534.2,2.7,6.0,1.6,2.2,100.5,141.2,255.5,1.0,337.7,273.3,,338.8,37.8,154.6,4047.600000000001
130,2021-03-12,206.7,2.1,26.1,97.4,3.3,107.3,7.4,19.0,66.8,69.0,18.2,11.6,387.6,31.3,124.4,47.0,26.5,262.2,80.2,205.0,529.5,2.5,6.1,1.6,1.9,91.5,121.8,242.0,1.2,336.0,269.6,,301.6,38.1,162.3,3913.1
131,2021-03-13,198.7,2.2,24.7,84.0,3.2,90.6,7.7,20.3,65.9,63.9,17.7,12.0,385.6,31.0,127.1,51.4,22.5,260.4,80.9,194.6,523.2,2.8,6.2,1.7,2.1,84.9,124.9,238.1,1.2,335.8,266.2,,301.7,38.2,142.8,3822.4
132,2021-03-14,209.3,2.2,24.3,86.6,2.9,102.9,7.3,20.1,66.9,63.0,17.0,10.6,372.8,28.1,123.5,49.7,25.3,247.4,76.1,224.6,511.7,2.7,6.1,1.6,2.1,87.0,135.3,239.2,0.9,311.2,263.8,,309.1,35.3,134.4,3808.6
133,2022-06-20,190.3,2.3,28.3,109.6,5.0,86.4,,,73.7,105.0,20.2,12.1,410.5,32.2,181.9,52.6,28.6,195.2,76.0,192.4,517.7,2.6,5.2,1.6,2.4,126.7,257.8,224.2,1.5,314.4,168.0,,442.0,43.4,162.8,4109.9
134,2022-06-21,188.1,2.4,32.0,111.6,4.8,90.4,,,73.2,107.7,17.5,12.1,414.8,32.6,185.7,49.9,30.0,191.1,75.1,200.6,516.5,2.5,5.6,1.9,2.6,133.7,215.7,222.0,1.5,317.3,160.3,,453.2,45.3,174.2,4109.400000000001
135,2022-06-22,186.7,2.4,34.6,120.0,5.3,93.3,,,75.3,112.3,11.6,11.9,409.4,31.1,184.9,43.5,30.7,192.4,74.8,211.1,516.9,2.5,5.3,1.9,2.7,131.7,234.9,226.9,1.5,325.3,163.5,,474.3,47.1,180.7,4184.6
136,2022-06-23,189.7,2.5,35.4,125.7,5.8,95.7,,,77.0,115.5,15.9,12.2,404.8,35.0,206.0,50.3,31.1,197.2,75.0,212.8,509.2,2.4,5.2,1.7,2.8,132.4,270.2,251.3,1.6,337.1,174.6,,490.9,48.8,181.2,4335.3
137,2022-06-24,193.9,2.6,36.8,127.4,6.0,97.6,,,77.6,116.3,19.4,11.8,406.1,35.6,217.0,51.7,31.8,193.3,74.2,215.6,501.5,2.6,5.6,1.7,2.7,125.3,283.3,267.5,1.5,342.6,177.2,,496.6,50.0,178.7,4389.8
138,2022-06-25,189.4,2.5,36.2,125.4,6.2,90.0,,,77.9,116.8,18.2,11.9,412.2,36.4,225.1,53.6,32.4,187.8,71.0,218.0,488.0,2.5,5.7,1.7,2.7,121.6,292.6,281.5,1.3,342.1,170.5,,508.0,51.2,172.2,4389.799999999999
139,2022-06-26,189.1,2.5,35.0,126.9,6.6,98.0,,,76.5,127.7,18.7,10.9,395.3,33.2,225.8,53.6,33.4,178.3,67.4,221.0,474.0,2.4,5.7,1.5,2.6,124.1,310.2,297.5,1.1,323.1,159.8,,511.5,48.7,164.6,4362.8
140,2017-08-07,162.6,2.1,29.7,82.2,5.3,83.7,5.4,15.7,60.5,103.5,7.1,8.9,230.0,23.2,158.6,37.9,24.1,191.9,64.1,148.0,424.7,2.2,5.0,1.1,2.0,77.7,227.7,186.4,1.0,293.6,191.8,,352.6,32.2,153.3,3403.0
141,2017-08-08,161.0,2.1,30.8,80.8,5.6,84.6,6.6,16.5,61.9,109.8,5.2,8.9,262.8,24.8,165.6,36.0,24.0,198.8,64.8,148.0,437.5,2.1,6.3,1.3,2.3,76.4,228.1,185.0,1.1,295.8,181.7,,353.1,36.7,156.6,3469.9999999999995
142,2017-08-09,155.3,2.1,29.4,81.3,5.7,86.1,7.1,17.1,62.3,110.7,5.1,9.0,279.6,25.3,171.3,36.8,22.2,194.8,66.5,148.1,439.9,2.1,5.2,1.3,2.2,80.1,227.6,186.2,1.4,287.1,167.0,,360.5,38.5,156.5,3478.5
143,2017-08-10,158.6,2.0,28.0,73.3,6.0,86.3,7.4,17.1,62.5,112.7,5.4,9.0,283.6,27.1,174.3,37.4,23.6,184.1,66.5,155.0,438.6,2.1,4.4,1.3,2.2,81.5,231.4,189.4,1.2,276.6,169.0,,348.7,37.2,146.6,3457.399999999999
144,2017-08-11,153.8,2.0,25.5,75.2,6.1,88.4,7.4,17.1,63.0,114.2,1.3,9.0,281.7,27.5,184.2,38.4,23.8,184.1,64.7,161.6,439.3,2.0,4.4,1.4,2.2,84.3,238.2,192.5,1.2,297.2,178.4,,347.9,36.0,146.6,3507.8
145,2017-08-12,147.8,2.0,26.2,71.4,5.7,88.2,7.4,17.2,62.6,108.2,1.3,8.4,266.7,27.8,184.4,38.6,22.9,171.6,64.0,160.9,439.2,2.4,4.7,1.3,2.2,81.5,241.1,193.4,1.3,286.0,176.2,,349.7,37.9,135.3,3442.4999999999995
146,2017-08-13,145.6,2.1,25.8,66.2,5.3,90.5,7.0,16.9,63.4,103.4,1.4,8.4,257.0,26.2,181.4,36.7,21.7,164.1,59.6,162.4,433.4,2.3,4.5,1.3,2.0,78.4,238.1,196.4,0.9,251.1,165.3,,350.6,37.1,129.7,3342.0
147,2018-03-19,164.5,2.2,20.9,74.5,3.1,85.0,7.3,16.9,67.8,67.6,13.5,10.3,322.0,24.9,128.2,43.9,24.2,193.1,70.8,177.4,455.1,2.2,5.0,1.4,2.6,80.4,126.1,187.4,1.2,314.0,210.4,,300.1,34.6,143.4,3389.2000000000003
148,2018-03-20,172.5,2.2,23.7,76.2,3.2,85.9,7.5,17.9,65.3,69.7,13.5,11.0,326.2,26.5,130.4,44.0,22.9,200.5,74.9,177.6,463.4,2.4,5.8,1.5,2.1,83.9,122.5,182.9,1.4,314.6,218.7,,306.0,35.2,146.3,3445.8
149,2018-03-21,178.1,2.1,22.6,79.6,3.3,84.3,7.6,17.8,67.1,70.3,13.6,11.0,322.4,26.1,117.7,41.9,24.8,214.4,76.7,176.2,462.1,2.3,5.5,1.5,2.1,90.5,102.6,181.5,1.5,325.0,222.2,,299.2,33.8,150.3,3445.1
150,2018-03-22,181.3,2.0,23.0,81.5,3.1,86.3,7.5,18.0,67.4,69.8,13.3,11.0,326.1,26.1,119.0,42.6,24.3,219.8,76.5,177.3,460.1,2.3,5.4,1.5,2.1,86.8,103.5,185.6,1.4,330.7,223.3,,297.4,36.3,155.9,3475.8
151,2018-03-23,184.2,2.2,21.1,82.1,3.2,86.4,7.5,17.2,68.6,76.1,12.7,11.0,328.2,25.5,124.0,42.8,25.3,229.7,75.9,177.3,455.9,2.2,5.0,1.5,2.0,82.5,116.5,184.9,1.2,333.1,228.1,,303.2,36.0,158.4,3519.1
152,2018-03-24,184.9,2.2,22.2,82.3,3.1,87.6,7.5,17.8,69.6,66.7,12.9,9.6,327.3,26.5,124.8,43.4,24.8,228.0,75.7,177.3,458.3,2.3,5.1,1.5,2.0,84.9,116.9,183.5,1.3,334.9,226.2,,300.0,35.8,161.6,3516.2000000000003
153,2018-03-25,182.6,2.3,21.7,81.2,2.8,84.9,6.9,17.4,65.5,62.9,11.2,9.2,315.7,24.3,118.5,43.8,20.6,218.8,71.4,173.4,451.0,2.2,5.1,1.4,2.0,84.5,114.4,175.6,1.1,308.7,219.6,,292.3,33.1,154.0,3387.2
154,2022-03-21,224.8,2.5,32.0,115.2,3.9,112.4,7.9,20.2,75.6,83.8,16.3,14.7,401.5,29.5,137.3,55.1,32.4,262.0,84.5,260.7,600.5,2.7,6.5,1.7,2.4,111.8,151.7,262.5,1.6,343.9,261.7,,386.3,35.9,165.2,4315.7
155,2022-03-22,217.6,2.5,32.5,117.2,3.9,114.5,7.8,20.4,75.1,83.8,16.2,13.1,400.5,30.2,140.3,51.6,31.9,255.3,87.7,258.4,605.0,2.6,6.6,1.7,2.5,114.2,147.6,265.6,1.7,355.3,265.5,,383.6,36.6,175.5,4333.3
156,2022-03-23,220.7,2.4,33.2,113.2,3.9,115.0,8.0,20.4,75.4,83.6,17.0,13.7,402.9,32.0,142.0,51.2,32.1,261.6,88.1,261.1,601.0,2.6,6.6,1.7,2.4,113.6,153.9,254.3,1.7,357.6,265.7,,377.1,35.6,178.4,4339.000000000001
157,2022-03-24,226.9,2.3,29.4,113.2,4.0,116.8,7.6,20.3,76.5,83.9,15.7,13.2,399.1,32.3,136.5,50.3,30.3,254.4,85.0,258.8,606.2,2.3,6.2,1.8,2.3,114.5,149.6,245.1,1.7,357.5,262.0,,393.1,38.4,178.4,4324.7
158,2022-03-25,223.1,2.4,25.9,114.5,3.9,116.6,7.9,18.6,76.3,85.0,16.1,14.1,409.6,32.4,132.4,53.5,28.6,255.7,84.7,259.1,601.7,2.2,5.9,1.5,2.6,115.4,158.3,231.5,1.7,358.6,254.9,,389.8,38.5,176.4,4308.5
159,2022-03-26,227.8,2.2,24.9,106.5,3.8,114.9,7.9,18.1,77.5,84.9,17.0,13.4,416.0,30.6,139.7,52.0,29.6,257.3,86.3,255.1,601.6,2.3,5.5,1.8,2.3,113.1,126.0,250.8,1.6,362.8,248.4,,359.8,37.2,177.4,4265.3
160,2022-03-27,230.7,2.2,26.6,110.7,3.5,117.2,7.5,18.0,75.6,77.4,17.0,11.4,392.1,28.0,130.7,46.1,31.7,245.2,80.1,253.0,583.0,2.1,6.1,1.5,2.2,112.9,151.5,249.6,1.3,341.2,243.4,,366.8,38.2,174.0,4186.9
161,2016-12-12,121.9,1.9,22.0,54.7,3.3,65.7,6.0,15.6,58.5,55.7,8.0,7.9,269.8,23.8,112.3,36.3,20.1,186.0,59.7,221.6,414.2,2.1,4.5,1.5,1.7,70.3,102.8,193.2,1.6,222.6,141.7,,260.2,32.3,98.4,2903.3
162,2016-12-13,116.6,1.9,21.7,54.8,3.3,65.7,6.3,15.5,56.7,57.8,8.2,8.4,270.2,24.7,117.8,35.5,20.2,155.0,59.9,220.3,413.6,2.1,4.7,1.5,1.7,67.1,104.0,200.1,1.7,200.2,143.4,,266.4,32.8,99.6,2864.9000000000005
163,2016-12-14,127.1,1.8,21.8,58.4,3.4,65.7,6.3,15.5,60.2,58.0,8.2,8.7,266.5,25.8,119.3,35.9,23.6,161.7,59.9,220.5,408.3,2.2,4.7,1.5,1.8,62.3,107.3,201.9,1.5,224.8,143.2,,264.7,32.8,98.4,2909.6
164,2016-12-15,133.5,1.8,21.9,61.2,3.5,67.7,6.3,15.7,58.2,57.6,10.5,8.9,274.0,25.7,118.7,35.8,22.9,167.9,61.0,221.2,418.6,2.2,4.6,1.5,1.8,62.5,107.6,204.1,1.5,239.0,144.1,,270.0,33.6,94.1,2965.1
165,2016-12-16,133.6,2.0,21.7,60.9,3.5,67.2,6.4,15.7,56.7,59.3,10.5,9.0,276.5,24.6,123.1,35.7,21.7,173.5,63.1,222.4,408.5,2.2,4.7,1.6,1.9,65.6,108.1,207.3,1.7,249.9,147.5,,273.1,31.1,94.6,2990.8999999999996
166,2016-12-17,135.4,2.0,21.8,58.7,3.4,65.8,6.4,14.4,57.6,57.1,9.4,9.1,275.4,24.2,122.2,36.8,23.3,176.4,63.6,220.5,412.5,2.2,4.5,1.6,2.1,66.7,106.9,201.8,1.7,254.4,145.8,,270.6,31.9,94.5,2986.7
167,2016-12-18,134.6,2.0,21.4,57.7,3.0,65.5,5.9,15.5,53.2,55.5,10.4,8.0,265.9,23.9,113.0,37.0,21.7,167.5,58.9,221.0,397.4,2.2,4.7,1.3,1.8,68.3,100.7,200.8,1.8,245.6,142.4,,267.3,30.7,88.0,2900.0
168,2023-09-25,208.8,2.9,39.4,112.6,5.6,98.6,,,75.2,118.1,,13.1,379.9,33.8,194.3,43.1,32.7,235.8,80.1,249.4,480.5,2.8,5.8,1.8,2.9,121.5,202.0,281.6,1.3,331.6,220.5,5.6,468.8,44.5,181.9,4351.7
169,2023-09-26,214.0,3.1,42.4,126.4,5.8,100.5,,,76.7,122.4,,13.8,388.4,34.3,210.9,47.9,34.1,233.1,81.9,256.4,481.4,2.8,5.8,1.8,3.0,122.7,233.2,287.6,1.4,341.9,230.9,6.5,490.4,47.1,196.6,4518.0
170,2023-09-27,213.8,3.1,45.5,137.1,5.7,102.5,,,77.9,120.5,,13.1,389.0,35.3,213.5,45.6,33.2,237.0,81.1,261.8,486.6,2.9,5.8,1.8,3.2,124.0,239.1,289.8,1.4,345.8,239.0,5.9,495.5,47.4,210.5,4586.5
171,2023-09-28,218.5,3.0,47.2,142.5,5.4,104.3,,,74.3,112.9,,13.8,373.4,35.2,210.0,46.5,32.7,236.7,77.8,263.8,470.4,2.8,5.7,1.8,3.0,124.1,244.2,288.5,1.4,348.2,239.5,5.0,499.9,47.4,218.4,4572.899999999999
172,2023-09-29,210.5,3.0,48.5,147.3,5.7,106.2,,,74.7,114.7,,13.5,382.2,34.7,209.6,46.4,34.4,221.0,75.9,260.2,478.8,2.5,5.6,1.8,2.9,126.3,256.4,289.7,1.4,344.6,235.2,6.1,505.1,47.0,208.6,4572.700000000001
173,2023-09-30,208.7,3.1,45.6,114.4,5.4,102.5,,,73.3,111.6,,13.0,403.3,34.3,208.9,48.4,30.0,225.5,74.2,258.6,482.8,2.7,5.7,1.8,3.0,119.9,263.2,291.4,1.3,344.0,230.0,6.0,493.2,47.7,179.6,4507.0
174,2023-10-01,204.4,3.0,41.0,117.2,4.9,101.5,,,66.7,102.9,,11.8,399.3,30.6,186.2,48.0,28.4,203.0,67.6,255.3,470.9,2.6,6.0,1.6,2.9,119.5,239.0,287.2,1.0,317.4,239.7,5.3,468.0,44.2,168.5,4317.0
175,2021-05-03,201.3,2.2,25.8,100.5,5.1,90.6,6.1,15.9,57.5,81.9,15.9,11.2,367.0,27.5,144.4,51.6,24.2,211.6,77.9,209.3,490.6,2.5,4.8,1.4,2.1,103.8,151.9,221.2,0.9,343.1,163.9,,352.4,36.1,131.2,3742.1
176,2021-05-04,202.9,2.0,25.0,88.7,4.7,88.0,6.5,16.1,58.8,83.9,15.2,11.3,368.0,27.1,149.8,47.2,23.3,213.7,75.7,220.4,516.7,2.3,5.2,1.4,2.1,88.2,148.0,226.1,0.9,353.6,165.6,,369.3,36.3,123.6,3776.4
177,2021-05-05,200.7,2.3,25.0,86.7,4.1,89.5,6.7,16.0,58.3,84.6,15.4,11.4,370.5,27.2,149.0,47.5,23.5,208.6,75.7,227.6,522.7,2.4,5.8,1.6,2.1,89.2,146.9,227.7,1.1,352.5,162.8,,365.3,35.7,128.6,3784.1
178,2021-05-06,200.4,2.2,24.7,94.5,3.7,87.1,6.6,16.4,56.8,80.5,15.5,11.7,376.5,26.9,134.4,48.9,21.9,208.9,78.6,223.6,520.8,2.5,5.5,1.6,2.2,93.3,146.2,220.9,0.8,353.5,162.0,,357.3,33.7,131.1,3760.6
179,2021-05-07,201.8,2.2,24.8,92.5,3.6,83.5,6.6,16.1,61.1,72.8,18.3,11.4,378.8,26.9,125.3,49.4,23.7,207.7,75.8,219.5,512.9,2.5,5.4,1.5,2.2,89.2,140.1,220.4,1.0,347.1,166.3,,331.5,34.7,136.9,3702.999999999999
180,2021-05-08,201.6,2.3,25.2,95.8,3.6,81.0,6.4,15.9,62.1,74.3,18.3,11.3,380.4,27.4,139.5,49.2,24.7,203.1,72.3,221.6,510.7,2.6,5.5,1.6,2.2,89.5,147.1,228.2,1.0,339.3,166.3,,366.3,34.8,148.9,3769.2
181,2021-05-09,201.3,2.2,27.5,92.5,3.5,76.7,5.6,15.6,59.3,75.6,17.7,10.1,363.7,25.1,132.3,43.8,23.8,198.9,71.0,213.4,496.1,2.4,5.7,1.4,2.2,90.4,136.0,222.4,0.8,316.2,164.1,,351.0,32.7,141.7,3631.3
182,2017-05-22,161.4,1.9,23.6,76.9,5.4,83.1,6.9,17.1,63.9,93.1,10.4,10.1,308.6,25.6,130.8,35.1,22.6,175.1,67.3,178.1,483.1,2.4,3.9,1.3,2.4,85.8,147.9,172.5,1.2,310.9,144.2,,337.3,38.0,146.9,3382.8
183,2017-05-23,162.4,1.9,26.3,76.6,5.7,83.7,7.2,16.9,60.9,97.9,10.2,9.9,325.0,26.6,139.8,37.8,22.2,171.6,68.7,182.9,483.2,2.4,3.6,1.3,2.4,86.2,155.9,199.0,0.8,304.0,150.3,,350.5,39.6,146.1,3467.0999999999995
184,2017-05-24,162.6,2.0,26.1,77.9,6.0,83.9,7.3,17.2,62.2,110.3,10.4,10.5,333.1,27.4,148.0,37.6,23.1,167.2,70.8,183.6,490.4,2.3,3.6,1.4,1.9,88.7,161.6,194.7,1.0,314.7,152.2,,371.1,41.1,152.2,3551.8999999999996
185,2017-05-25,166.6,2.0,24.9,78.1,6.3,82.5,7.2,17.1,65.1,116.0,9.5,10.3,341.6,27.5,156.2,25.0,23.3,175.2,71.6,181.1,481.0,2.4,3.6,1.4,2.0,86.9,167.4,200.0,0.9,314.4,153.9,,387.3,42.1,157.1,3595.5
186,2017-05-26,161.5,1.9,25.5,65.7,6.8,82.7,7.3,17.1,63.0,122.2,9.5,10.4,346.1,26.4,157.9,39.9,20.8,175.7,71.9,182.0,476.1,2.5,3.7,1.4,2.5,87.6,174.8,219.4,0.7,305.0,151.8,,368.2,38.3,149.0,3583.1000000000004
187,2017-05-27,146.5,2.0,27.9,56.4,6.1,72.7,5.8,17.3,62.6,116.8,10.0,10.2,339.7,26.6,158.9,38.9,21.7,150.0,71.4,178.4,469.9,2.3,4.3,1.4,2.3,83.3,175.0,221.7,1.3,302.6,138.6,,315.6,35.3,145.0,3426.3
188,2017-05-28,150.3,2.1,27.4,67.0,5.4,59.7,6.8,17.1,63.4,104.4,10.6,8.2,323.8,24.4,141.8,35.4,21.7,143.7,64.6,161.4,450.8,2.2,4.4,1.2,2.2,79.3,159.0,216.5,1.1,292.9,132.6,,332.8,35.4,141.1,3298.1000000000004
189,2020-10-26,165.1,2.1,23.6,81.8,3.1,77.8,6.4,16.5,57.9,70.1,17.2,9.2,347.0,28.0,130.7,44.7,24.3,136.0,67.9,247.7,407.3,2.7,5.9,1.6,2.3,85.2,113.5,238.1,0.7,285.5,143.8,,290.6,33.8,120.3,3295.6000000000004
190,2020-10-27,171.3,2.2,26.9,80.4,3.1,77.0,7.5,17.9,61.1,68.2,16.8,9.4,351.2,29.1,136.5,47.6,25.5,152.8,70.5,252.5,424.0,2.6,5.8,1.6,2.3,79.8,118.8,241.4,0.9,311.0,153.4,,289.2,27.4,120.8,3394.1
191,2020-10-28,172.2,2.2,29.6,83.2,3.1,78.5,7.7,18.0,62.3,66.6,16.7,9.7,350.8,29.4,133.7,47.3,24.8,163.2,71.5,255.8,428.7,2.9,5.8,1.6,2.4,76.9,116.9,242.4,1.1,315.4,157.3,,285.1,35.4,126.5,3432.3
192,2020-10-29,170.9,2.1,30.9,79.2,3.1,77.0,7.7,18.1,64.0,66.7,17.0,9.4,357.4,29.5,131.3,45.6,25.0,166.9,71.6,259.5,427.6,2.6,5.7,1.6,2.3,76.1,114.3,242.3,1.2,311.5,156.3,,282.9,35.8,137.1,3437.8
193,2020-10-30,175.0,2.2,30.7,80.8,3.1,76.0,7.7,18.4,64.4,65.8,16.7,9.5,355.7,30.0,129.8,45.4,25.4,175.4,72.4,263.1,421.2,2.6,5.8,1.6,2.4,78.3,115.7,241.5,1.3,317.0,158.8,,282.3,36.0,135.3,3454.8000000000006
194,2020-10-31,178.9,2.2,29.6,82.2,3.0,73.7,7.6,18.3,63.2,63.2,17.2,10.4,353.6,29.3,128.0,54.4,27.5,179.3,72.6,262.5,421.2,2.5,5.8,1.5,2.4,85.3,114.7,242.6,1.3,318.2,156.3,,279.1,36.1,142.0,3473.5
195,2020-11-01,177.5,2.0,27.3,83.3,2.7,72.8,6.7,17.5,62.3,59.5,17.3,9.6,337.7,27.2,115.0,46.2,26.4,167.9,67.1,259.2,408.9,2.6,5.6,1.5,2.4,88.3,105.9,236.2,1.1,296.8,149.6,,273.2,31.5,136.4,3332.3999999999996
196,2024-04-15,240.2,2.9,35.4,135.2,4.4,131.4,,,73.8,92.0,,16.5,471.8,27.1,150.0,49.2,41.2,311.2,104.1,257.4,615.3,3.1,6.0,2.0,2.7,129.3,147.6,263.1,1.4,405.9,237.5,,435.7,43.9,230.8,4744.4
197,2024-04-16,244.1,2.4,32.3,134.1,4.5,134.2,,,74.3,94.0,,16.6,478.3,29.7,156.8,49.9,41.7,324.1,108.5,263.1,632.6,3.1,5.7,2.1,2.6,132.8,148.6,271.8,1.6,419.9,244.3,,434.2,44.5,245.2,4854.699999999999
198,2024-04-17,250.2,2.5,29.8,128.1,4.2,136.2,,,71.1,90.1,,17.0,477.0,29.5,155.1,50.4,34.9,328.3,108.7,268.7,639.0,2.8,5.4,1.7,2.0,132.3,155.6,268.4,1.6,431.3,245.5,,410.5,44.8,249.6,4848.400000000001
199,2024-04-18,252.6,2.0,33.6,129.5,4.7,138.9,,,74.0,97.2,,17.2,489.2,32.1,160.7,51.0,39.3,316.7,108.4,273.8,635.0,2.9,5.5,1.5,2.3,139.7,158.5,268.1,1.6,436.7,243.0,,420.5,43.9,246.9,4902.999999999999
200,2024-04-19,253.6,2.0,32.0,130.1,4.8,139.4,,,72.6,104.3,,17.2,491.8,30.8,166.7,48.5,38.7,298.6,108.4,279.0,640.5,2.8,5.6,1.6,2.5,148.5,155.3,260.6,1.3,379.6,239.2,,448.2,38.2,244.0,4859.5
201,2024-04-20,249.9,2.7,28.1,128.8,4.5,138.4,,,73.9,100.5,,14.8,474.3,31.0,164.9,48.7,41.2,276.0,105.9,279.1,629.3,2.8,5.7,1.8,2.0,140.0,151.4,276.9,1.4,415.3,221.4,,458.5,43.5,251.8,4839.200000000001
202,2024-04-21,244.9,2.5,30.6,130.7,4.1,137.4,,,73.3,94.2,,13.7,449.4,29.5,148.9,46.3,42.4,272.6,97.1,276.0,596.8,2.5,5.6,1.7,1.7,131.8,144.4,270.7,1.2,400.1,210.6,,451.2,43.3,243.1,4673.400000000001
203,2017-04-10,166.8,1.9,19.7,60.8,3.6,91.6,6.9,16.8,64.9,75.0,9.3,10.2,320.4,23.9,100.9,47.7,24.4,215.3,75.4,172.4,491.8,2.3,5.2,1.4,2.0,86.8,94.5,164.8,1.1,320.3,177.4,,259.0,32.2,161.7,3315.7999999999997
204,2017-04-11,168.0,2.1,21.1,65.4,3.8,91.6,7.2,16.8,64.0,78.5,9.3,10.7,326.2,144.9,110.3,41.4,24.1,212.8,76.5,176.6,501.8,2.3,5.2,1.5,2.1,82.9,103.5,172.0,1.1,323.8,176.8,,278.0,33.3,160.4,3503.4000000000005
205,2017-04-12,166.3,2.1,24.0,66.7,4.0,91.8,7.2,16.9,64.8,83.7,8.0,10.7,332.6,24.9,113.3,39.5,24.6,215.3,77.2,179.9,498.2,2.1,4.7,1.3,2.2,83.1,110.1,179.5,1.1,327.2,174.0,,309.7,34.4,162.1,3451.0999999999995
206,2017-04-13,168.7,2.1,23.8,69.9,3.9,92.6,6.9,16.9,66.2,86.7,7.8,10.7,341.2,25.1,118.7,40.7,24.6,217.8,72.9,183.7,496.6,2.4,4.8,1.4,2.2,89.0,111.3,179.1,1.9,329.0,174.7,,324.9,34.9,165.3,3506.2000000000003
207,2017-04-14,163.3,2.1,24.0,72.0,4.1,94.6,7.0,17.0,66.5,88.0,9.2,10.2,343.9,24.9,120.2,39.2,25.4,214.8,64.7,184.3,497.4,3.1,4.3,1.3,1.7,83.6,120.4,186.9,1.3,310.5,174.2,,322.2,36.1,159.3,3485.1999999999994
208,2017-04-15,164.9,2.0,21.3,60.3,4.1,94.3,5.5,17.3,64.0,88.0,9.9,10.7,348.6,24.9,120.2,39.2,24.6,215.9,72.0,183.6,495.4,2.5,3.8,1.4,1.9,85.7,120.4,186.9,1.2,313.4,171.9,,322.2,36.1,154.3,3475.9
209,2017-04-16,165.4,2.0,17.3,64.5,4.0,92.6,6.5,17.2,64.1,87.8,9.9,9.6,331.7,23.1,113.3,37.6,23.9,198.0,69.2,180.2,476.7,3.0,3.8,1.4,1.6,82.6,115.4,189.3,1.1,301.1,164.5,,318.4,33.0,143.8,3360.9000000000005
210,2018-08-27,175.4,2.6,31.9,92.4,5.9,71.4,6.8,17.9,62.1,111.7,10.5,8.6,290.3,28.8,178.4,43.6,24.1,178.3,59.2,161.5,393.1,2.2,5.8,1.5,2.3,94.4,249.9,214.9,1.0,302.7,174.6,,328.6,36.0,169.3,3544.9
211,2018-08-28,169.3,2.4,32.7,92.9,5.9,73.5,7.7,18.3,64.1,107.6,11.1,8.6,314.8,30.5,171.0,42.6,22.5,176.1,60.8,163.2,401.2,2.5,5.6,1.4,2.3,90.3,254.1,222.4,1.1,302.0,188.0,,335.8,38.7,176.4,3604.7
212,2018-08-29,177.2,2.2,33.0,96.6,5.9,76.2,5.8,18.6,63.6,106.4,0.0,8.6,307.5,30.2,167.1,42.0,25.0,176.5,62.0,163.0,408.2,2.3,5.4,1.4,2.3,92.6,252.4,214.8,1.1,302.4,200.0,,336.5,39.1,179.7,3612.7999999999993
213,2018-08-30,183.8,2.2,33.8,92.5,5.9,79.8,7.7,18.9,65.0,111.0,11.1,8.6,307.4,29.8,176.9,41.7,22.8,180.1,63.8,165.5,418.0,2.2,5.2,1.5,2.3,95.1,254.0,218.2,0.8,308.1,210.4,,342.9,39.0,175.4,3687.8
214,2018-08-31,181.4,2.5,34.0,90.7,5.9,80.5,7.9,16.7,66.5,116.4,11.3,10.2,310.2,30.5,193.2,42.0,22.8,184.9,65.1,160.3,419.7,2.1,5.3,1.4,2.3,96.9,258.4,230.8,1.2,300.3,213.3,,334.2,37.2,168.6,3711.7999999999993
215,2018-09-01,181.9,2.4,33.9,90.9,5.5,79.8,7.6,18.0,67.5,104.0,10.5,11.3,300.2,29.7,180.9,38.0,22.5,178.0,65.7,155.4,421.8,2.2,5.8,1.4,2.3,88.7,258.5,222.5,1.2,289.0,205.9,,314.5,39.1,167.0,3610.6
216,2018-09-02,180.5,2.5,31.1,88.6,4.6,79.5,7.2,17.9,62.2,91.0,11.2,8.6,278.0,26.6,145.6,39.8,20.3,170.4,61.5,153.3,407.2,2.3,5.1,1.4,2.2,98.4,228.9,210.5,0.8,265.1,204.7,,315.5,34.4,147.9,3411.2000000000003
217,2023-05-22,233.0,2.6,30.9,130.3,6.5,106.6,,,76.0,129.9,,15.0,446.3,30.8,203.4,56.7,32.7,236.5,88.6,256.4,590.0,2.3,4.5,1.8,2.5,118.2,214.4,327.3,1.5,360.7,179.1,4.9,521.7,49.8,201.3,4735.1
218,2023-05-23,233.3,2.6,34.0,106.8,6.9,109.0,,,74.9,135.0,,14.8,453.7,31.4,205.4,57.0,34.0,246.1,91.5,266.8,594.7,2.5,4.6,1.9,2.5,120.1,233.4,330.9,1.5,382.9,193.3,4.3,507.1,48.0,195.2,4799.6
219,2023-05-24,243.0,2.5,32.3,110.7,6.0,107.7,,,76.7,119.1,,15.8,451.1,29.7,175.5,52.1,36.0,242.8,94.6,268.3,600.8,2.4,4.9,1.9,2.6,126.3,180.0,277.0,1.4,384.3,194.7,4.0,453.1,35.2,181.4,4588.799999999999
220,2023-05-25,235.8,2.5,36.3,109.8,5.0,108.9,,,71.1,111.5,,16.0,445.9,24.7,161.6,52.0,30.7,245.8,94.0,262.1,592.7,2.4,5.0,1.8,2.6,120.0,153.8,225.0,1.5,385.4,193.7,5.0,441.6,40.9,189.5,4448.2
221,2023-05-26,237.2,2.6,30.1,103.5,5.0,106.9,,,65.3,103.8,,17.0,439.6,29.3,161.1,54.7,27.3,253.7,92.7,239.2,587.9,2.2,4.9,1.7,2.5,124.2,160.6,195.1,1.5,375.5,195.0,5.0,391.7,43.5,161.6,4294.2
222,2023-05-27,244.2,2.5,31.3,101.9,4.8,97.8,,,71.9,97.4,,15.3,432.4,30.3,143.0,55.2,29.0,259.8,92.1,251.4,586.9,2.4,5.3,1.8,2.4,113.6,158.7,230.7,1.8,369.8,198.2,4.5,371.2,44.3,171.6,4296.900000000001
223,2023-05-28,233.8,2.6,34.0,122.2,4.7,97.9,,,74.3,98.0,,13.6,409.5,26.4,146.8,55.9,32.5,246.6,87.5,230.0,568.1,2.3,5.2,1.8,2.5,116.0,161.2,213.8,1.7,345.2,191.7,4.8,399.3,42.4,172.6,4218.700000000001
224,2024-07-22,188.3,2.9,41.8,161.0,8.1,114.7,,,74.0,148.2,,12.6,412.1,37.9,281.1,54.4,45.4,189.6,76.3,259.2,481.8,1.4,5.4,1.9,3.0,112.9,365.5,340.1,1.3,356.5,193.6,,611.5,50.5,225.0,4931.900000000001
225,2024-07-23,198.0,2.7,46.3,159.0,7.9,105.9,,,74.2,147.2,,12.3,409.2,37.6,283.9,49.8,44.5,192.6,78.8,242.7,485.8,2.5,5.4,2.0,2.9,110.1,360.4,331.8,1.4,373.7,215.3,,605.3,52.0,228.5,4943.0
226,2024-07-24,204.8,2.9,48.9,159.0,8.2,98.7,,,74.7,142.4,,13.2,374.9,40.0,277.6,54.8,43.7,191.4,79.6,235.4,484.7,3.0,5.6,2.0,3.3,114.0,359.2,311.0,1.4,379.7,211.4,,575.5,52.8,231.7,4859.7
227,2024-07-25,205.3,3.0,49.6,164.6,8.3,100.8,,,70.9,144.3,,12.5,379.4,39.3,281.5,55.4,45.7,169.8,74.9,242.1,467.9,2.9,5.4,2.0,3.1,111.5,359.8,303.1,1.3,376.6,203.9,,585.7,53.7,237.6,4835.0
228,2024-07-26,207.5,3.0,51.5,168.6,8.0,97.3,,,73.4,145.3,,13.3,389.3,39.6,279.7,53.0,45.5,170.9,79.5,240.3,465.8,2.8,5.5,2.0,3.0,113.4,358.3,300.8,1.3,377.0,208.9,,588.7,53.4,233.9,4854.299999999999
229,2024-07-27,204.6,3.3,52.8,161.5,7.9,96.6,,,74.1,143.6,,13.9,398.3,39.4,273.9,55.0,42.6,178.4,81.8,235.0,470.2,2.8,5.5,2.1,3.3,111.7,355.9,304.1,1.2,375.8,219.6,,590.6,50.2,227.5,4857.6
230,2024-07-28,209.3,3.3,49.1,168.8,7.4,96.5,,,73.2,141.9,,12.6,383.9,35.4,266.4,51.0,43.3,178.1,71.5,232.9,457.6,2.9,5.5,2.0,3.2,115.7,357.3,302.6,0.9,348.4,232.1,,593.5,50.0,219.4,4788.599999999999
231,2022-04-18,203.2,2.4,21.8,125.0,5.1,124.4,7.6,20.2,78.6,112.6,16.3,14.4,434.5,34.3,157.3,46.4,36.5,209.3,82.5,279.2,613.4,2.5,5.3,1.8,2.1,116.7,164.4,272.4,1.5,317.1,242.3,,425.4,39.6,195.1,4420.0
232,2022-04-19,205.4,2.2,27.7,120.2,5.3,122.4,7.9,19.9,80.0,115.6,16.2,14.7,434.8,35.9,159.0,44.8,35.6,207.2,84.1,282.0,619.8,2.4,5.5,1.9,2.3,118.0,169.0,273.6,1.8,343.7,240.8,,417.2,40.5,196.8,4463.7
233,2022-04-20,201.7,2.0,26.2,100.5,5.4,122.1,7.9,20.5,80.2,116.0,17.3,14.9,433.1,33.9,154.3,44.1,33.7,209.7,87.4,271.8,618.7,2.4,5.5,1.7,2.1,114.0,181.2,269.2,1.7,347.8,239.7,,428.6,38.5,183.5,4426.8
234,2022-04-21,208.4,2.3,30.1,116.2,5.0,121.8,7.9,20.5,80.2,112.2,17.0,15.6,435.1,32.6,155.3,41.3,31.9,230.5,89.6,261.3,599.0,2.6,5.9,1.6,2.3,112.6,170.7,264.3,1.8,363.5,233.1,,438.8,40.4,181.3,4442.5
235,2022-04-22,208.9,2.2,29.2,121.0,4.8,100.0,8.0,20.3,81.2,98.4,18.4,15.3,436.1,32.0,152.7,40.6,31.6,236.1,87.2,259.6,602.8,2.4,5.6,1.6,2.3,111.4,165.9,252.6,1.8,367.9,218.7,,425.8,40.0,184.3,4376.200000000001
236,2022-04-23,208.1,2.2,27.2,112.3,4.7,114.4,6.9,20.2,79.1,104.9,19.5,15.6,433.0,31.9,156.5,39.6,31.2,238.1,80.9,273.4,615.3,2.5,5.7,1.6,2.2,114.3,171.5,257.0,1.5,361.0,219.3,,424.2,41.2,189.8,4416.299999999999
237,2022-04-24,206.1,2.2,27.8,109.6,4.3,115.3,7.5,20.0,76.5,101.7,19.0,13.3,428.6,28.9,156.7,43.4,30.5,225.8,75.3,275.3,583.4,2.5,5.7,1.6,2.1,112.4,164.6,268.5,1.5,331.1,220.0,,396.7,41.3,189.2,4297.299999999999
238,2020-09-21,147.1,2.1,33.4,102.9,6.1,82.7,7.0,17.7,62.2,123.9,16.9,9.0,305.3,31.6,212.9,47.4,25.0,136.1,60.2,219.8,369.6,2.7,5.8,1.7,2.4,86.1,275.9,263.0,1.0,271.1,143.0,,476.3,43.0,160.6,3758.9
239,2020-09-22,157.3,2.2,30.8,92.2,6.2,78.6,7.3,17.8,63.4,125.2,17.9,9.2,314.7,32.1,211.1,47.7,26.9,145.5,62.2,213.3,382.8,2.7,5.8,1.7,2.3,92.1,266.3,267.3,1.1,291.3,153.2,,439.1,43.7,156.4,3775.2
240,2020-09-23,165.9,2.1,30.8,85.4,5.9,81.1,7.3,17.3,64.3,122.2,17.6,9.7,311.8,31.4,203.2,49.4,27.5,151.9,64.1,196.1,375.9,2.6,5.9,1.7,2.4,96.7,256.0,267.7,1.2,307.9,157.7,,395.2,41.1,155.8,3721.2
241,2020-09-24,174.4,2.2,30.6,82.4,5.5,82.8,7.1,18.8,64.5,119.3,17.5,9.4,314.5,32.4,198.1,48.9,28.0,163.3,65.7,194.4,385.7,2.7,5.8,1.6,2.3,98.0,254.1,266.3,1.0,321.9,171.8,,349.7,39.8,163.0,3731.9
242,2020-09-25,175.3,2.2,30.8,80.8,5.5,87.5,7.3,17.9,64.8,116.6,16.7,9.5,332.3,32.4,199.1,46.4,26.0,166.5,66.7,203.3,385.0,2.6,5.2,1.6,2.3,94.5,240.1,267.3,1.2,315.3,175.3,,376.2,40.9,162.6,3765.9
243,2020-09-26,146.9,2.3,30.1,88.5,5.0,88.5,7.3,18.0,65.0,106.0,17.2,9.3,325.9,30.4,190.1,46.3,26.8,148.8,66.3,204.6,379.8,2.6,4.8,1.6,2.3,93.4,232.0,254.7,1.2,306.8,132.7,,397.5,40.7,157.4,3638.6
244,2020-09-27,147.6,2.1,30.1,94.9,4.4,89.7,6.8,17.8,65.7,96.6,18.9,8.5,317.6,27.2,170.4,46.5,28.7,143.3,61.4,201.7,376.2,2.5,5.6,1.5,2.3,94.2,219.7,237.5,1.0,279.4,134.4,,395.5,36.6,151.6,3526.1
245,2023-03-27,218.6,2.6,26.4,96.9,3.2,107.9,,,76.1,69.6,,14.4,403.3,33.1,118.7,57.5,29.4,290.5,89.4,225.2,561.2,2.3,6.2,1.7,2.1,117.2,122.6,221.4,1.5,349.3,277.1,,309.0,37.4,164.2,4107.5
246,2023-03-28,225.3,2.5,27.6,100.4,3.3,111.5,,,75.5,67.5,,13.0,409.0,33.2,123.4,57.7,30.5,296.5,91.8,230.8,573.0,2.6,5.5,1.7,2.2,120.4,124.9,226.7,1.6,367.9,288.6,,318.4,38.5,178.0,4222.200000000001
247,2023-03-29,229.3,2.4,27.4,101.6,3.5,117.7,,,76.6,73.8,,13.2,404.8,34.0,124.9,57.5,30.6,300.5,93.1,235.4,571.1,2.7,5.6,1.8,2.2,116.2,127.4,227.4,1.7,372.2,285.9,,325.7,38.6,187.7,4265.0
248,2023-03-30,229.4,2.4,28.7,100.7,3.3,114.6,,,74.4,70.2,,13.1,401.6,33.4,113.3,56.8,25.8,297.1,91.0,231.2,570.6,2.8,5.6,1.8,2.2,108.8,121.8,209.3,1.7,370.0,297.3,,309.8,36.2,186.4,4183.4
249,2023-03-31,226.3,2.8,28.9,93.6,3.4,105.8,,,73.5,69.7,,12.4,390.3,33.6,106.7,56.4,27.5,295.3,90.6,217.5,562.6,2.6,5.7,1.7,2.2,105.5,121.0,188.9,1.6,369.2,296.4,,272.3,34.5,161.0,4029.6
250,2023-04-01,220.4,2.3,26.9,86.9,3.2,101.0,,,66.6,66.3,,14.2,389.2,31.5,108.3,55.0,24.8,288.9,89.6,219.8,545.3,2.7,5.6,1.8,1.8,97.6,116.9,198.1,1.5,365.5,287.7,,273.9,35.5,133.4,3931.2
251,2023-04-02,211.5,2.3,23.2,93.2,2.9,111.3,,,70.8,64.0,,11.4,379.6,28.3,98.2,55.5,28.8,271.0,82.6,226.1,540.7,2.6,5.2,1.6,1.9,109.4,112.9,200.5,1.2,333.9,279.1,,286.8,33.6,131.1,3870.2
252,2018-03-05,176.0,2.2,22.4,72.9,3.0,78.2,7.3,17.3,66.0,60.7,9.6,10.1,313.4,25.7,122.3,41.6,23.4,224.1,74.9,187.1,450.5,2.3,5.5,1.3,1.9,81.5,119.1,186.8,1.5,310.7,212.1,,270.4,33.0,136.3,3358.2000000000003
253,2018-03-06,178.1,1.3,19.1,68.1,3.1,80.3,7.4,17.7,67.7,61.9,9.7,10.1,317.3,25.4,126.5,43.6,23.5,229.6,76.9,188.8,461.9,2.0,5.0,1.4,2.0,80.2,125.5,194.1,1.6,318.9,217.9,,274.8,34.0,136.9,3419.5000000000005
254,2018-03-07,173.8,2.0,22.7,70.4,3.1,81.9,7.6,17.8,65.2,62.8,9.8,10.1,317.3,25.7,129.2,43.9,24.1,227.3,77.4,188.1,458.6,2.3,5.1,1.4,1.9,77.7,125.9,205.4,1.6,320.0,218.9,,282.6,34.6,137.1,3440.4999999999995
255,2018-03-08,180.8,1.8,22.2,72.2,3.0,81.8,7.6,17.8,66.9,64.1,8.5,10.2,322.2,25.9,123.4,45.0,23.5,226.9,77.5,180.9,462.7,2.3,5.1,1.5,2.2,77.9,127.6,209.8,1.6,322.4,217.4,,276.2,33.9,146.7,3456.7000000000003
256,2018-03-09,179.0,2.0,22.4,73.4,3.1,83.0,7.4,17.7,66.3,65.2,9.1,9.9,322.9,26.5,128.4,44.1,23.1,236.0,77.7,183.8,453.3,2.3,5.1,1.4,2.1,77.3,126.3,208.4,1.3,317.0,220.2,,272.2,35.1,144.6,3454.9999999999995
257,2018-03-10,179.6,2.0,22.0,71.5,3.0,81.2,7.5,17.6,66.7,61.2,9.9,10.0,321.5,26.5,128.5,42.3,21.8,234.8,77.1,186.7,458.4,2.4,5.1,1.5,2.1,77.0,133.0,204.1,1.7,307.3,216.2,,269.3,33.9,143.7,3433.7999999999997
258,2018-03-11,171.7,2.0,19.6,73.3,2.8,81.4,7.1,17.5,68.3,59.9,10.7,9.1,308.6,24.8,130.0,42.3,20.6,219.1,69.6,184.1,440.1,2.2,5.0,1.5,2.4,76.6,130.9,198.3,1.1,288.9,211.4,,289.7,32.4,137.3,3347.0
259,2019-02-25,190.1,1.9,23.7,72.5,3.3,82.4,6.7,18.2,61.3,61.4,13.9,10.9,326.2,28.6,117.4,46.7,17.4,235.1,75.2,226.5,439.4,2.7,6.5,1.9,2.1,76.4,101.8,232.4,1.2,318.5,217.3,,261.4,35.9,111.8,3436.3
260,2019-02-26,194.2,2.2,22.8,73.0,3.3,89.8,6.9,18.4,61.3,64.1,14.3,10.9,319.2,29.8,117.4,47.3,21.1,234.5,77.1,223.9,433.9,2.1,6.6,1.7,2.1,75.0,100.3,228.8,1.3,327.6,218.5,,259.6,36.2,112.5,3445.3999999999996
261,2019-02-27,199.6,2.2,22.4,62.3,3.5,92.1,7.2,18.5,64.1,66.1,14.0,10.9,314.6,30.8,117.2,48.2,21.1,237.7,78.2,212.0,432.9,2.7,6.4,1.7,2.1,77.4,101.6,222.5,1.6,332.8,219.5,,241.9,37.0,109.7,3420.3999999999996
262,2019-02-28,196.8,2.3,19.8,63.8,3.5,92.1,7.2,18.5,63.7,66.1,14.0,10.9,314.6,30.8,117.2,48.2,20.7,246.3,77.8,212.0,432.9,2.7,6.6,1.8,2.0,75.9,101.6,222.5,1.2,335.5,215.5,,241.9,37.0,109.3,3420.8000000000006
263,2019-03-01,192.9,2.1,22.9,69.1,3.4,92.3,7.1,17.7,62.5,65.4,5.4,9.7,322.6,29.5,123.7,50.5,21.0,251.6,77.0,222.6,420.9,2.5,6.7,1.8,2.1,75.3,106.8,231.3,1.4,340.9,218.9,,268.0,37.0,115.4,3486.1
264,2019-03-02,190.8,2.1,23.6,70.7,3.4,92.3,7.2,17.3,64.4,63.0,4.3,10.0,322.6,30.4,111.9,48.8,23.3,247.3,77.6,223.5,431.1,2.7,6.8,1.8,2.2,86.2,105.9,223.6,1.5,334.6,214.6,,258.0,36.8,113.0,3461.1000000000004
265,2019-03-03,189.7,2.1,22.3,71.3,2.9,90.0,7.0,18.0,62.7,60.2,4.2,10.0,319.7,26.9,95.0,46.0,22.9,222.6,71.5,203.8,419.7,2.4,6.4,1.5,2.1,86.8,93.1,212.0,1.3,312.9,218.4,,230.0,31.7,109.4,3283.9
266,2024-09-09,191.1,3.0,47.9,158.0,7.0,117.7,,,75.7,120.9,,12.4,392.5,35.7,208.1,53.2,43.4,210.1,81.9,258.5,518.7,3.0,4.8,2.2,2.9,108.6,299.4,277.0,1.3,355.8,202.4,,533.6,51.7,223.5,4677.0
267,2024-09-10,201.9,3.5,50.5,156.7,6.5,96.9,,,73.2,123.5,,13.2,401.3,34.7,214.3,52.4,43.5,218.7,83.6,245.4,531.5,3.1,4.8,2.3,3.7,114.3,271.1,286.9,1.4,371.1,215.9,,532.9,51.5,227.6,4713.400000000001
268,2024-09-11,215.4,1.9,44.5,156.7,6.8,100.0,,,74.3,121.3,,13.2,395.6,36.6,216.4,52.6,44.0,224.5,84.1,205.4,530.9,2.8,4.6,2.0,2.4,120.5,294.8,279.6,1.2,387.1,237.4,,449.7,51.7,231.7,4663.999999999999
269,2024-09-12,226.7,3.1,48.5,155.0,6.8,108.3,,,75.4,112.5,,13.6,403.8,37.1,207.5,53.3,46.1,232.9,84.9,198.3,512.5,2.6,4.5,2.2,3.0,122.3,310.8,271.5,1.2,387.9,256.5,,374.1,45.8,238.0,4622.700000000001
270,2024-09-13,230.7,3.2,49.4,164.3,5.9,114.4,,,74.7,99.0,,14.0,411.2,36.6,180.8,52.7,45.1,252.1,85.7,218.9,518.3,2.7,4.5,2.2,3.1,116.3,295.6,279.8,1.3,388.2,266.8,,385.4,38.3,221.2,4638.9
271,2024-09-14,230.3,4.4,49.0,130.2,5.4,116.1,,,69.7,96.9,,13.7,413.1,35.6,185.3,49.5,36.0,248.6,80.8,230.7,520.6,1.4,4.6,2.2,3.2,113.0,309.6,287.5,1.3,397.0,270.0,,426.9,40.3,168.6,4618.000000000001
272,2024-09-15,230.9,3.2,46.7,125.7,4.7,119.2,,,64.2,99.6,,13.5,404.7,31.8,183.3,51.7,26.8,229.6,72.5,235.6,508.3,2.6,4.6,2.1,3.1,106.9,306.8,287.3,1.0,362.2,274.3,,446.5,40.0,143.8,4509.0
273,2023-12-25,196.9,2.7,25.9,87.0,3.7,97.2,,,72.6,71.1,,12.2,390.9,36.4,141.2,61.7,33.0,254.0,75.2,324.5,535.5,3.1,6.2,1.9,2.2,89.9,139.6,317.7,1.7,288.4,223.6,3.8,327.9,42.0,126.7,4067.599999999999
274,2023-12-26,198.8,3.0,26.4,88.6,4.0,96.4,,,72.5,73.8,,13.2,396.1,37.8,147.1,61.1,31.9,265.9,81.2,323.7,555.1,3.2,6.2,1.8,2.2,98.7,139.0,325.2,1.8,308.6,228.6,3.9,317.7,42.9,132.3,4160.8
275,2023-12-27,202.8,3.1,26.3,89.6,4.1,97.2,,,72.1,76.7,,13.4,391.4,38.2,147.3,60.5,31.5,263.6,82.8,328.2,557.8,3.2,6.3,2.1,2.4,105.2,139.9,321.7,1.7,320.7,231.7,3.9,326.2,42.8,136.5,4203.1
276,2023-12-28,205.1,3.0,26.5,88.4,4.1,97.6,,,72.8,76.5,,13.4,401.6,37.9,145.5,61.5,30.3,266.1,84.4,327.1,556.0,3.1,6.2,2.1,2.4,107.2,139.3,322.8,1.7,326.4,231.1,3.8,334.1,42.3,137.1,4229.900000000001
277,2023-12-29,205.2,2.9,26.6,89.8,4.2,97.1,,,73.0,80.0,,13.6,399.7,38.4,146.7,61.2,31.2,269.0,85.7,329.6,561.5,3.1,6.1,2.0,2.4,106.2,142.5,319.0,1.7,325.4,234.5,3.9,345.3,41.1,136.1,4258.1
278,2023-12-30,205.3,2.9,26.6,89.9,3.9,98.6,,,72.1,75.2,,13.8,400.1,37.8,145.6,60.5,31.9,269.2,84.8,327.4,554.5,3.0,6.3,2.1,2.4,99.6,145.1,318.5,1.8,319.3,231.8,4.0,346.5,42.9,134.6,4231.1
279,2023-12-31,202.0,2.6,25.6,93.7,4.2,98.9,,,73.0,73.0,,12.7,389.4,34.8,134.7,63.5,32.7,254.0,77.3,323.6,526.6,3.2,6.5,2.1,2.4,100.4,144.5,311.3,1.5,298.8,226.0,3.9,342.7,41.4,125.7,4102.0
280,2024-06-10,201.3,3.1,44.0,162.0,7.2,117.6,,,78.4,150.4,,13.3,487.4,37.8,252.8,54.2,50.4,184.9,80.9,271.2,517.7,3.4,5.5,1.9,3.2,141.1,253.3,352.5,1.5,337.8,191.1,,625.9,57.6,258.6,5019.8
281,2024-06-11,208.6,2.9,45.8,160.4,7.9,120.9,,,78.1,154.1,,14.4,488.9,40.7,263.2,56.4,50.3,193.3,82.7,274.7,530.1,3.4,6.0,1.8,3.3,139.9,261.1,358.0,1.5,361.5,191.6,,644.2,59.5,254.9,5135.099999999999
282,2024-06-12,209.7,3.1,45.0,166.4,8.2,115.8,,,77.3,157.3,,14.4,488.3,40.8,268.4,55.4,50.2,184.5,83.4,272.1,536.3,3.4,6.0,1.8,3.2,134.5,275.0,363.4,1.5,364.5,190.0,,653.5,59.8,246.9,5155.0
283,2024-06-13,208.4,3.2,42.1,163.5,8.6,120.8,,,78.4,163.5,,13.8,499.1,40.4,273.4,52.7,49.2,184.0,84.3,269.5,539.0,3.3,5.8,1.8,3.0,132.8,277.2,365.9,1.6,369.1,195.6,,655.6,61.6,240.7,5182.700000000001
284,2024-06-14,205.5,3.0,40.0,160.8,8.6,120.4,,,77.8,164.8,,14.1,495.7,40.3,271.9,56.1,50.3,201.0,85.5,277.0,541.4,3.2,6.0,1.9,2.9,129.5,287.5,363.2,1.6,374.9,198.0,,650.1,62.1,251.2,5219.3
285,2024-06-15,211.6,2.9,37.8,156.7,8.5,117.9,,,77.5,158.0,,14.3,495.1,39.9,272.9,55.7,47.8,205.2,86.8,276.2,541.1,3.3,5.2,1.7,3.0,134.6,323.0,360.5,1.4,368.5,200.1,,652.8,61.4,250.2,5246.599999999999
286,2024-06-16,214.4,2.7,34.3,155.2,8.1,115.8,,,76.1,154.8,,13.0,481.2,37.9,268.0,58.4,47.4,200.1,80.7,270.8,524.9,3.2,5.1,1.6,2.7,125.0,325.7,361.6,1.1,353.3,201.0,,650.5,57.6,231.6,5138.700000000001
287,2021-12-27,175.3,2.3,24.3,80.5,3.9,84.1,6.8,19.3,66.7,67.5,17.6,11.6,360.5,34.7,115.8,60.8,30.4,199.9,72.2,300.2,481.0,3.6,7.2,1.8,2.6,108.0,121.0,257.4,1.9,287.4,191.4,,305.5,41.4,110.5,3661.9
288,2021-12-28,178.4,2.3,24.8,77.2,3.9,76.2,7.0,19.4,66.6,70.7,17.7,11.9,341.7,34.9,128.2,60.0,28.6,204.3,72.6,242.0,483.7,3.2,7.4,1.9,2.5,98.8,125.8,247.9,1.9,289.4,196.0,,297.3,43.1,113.4,3587.9
289,2021-12-29,179.3,2.3,25.1,66.2,3.9,63.7,7.0,19.2,63.9,70.1,17.0,12.0,338.1,35.7,130.0,60.6,25.4,206.6,72.8,241.3,472.5,3.1,7.8,2.0,2.6,101.5,127.4,256.4,1.8,297.1,196.9,,278.2,41.6,113.4,3549.8
290,2021-12-30,174.9,2.3,24.8,74.4,3.9,72.3,6.9,19.4,68.8,69.5,17.1,12.5,341.9,35.5,129.1,62.0,29.7,207.5,72.8,253.1,472.7,3.2,7.6,2.1,2.6,104.0,129.0,257.9,1.8,295.2,200.1,,302.7,42.6,112.7,3619.8
291,2021-12-31,175.6,2.4,25.1,81.5,4.0,76.4,6.9,19.0,68.7,74.0,17.5,12.4,348.9,36.1,129.4,58.4,30.2,208.1,74.9,260.8,464.6,3.5,7.6,1.9,2.4,106.9,132.1,265.1,1.8,273.4,203.6,,315.8,42.0,113.9,3651.8
292,2022-01-01,170.7,2.4,23.7,82.8,3.8,76.1,6.0,17.6,66.3,70.5,15.5,11.9,346.5,35.3,127.4,60.4,27.4,201.0,74.9,266.4,458.7,3.3,7.1,1.9,2.3,99.7,131.6,267.5,1.5,253.9,197.8,,318.2,40.2,108.1,3584.899999999999
293,2022-01-02,169.7,2.5,22.8,81.9,3.4,76.0,6.0,18.2,66.6,66.3,17.6,11.5,339.3,32.3,117.1,60.3,28.3,191.2,69.1,264.1,467.6,3.4,6.8,1.9,2.4,106.9,119.2,258.1,1.4,228.5,194.1,,297.8,38.0,102.3,3478.8
294,2020-04-12,154.9,1.5,19.2,82.8,2.4,78.2,1.9,2.2,28.9,52.4,0.7,7.1,249.5,12.1,79.7,40.7,22.7,198.4,67.9,177.2,392.2,2.1,3.9,1.5,2.3,72.8,78.2,159.5,0.9,228.2,167.8,,271.0,20.1,130.3,2815.7000000000003
295,2020-04-13,158.7,1.6,21.7,88.8,2.6,78.3,2.1,2.4,30.8,56.4,0.8,7.7,260.7,13.1,83.4,40.4,24.8,206.6,70.8,179.9,391.7,2.0,4.2,1.6,2.3,74.8,82.0,162.7,1.2,239.1,164.6,,282.3,21.3,143.3,2909.4000000000005
296,2020-04-14,160.9,1.7,21.3,91.6,2.7,78.9,1.9,2.4,32.6,60.8,0.8,7.7,263.5,12.8,88.5,43.2,23.5,208.4,70.8,180.8,392.2,2.4,4.2,1.7,2.2,78.5,88.1,168.6,1.2,243.8,167.4,,290.0,21.1,151.4,2972.3999999999996
297,2020-04-15,163.0,1.2,16.4,70.3,2.9,77.5,2.2,2.4,31.1,62.8,1.3,7.9,261.7,13.3,91.5,40.7,21.8,217.0,70.6,180.7,395.0,1.9,3.6,1.3,1.7,77.8,84.5,170.4,1.3,248.2,159.7,,289.0,22.1,137.6,2935.3
298,2020-04-16,165.0,1.3,15.9,82.7,3.0,78.3,2.3,2.5,31.0,63.0,1.6,8.2,264.5,14.0,91.8,42.9,23.5,219.8,69.5,182.2,402.2,1.8,3.7,1.6,1.9,76.2,85.4,169.7,1.2,252.5,157.8,,293.3,22.5,127.2,2965.1
299,2020-04-17,166.6,1.4,15.2,82.9,2.9,83.4,2.4,2.6,30.8,65.2,1.0,8.1,269.0,14.1,89.2,39.7,24.6,219.0,71.0,188.7,401.9,1.9,3.6,1.6,2.0,77.9,83.3,169.2,1.2,254.9,157.7,,290.0,22.9,130.9,2982.0
300,2020-04-18,171.0,1.4,14.9,81.0,2.6,79.5,2.5,2.7,31.0,62.1,1.3,8.1,263.7,11.8,83.5,42.4,24.4,204.4,72.1,182.1,400.2,2.0,3.8,1.3,2.0,69.4,67.8,170.4,1.1,259.0,152.7,,280.4,21.6,125.8,2905.5
301,2024-07-08,210.8,2.4,41.7,139.1,7.0,127.3,,,73.2,119.6,,13.8,421.1,36.3,236.8,54.0,44.4,227.0,76.6,240.8,525.3,2.7,5.8,1.7,3.0,129.9,307.7,289.6,1.5,357.4,224.3,,467.2,39.6,223.2,4724.7
302,2024-07-09,208.5,2.3,42.6,143.6,7.7,131.0,,,73.4,125.7,,12.6,419.0,39.4,255.6,52.1,46.1,227.9,76.4,254.1,514.0,2.8,6.0,1.8,3.1,134.0,322.2,295.4,1.5,372.5,229.2,,523.0,46.3,232.9,4876.599999999999
303,2024-07-10,216.2,2.6,40.4,138.8,7.9,132.5,,,74.9,132.5,,12.5,402.7,40.3,271.1,54.9,46.5,232.9,78.0,263.8,518.2,2.9,6.1,2.0,3.0,124.1,324.6,316.5,1.3,378.6,235.3,,534.9,50.3,239.7,4961.799999999999
304,2024-07-11,218.1,2.7,40.4,128.6,8.4,137.1,,,75.4,144.9,,13.1,414.0,40.1,288.1,54.3,45.1,235.3,81.7,257.6,516.1,2.8,5.9,2.0,3.1,137.1,334.4,317.9,1.3,375.9,249.4,,540.8,52.5,242.7,5043.7
305,2024-07-12,219.6,2.8,43.0,124.3,7.6,133.3,,,75.1,140.5,,13.0,413.9,39.1,275.5,49.8,42.1,241.6,80.8,254.4,514.5,2.8,5.7,1.9,3.2,129.0,320.8,295.0,1.3,368.7,249.0,,540.3,51.9,211.5,4928.099999999999
306,2024-07-13,200.0,2.9,44.7,140.6,7.1,122.8,,,73.8,131.1,,12.7,416.0,38.8,268.1,51.3,44.8,222.4,76.7,255.1,500.3,3.0,5.9,2.2,3.3,118.4,325.8,296.3,1.2,347.6,234.9,,538.0,51.5,223.3,4835.400000000001
307,2024-07-14,192.3,2.9,43.9,144.0,7.2,120.9,,,73.2,131.4,,10.7,405.3,36.3,264.0,53.7,43.2,189.8,69.0,256.6,485.6,2.9,5.7,1.8,3.2,115.2,346.2,298.8,0.9,316.7,224.5,,552.8,49.7,222.2,4744.5
308,2017-07-17,136.7,1.5,28.0,84.3,7.2,74.4,6.6,16.2,66.4,112.1,10.3,8.0,230.7,27.1,193.1,36.0,22.4,169.2,64.3,153.9,374.7,1.8,4.2,1.2,1.8,80.8,239.3,189.0,1.0,291.6,138.7,,366.6,37.7,153.5,3337.4999999999995
309,2017-07-18,131.6,1.8,32.4,81.4,6.4,70.0,6.6,16.1,65.5,114.5,10.7,8.0,238.8,25.6,191.5,36.6,23.5,167.6,62.2,154.8,374.1,1.6,3.7,1.2,1.9,80.8,224.8,183.7,1.3,295.8,141.0,,356.1,35.8,159.4,3314.2000000000007
310,2017-07-19,133.4,1.8,27.1,75.4,6.7,73.9,6.9,16.4,65.2,121.9,10.6,7.6,244.0,23.2,200.3,37.2,23.6,158.6,59.8,152.6,370.4,1.9,4.2,1.3,1.9,80.6,237.8,184.9,1.6,300.8,139.8,,360.0,36.8,154.5,3329.7000000000003
311,2017-07-20,139.3,1.9,28.3,75.2,6.4,75.1,7.0,16.6,62.4,114.6,9.6,8.3,248.1,26.2,185.7,39.2,21.1,154.3,58.5,148.4,362.5,1.9,4.3,1.3,1.8,77.1,235.1,184.2,1.0,302.8,147.9,,366.8,34.6,148.0,3302.9
312,2017-07-21,155.6,2.0,29.9,73.6,6.4,78.9,7.0,16.6,66.0,116.4,10.8,8.3,247.6,27.7,195.4,39.9,22.8,163.9,60.2,144.3,355.8,1.9,4.6,1.3,1.8,80.1,238.7,179.0,1.3,315.3,164.6,,362.6,38.1,143.1,3369.1
313,2017-07-22,159.6,2.1,30.6,77.5,5.9,81.5,6.9,16.6,62.6,109.2,10.1,8.3,229.0,27.1,192.9,39.3,21.7,167.1,62.4,141.3,357.3,1.9,4.7,1.4,2.1,80.7,242.6,169.6,2.0,315.1,169.5,,344.5,39.6,135.4,3325.6000000000004
314,2017-07-23,162.6,2.0,26.0,75.7,6.4,79.0,6.3,16.1,62.6,99.5,9.8,8.0,212.0,25.1,177.0,38.0,20.9,162.2,59.1,138.2,352.4,1.9,4.6,1.3,2.1,74.9,236.1,154.4,1.8,303.1,173.9,,349.4,37.6,125.9,3213.1
315,2022-08-22,221.3,2.6,45.3,134.2,7.0,97.6,,,73.7,128.2,18.3,12.1,314.2,30.0,239.1,52.7,31.3,195.7,72.5,157.7,465.5,2.7,5.8,1.8,2.7,126.8,320.1,233.8,1.6,316.7,226.9,,492.9,48.2,187.9,4303.5
316,2022-08-23,229.4,2.5,43.1,129.7,7.3,105.8,,,75.0,126.3,18.6,12.5,320.0,30.6,236.8,53.7,32.3,202.3,70.5,175.3,478.8,2.7,5.7,1.7,2.8,128.5,322.3,206.8,1.6,324.7,232.1,,498.3,49.3,182.2,4346.099999999999
317,2022-08-24,219.7,2.7,46.8,126.3,7.1,106.6,,,73.6,122.6,18.4,11.6,308.3,32.6,234.7,48.9,32.4,208.4,69.5,196.4,491.0,2.8,5.9,1.8,2.9,123.1,306.8,213.9,1.6,324.0,233.8,,480.1,46.7,172.9,4311.099999999999
318,2022-08-25,208.8,2.5,45.5,123.8,6.9,98.5,,,74.4,121.5,19.0,13.6,311.8,32.8,230.5,49.7,30.3,204.2,70.5,201.4,501.2,2.7,6.0,1.7,2.8,121.7,292.1,221.2,1.7,319.1,223.5,,485.8,49.0,178.4,4289.699999999999
319,2022-08-26,200.6,2.7,47.1,132.0,7.1,106.3,,,74.7,125.9,18.9,12.7,326.2,33.0,237.1,51.9,31.7,218.4,71.9,210.9,506.9,2.8,6.1,1.7,2.7,124.2,300.0,235.4,1.7,306.9,225.5,,498.2,50.3,191.5,4400.3
320,2022-08-27,200.3,2.5,43.5,132.4,6.8,107.7,,,75.7,122.8,18.9,12.6,332.8,34.0,240.8,50.5,32.9,199.8,70.8,215.4,507.3,2.7,6.4,1.7,2.7,123.6,290.2,238.9,1.5,288.7,220.7,,508.4,49.1,193.7,4372.8
321,2022-08-28,192.1,2.3,38.8,117.8,6.2,109.1,,,72.3,116.5,18.9,11.3,336.2,31.2,231.9,52.5,32.1,165.5,65.3,211.9,508.4,2.6,6.3,1.6,2.6,126.6,290.5,249.0,1.2,262.8,215.6,,491.3,46.8,176.8,4229.6
322,2018-01-22,163.9,2.0,22.8,79.6,3.4,73.5,7.2,17.7,70.4,65.0,10.5,9.3,303.0,27.2,123.1,44.4,24.6,205.8,66.3,220.9,422.3,2.7,6.2,1.8,1.9,74.6,111.4,207.1,1.2,281.1,177.4,,300.1,38.3,105.0,3278.1
323,2018-01-23,165.4,2.0,23.1,74.5,3.8,72.5,7.4,18.5,70.1,65.3,10.4,9.3,303.2,28.2,111.8,43.5,24.9,210.3,67.0,218.2,425.7,2.7,6.0,1.7,2.0,75.0,100.4,209.5,1.1,291.3,179.7,,277.6,35.8,110.1,3254.5
324,2018-01-24,167.7,1.9,23.1,69.5,3.7,73.0,7.4,16.9,70.9,68.6,10.3,9.3,298.0,27.6,111.6,43.8,22.3,210.2,66.8,216.4,416.1,2.7,5.4,1.7,2.0,74.9,100.6,211.3,1.6,293.0,179.9,,267.6,35.7,111.9,3230.0999999999995
325,2018-01-25,167.6,1.9,22.6,66.5,3.6,73.5,7.0,17.8,69.2,68.2,10.1,9.3,298.1,27.6,115.6,44.8,22.7,203.6,67.6,214.9,418.3,2.6,5.8,1.8,1.8,74.9,96.9,214.8,1.4,289.1,181.3,,291.1,37.5,110.9,3247.1000000000004
326,2018-01-26,165.5,1.9,22.1,74.2,3.4,72.1,4.8,14.6,68.9,57.7,10.3,9.3,281.7,24.4,103.7,50.6,24.9,198.1,64.5,213.4,369.9,2.6,5.5,1.9,1.8,75.8,94.8,212.7,1.4,269.2,175.0,,282.7,33.3,102.8,3101.3
327,2018-01-27,168.0,2.1,22.6,68.5,3.6,72.4,6.0,15.9,68.2,65.1,9.7,10.2,290.8,26.4,111.4,46.1,23.5,202.6,66.0,213.4,398.2,2.5,5.7,1.9,1.7,73.8,101.9,213.5,1.8,279.0,177.7,,288.9,35.3,107.1,3187.8
328,2018-01-28,164.5,2.0,21.8,67.7,3.4,70.6,6.9,17.4,68.1,63.2,10.0,9.8,288.4,25.9,109.3,44.0,23.8,200.7,61.4,212.4,403.0,2.7,5.7,1.7,1.8,80.5,93.4,212.7,1.5,265.3,174.6,,287.9,35.7,103.7,3147.3999999999996
329,2023-10-23,229.8,2.3,28.1,100.4,3.5,108.3,,,66.8,76.9,,13.9,426.4,32.6,150.9,50.4,29.8,253.4,75.4,298.9,607.6,2.5,5.9,1.8,2.4,102.1,142.5,285.5,0.8,300.4,264.5,5.3,342.2,37.9,143.6,4263.6
330,2023-10-24,228.6,2.4,25.4,99.8,3.1,103.9,,,64.9,69.9,,12.0,408.3,28.6,136.0,51.0,28.5,248.2,78.1,295.7,551.8,2.6,5.9,1.8,2.4,107.3,122.5,281.6,0.7,326.5,260.1,4.9,348.7,33.8,140.2,4141.9
331,2023-10-25,236.3,2.5,28.8,98.2,3.5,104.2,,,69.7,77.6,,14.4,419.3,32.2,149.0,49.1,29.9,270.9,81.9,296.5,589.0,2.6,6.0,1.8,2.3,109.3,134.4,291.2,0.8,354.9,253.0,4.6,339.4,36.7,152.5,4313.4
332,2023-10-26,241.9,2.5,32.3,101.0,3.6,103.5,,,71.2,79.2,,14.3,439.6,33.3,156.4,51.0,31.8,282.3,83.1,303.8,607.7,2.5,5.9,1.8,2.4,113.7,143.6,295.7,1.0,363.7,251.3,4.8,346.1,38.4,165.4,4448.9
333,2023-10-27,245.1,2.4,33.6,100.0,3.5,104.1,,,70.6,79.4,,14.4,434.2,33.6,155.0,52.0,30.7,286.9,83.5,306.8,598.8,2.5,5.9,1.8,2.4,104.3,142.1,298.1,1.1,367.9,246.7,5.0,345.0,39.3,166.7,4439.0
334,2023-10-28,241.0,2.5,34.1,100.2,3.5,101.5,,,71.4,73.9,,13.8,430.9,33.3,152.4,51.6,31.3,283.4,82.7,308.0,591.1,2.6,5.9,1.9,2.5,102.4,145.5,299.3,1.1,365.5,243.8,4.8,338.6,39.2,160.1,4395.400000000001
335,2023-10-29,235.7,2.7,30.5,99.1,3.2,100.9,,,71.7,73.6,,13.3,421.3,31.2,139.1,51.0,31.2,271.0,74.5,306.3,580.2,2.6,5.7,1.8,2.5,97.5,132.0,300.0,1.0,323.7,238.0,4.5,331.5,36.4,148.6,4233.6
336,2017-05-29,153.8,2.0,27.7,71.2,5.6,69.9,7.2,14.4,62.8,103.9,10.5,10.6,330.8,25.0,122.4,34.7,19.9,160.5,65.7,153.3,465.7,2.3,4.1,1.3,2.4,83.7,146.9,182.3,1.1,306.3,134.9,,306.1,36.0,141.6,3274.3
337,2017-05-30,156.2,1.9,22.0,71.1,5.9,71.9,7.2,16.1,61.0,106.4,10.4,9.0,335.9,26.8,142.1,33.0,20.2,163.1,65.8,154.2,458.6,1.9,3.4,0.8,2.1,83.3,161.4,201.8,1.3,317.6,141.1,,328.6,39.0,145.4,3374.5
338,2017-05-31,161.3,1.5,22.5,80.0,5.2,75.3,7.3,16.3,65.1,101.9,7.5,8.7,339.1,24.2,132.4,28.0,22.3,175.2,64.8,156.8,471.3,1.7,3.1,0.9,2.1,85.2,135.3,186.1,1.9,326.3,145.5,,349.6,37.4,128.6,3378.4
339,2017-06-01,165.2,1.8,24.6,79.9,5.5,76.9,7.0,16.0,65.5,103.9,7.4,10.3,336.1,25.9,138.4,37.3,21.3,183.9,64.1,159.3,460.3,2.2,3.4,1.1,2.0,79.9,146.2,172.2,1.2,322.6,148.4,,354.9,39.4,140.3,3412.3000000000006
340,2017-06-02,62.3,2.0,24.9,79.0,5.6,77.8,7.2,16.2,63.1,109.7,7.9,9.1,332.0,27.7,146.0,42.3,22.5,7.7,0.0,169.7,447.4,2.0,3.6,1.2,2.0,81.9,154.2,193.3,0.9,0.0,320.4,,359.8,40.5,148.3,2968.2000000000007
341,2017-06-03,62.4,1.5,23.6,79.6,6.0,78.9,5.3,16.1,63.7,113.0,9.0,9.5,332.4,27.4,148.4,41.4,23.0,7.6,0.0,175.3,436.9,1.6,4.3,1.2,1.8,85.2,159.6,202.6,0.9,0.0,317.3,,372.8,42.3,155.7,3006.3
342,2017-06-04,156.1,1.5,23.9,82.1,5.5,78.6,6.7,16.3,68.4,114.3,9.2,8.3,313.0,24.8,147.7,38.4,25.4,170.6,59.0,168.2,403.3,1.6,4.0,1.1,2.0,79.5,161.9,209.2,0.9,296.5,134.8,,375.2,42.3,144.4,3381.7
343,2023-05-29,233.9,2.6,37.7,127.4,5.2,106.0,,,74.3,99.0,,16.1,388.0,28.0,154.4,53.6,33.7,265.6,94.4,213.3,583.7,2.4,5.2,1.8,2.6,121.6,158.4,204.7,1.9,374.3,201.6,5.7,434.2,45.8,204.9,4357.2
344,2023-05-30,219.5,2.8,42.6,131.4,4.8,108.5,,,76.7,97.7,,15.6,397.0,27.8,146.0,56.2,37.4,245.3,93.4,237.0,594.1,2.5,5.1,1.8,2.5,123.1,152.1,205.2,2.0,380.3,185.6,6.4,438.7,46.6,223.0,4381.9
345,2023-05-31,222.7,2.9,45.2,137.7,4.4,109.7,,,75.7,92.4,,16.1,422.0,27.3,141.9,53.0,36.4,243.1,93.0,239.3,600.3,2.4,5.2,1.9,2.6,131.5,139.5,219.7,2.0,374.6,191.4,6.6,457.4,46.5,227.1,4441.2
346,2023-06-01,233.9,2.6,45.1,133.0,4.3,107.7,,,73.9,88.6,,14.4,435.1,26.7,141.6,52.6,36.0,234.9,91.8,253.4,587.7,2.5,4.9,1.9,2.7,132.9,133.7,216.3,2.0,389.4,198.6,6.6,457.0,45.6,228.9,4458.299999999999
347,2023-06-02,243.0,2.6,43.5,133.4,4.4,107.9,,,74.0,94.0,,15.8,443.2,27.9,149.9,53.5,37.2,241.6,93.1,259.0,593.2,2.5,4.6,1.9,2.8,129.7,139.3,239.8,2.0,386.1,203.6,6.6,473.6,45.2,233.9,4560.7
348,2023-06-03,253.7,2.8,44.4,137.7,4.5,106.8,,,75.5,98.0,,14.8,450.9,28.6,162.2,52.0,38.0,250.9,93.6,254.2,601.1,2.6,4.7,2.1,3.0,124.7,150.7,250.8,1.4,388.0,205.8,6.6,496.6,47.5,236.2,4664.0
349,2023-06-04,238.8,2.7,40.1,140.5,4.6,104.9,,,74.8,97.6,,15.2,385.6,26.2,150.9,50.5,38.9,231.9,84.8,234.0,545.5,2.6,4.8,1.9,2.9,121.0,155.0,214.4,1.9,356.8,188.1,6.1,476.3,44.2,222.3,4335.6
350,2021-03-01,205.1,2.3,24.5,85.7,3.1,104.9,7.0,19.7,65.2,62.1,15.3,10.2,371.6,31.1,134.7,50.9,25.7,244.6,81.7,259.4,514.9,2.6,6.2,1.7,2.3,86.6,131.5,264.4,1.2,315.0,259.4,,307.8,36.1,152.3,3894.1
351,2021-03-02,207.8,2.4,24.9,87.4,3.1,106.7,7.6,20.0,66.5,61.8,15.3,11.1,371.3,31.3,134.8,51.7,26.8,253.5,81.5,261.4,527.4,2.6,5.2,1.7,2.0,87.1,141.5,264.6,1.2,325.2,262.5,,295.9,37.9,155.4,3944.7000000000007
352,2021-03-03,204.7,2.1,24.9,84.5,3.2,105.7,7.8,20.3,68.3,62.8,14.6,11.6,369.1,31.9,137.9,50.2,26.9,247.3,81.6,260.0,526.5,2.5,5.4,1.6,2.0,85.4,142.9,264.8,1.2,322.6,264.0,,304.3,38.4,153.2,3937.8000000000006
353,2021-03-04,204.6,2.1,25.5,86.6,3.2,102.3,7.8,20.3,67.0,62.6,13.9,11.4,376.1,31.5,143.3,50.3,27.9,249.5,80.1,257.6,526.1,2.7,5.3,1.6,2.0,87.3,143.8,263.6,1.4,324.9,265.6,,313.4,38.0,149.3,3956.4
354,2021-03-05,210.1,2.2,24.1,89.5,3.2,105.9,7.8,20.2,69.7,65.4,16.1,11.1,386.4,32.8,141.1,51.4,26.7,259.9,80.7,252.9,526.8,1.5,5.4,1.7,1.9,85.2,144.2,263.4,1.7,333.8,268.1,,311.9,38.4,155.5,4004.5
355,2021-03-06,209.8,2.1,21.1,86.3,3.1,105.5,7.8,20.2,68.1,61.1,16.3,11.7,387.1,31.4,138.7,51.7,26.6,257.0,81.9,253.3,533.1,2.3,4.8,1.6,2.2,88.9,141.5,262.0,1.8,335.0,265.2,,311.5,38.4,156.4,3993.4
356,2021-03-07,208.4,2.2,22.1,88.3,2.9,105.3,7.2,19.8,66.1,59.9,16.6,10.1,365.8,28.4,121.8,50.3,26.7,245.1,76.8,248.6,515.5,2.4,5.1,1.6,2.2,100.0,118.4,256.6,1.5,311.7,261.2,,310.3,35.3,144.8,3846.3
357,2022-04-25,210.9,2.3,30.8,115.7,5.1,116.9,7.6,20.3,77.4,111.3,17.5,14.4,440.7,31.7,156.5,40.9,29.6,246.2,86.4,278.5,607.3,2.5,5.7,1.8,2.2,115.2,173.1,257.0,1.8,363.4,218.6,,418.1,44.7,204.6,4466.3
358,2022-04-26,209.5,2.2,30.0,123.5,5.4,118.1,7.6,20.4,77.1,113.9,17.9,13.5,440.1,31.6,157.4,39.4,28.2,246.4,90.6,280.0,615.1,2.6,5.5,1.8,2.4,116.1,165.5,254.4,1.4,376.7,214.8,,419.2,43.9,209.8,4491.799999999999
359,2022-04-27,214.3,2.3,25.4,121.3,5.6,111.6,7.6,20.4,78.5,116.6,19.5,15.1,442.8,31.5,157.8,39.0,30.5,260.3,92.2,276.9,625.0,2.3,4.9,1.9,2.3,117.5,168.4,261.8,1.2,378.4,212.9,,421.7,45.5,207.0,4529.7
360,2022-04-28,215.6,2.3,28.8,119.1,5.9,114.3,7.8,20.6,79.4,121.2,19.6,14.4,445.9,32.3,156.4,41.5,31.6,257.4,92.9,275.2,627.8,2.6,5.1,1.8,2.2,113.6,174.1,261.4,1.7,386.6,205.6,,437.5,47.4,201.5,4560.799999999999
361,2022-04-29,215.2,2.2,29.8,119.9,6.0,115.3,7.8,20.3,78.6,123.7,19.6,14.0,453.8,32.9,156.0,43.9,33.2,239.7,90.7,274.0,626.2,2.6,5.4,1.7,2.2,116.9,183.7,259.8,1.7,387.8,204.6,,450.4,47.0,195.6,4572.000000000001
362,2022-04-30,219.0,2.2,23.2,95.9,5.8,118.8,7.9,20.2,77.1,121.5,18.2,15.4,452.2,34.6,179.7,44.8,32.2,244.6,87.3,262.2,618.5,2.1,4.7,1.6,2.0,116.4,205.8,271.2,1.6,385.6,214.8,,460.3,47.3,152.4,4556.9
363,2022-05-01,207.1,2.2,25.8,104.2,5.2,118.0,5.8,18.7,68.8,117.7,18.8,13.8,429.3,30.7,182.7,49.7,30.8,215.9,78.8,267.8,570.5,2.2,4.8,1.7,2.1,111.7,206.6,292.0,1.2,346.1,209.4,,451.1,42.0,130.1,4372.0
364,2021-10-25,187.4,2.3,30.4,93.1,3.1,89.6,7.6,19.6,67.7,68.9,17.6,12.4,376.8,30.1,118.8,47.6,26.4,177.7,72.9,201.5,482.8,2.6,5.9,1.5,2.4,107.1,110.9,214.9,1.5,294.7,192.7,,274.9,32.7,139.9,3524.1000000000004
365,2021-10-26,190.2,2.3,31.0,92.2,3.1,88.4,7.9,19.8,67.4,68.2,17.9,13.3,382.1,36.3,127.3,49.6,26.3,180.4,73.9,205.7,492.3,2.6,6.1,1.6,2.4,116.5,117.1,219.6,1.5,304.4,192.7,,274.7,33.8,143.7,3600.6
366,2021-10-27,194.0,2.3,31.2,88.3,3.1,87.4,0.0,19.9,68.8,66.6,18.1,13.8,379.0,32.6,125.1,49.6,28.5,180.8,72.7,207.4,491.9,2.7,6.3,1.9,2.5,118.7,116.5,222.2,1.5,311.1,190.2,,266.3,34.2,143.1,3586.7999999999997
367,2021-10-28,196.1,2.1,31.1,83.9,3.1,86.6,7.9,19.9,68.0,65.0,17.8,13.3,379.1,32.3,123.9,50.2,28.0,188.1,73.4,206.2,491.8,2.6,6.6,1.7,2.1,114.7,115.5,224.9,1.5,303.6,189.4,,261.9,34.9,140.6,3576.0000000000005
368,2021-10-29,184.7,2.1,30.6,80.5,3.1,85.5,7.8,19.6,67.7,66.3,17.8,13.8,374.7,32.7,124.5,50.5,26.0,187.7,74.0,209.8,484.5,2.6,6.1,1.6,2.2,115.0,116.3,227.3,1.5,296.6,188.7,,263.1,34.7,142.4,3549.8
369,2021-10-30,176.1,2.0,30.1,78.0,3.0,85.4,7.4,18.5,67.7,61.3,17.9,14.2,365.6,32.1,122.0,48.2,25.7,183.2,73.1,214.0,488.4,2.5,6.7,1.7,2.1,118.5,115.6,226.9,1.6,283.8,177.7,,260.4,35.0,134.0,3488.1
370,2021-10-31,172.1,1.9,29.1,75.9,2.8,84.5,7.3,19.0,68.4,60.9,17.4,12.9,351.0,31.0,111.0,47.2,25.1,172.2,66.9,216.1,484.0,2.4,6.3,1.5,2.0,113.4,111.1,226.6,1.5,264.9,171.3,,254.8,34.1,123.4,3377.3
371,2017-03-13,161.4,2.0,19.7,61.6,2.7,68.2,3.5,10.6,54.2,43.4,7.0,8.9,211.7,19.3,87.2,41.9,21.9,215.3,68.4,160.2,388.1,2.1,4.7,1.4,1.8,69.4,65.6,153.7,1.9,290.4,168.4,,264.9,22.4,92.9,2803.1
372,2017-03-14,160.2,2.0,21.4,60.7,2.7,72.3,5.1,12.4,57.9,50.8,6.4,8.9,251.2,22.3,94.5,41.5,22.3,217.0,69.9,163.4,428.8,2.2,5.5,1.4,1.8,70.8,76.1,169.0,1.4,299.2,177.4,,266.8,27.4,102.2,2979.7000000000003
373,2017-03-15,162.0,2.3,21.4,60.0,3.3,75.2,6.8,15.4,59.8,57.8,7.9,9.5,282.5,25.8,107.3,43.0,23.0,210.7,67.2,163.9,447.8,2.1,5.6,1.4,2.0,75.7,92.5,179.9,1.9,294.9,179.5,,253.9,31.8,113.7,3094.6
374,2017-03-16,165.0,2.1,21.7,59.4,3.3,82.9,7.1,16.2,68.5,59.1,7.7,9.1,295.7,27.9,109.6,43.2,23.7,205.0,66.3,165.9,442.4,2.1,5.1,1.4,1.6,75.3,95.1,180.4,1.9,299.8,170.6,,258.8,32.3,115.6,3128.6000000000004
375,2017-03-17,158.6,1.9,21.1,62.0,3.3,83.4,7.1,16.2,70.7,60.9,7.5,9.5,301.3,27.9,112.4,42.8,23.9,215.3,68.1,167.7,442.0,2.1,5.3,1.5,1.6,75.7,100.8,186.9,1.5,307.8,171.5,,270.1,32.9,119.4,3187.7000000000003
376,2017-03-18,163.1,1.7,15.2,60.3,3.2,85.7,7.2,16.1,71.8,57.8,8.1,9.6,300.8,28.1,115.0,43.0,22.5,215.1,69.0,165.8,446.5,2.3,5.6,1.4,1.8,74.6,105.7,174.4,1.2,307.0,173.6,,275.0,33.0,123.5,3191.7000000000003
377,2017-03-19,159.1,1.7,18.8,61.6,2.9,79.9,6.8,16.4,68.4,56.3,8.1,8.6,293.8,24.9,107.9,41.9,22.8,206.4,64.0,153.2,436.9,2.1,4.6,1.3,1.6,75.9,106.0,159.3,1.3,288.8,169.9,,272.0,31.2,111.5,3072.5
378,2021-06-07,181.3,2.1,24.6,121.0,5.2,91.1,6.6,18.5,67.1,104.2,16.6,11.9,350.0,29.4,168.1,49.9,29.2,160.5,68.7,208.4,438.3,2.7,5.2,1.6,2.4,101.0,176.0,243.8,1.3,288.9,155.7,,442.2,42.1,155.6,3778.9
379,2021-06-08,186.8,2.1,29.5,124.2,6.1,88.2,7.0,17.2,69.2,113.7,18.5,11.7,359.5,31.6,183.3,49.0,27.8,173.9,70.6,206.2,450.4,2.6,5.6,1.8,2.4,95.8,195.6,255.2,1.3,299.4,158.8,,448.0,45.0,154.1,3900.1
380,2021-06-09,187.5,2.3,32.0,103.9,6.8,84.5,7.1,17.7,66.5,122.8,17.3,11.0,364.8,32.8,197.4,47.2,26.9,177.2,69.7,200.0,431.9,2.6,5.5,1.7,2.5,104.3,219.5,267.6,1.3,303.3,153.3,,456.0,46.5,150.8,3929.8
381,2021-06-10,182.7,2.2,35.3,117.2,6.5,76.7,7.0,17.9,66.8,128.6,17.7,11.4,367.3,31.8,194.0,47.2,25.8,180.3,68.7,195.7,419.8,2.4,5.8,1.6,2.4,107.2,229.1,267.7,1.3,313.3,148.5,,416.4,36.0,160.9,3901.3
382,2021-06-11,173.3,2.2,32.5,106.5,6.2,78.6,7.0,17.9,65.1,114.2,18.7,11.9,370.9,31.3,171.0,43.7,26.7,182.7,69.9,192.7,420.2,2.6,5.5,1.5,2.4,103.7,222.1,273.4,1.2,319.6,137.7,,391.3,43.2,154.3,3810.0
383,2021-06-12,171.1,2.2,34.8,98.7,5.2,77.7,7.0,17.2,66.9,110.2,19.1,11.5,371.8,28.7,178.5,44.3,25.6,179.5,63.6,193.2,422.1,2.7,5.2,1.5,2.5,96.3,237.3,271.0,1.3,311.6,140.7,,369.0,36.2,154.0,3766.4
384,2021-06-13,170.5,2.5,34.3,101.9,4.3,79.2,6.0,17.6,66.8,97.3,18.8,10.6,362.1,28.0,143.5,39.2,25.7,162.3,58.1,186.2,419.1,2.6,5.3,1.5,2.4,106.0,206.3,247.6,1.1,282.8,139.2,,360.3,36.8,149.3,3582.600000000001
385,2023-12-04,158.5,2.8,26.1,81.5,3.5,89.4,,,68.6,69.4,,13.5,361.9,34.3,134.8,56.3,28.6,243.5,84.2,209.8,503.9,3.0,6.3,1.9,2.3,94.0,137.3,261.0,1.7,237.2,194.0,4.3,275.6,38.1,132.8,3629.6
386,2023-12-05,129.3,2.9,27.3,82.2,3.6,82.6,,,69.7,70.0,,13.9,364.2,34.4,142.6,56.0,28.9,248.6,85.2,217.0,506.0,3.0,6.4,1.9,2.3,91.3,141.2,269.0,1.7,258.9,172.8,4.0,285.5,38.6,134.5,3647.3
387,2023-12-06,143.5,2.9,27.6,82.1,3.6,81.8,,,64.8,69.5,,14.0,361.7,35.4,144.1,55.6,25.9,255.4,85.5,219.2,505.5,3.0,6.3,2.0,2.4,89.0,142.2,275.1,1.6,295.2,173.4,4.0,294.4,39.5,131.5,3711.4
388,2023-12-07,167.9,2.8,26.6,70.0,3.5,80.4,,,65.6,68.6,,13.6,375.2,35.3,144.3,55.6,25.0,258.9,85.9,217.6,499.0,2.9,6.6,2.1,2.3,97.1,141.4,279.2,1.8,316.2,185.8,3.7,288.7,40.7,127.6,3765.6
389,2023-12-08,173.8,2.4,25.4,78.7,3.6,84.4,,,67.9,71.2,,13.6,382.0,35.9,145.4,56.9,28.4,257.9,84.8,228.0,497.0,2.9,6.7,1.9,2.6,95.2,138.6,286.6,1.6,315.6,188.3,4.2,297.7,40.7,129.0,3821.4
390,2023-12-09,173.1,2.3,26.8,77.5,3.5,85.4,,,67.9,67.1,,14.2,387.0,35.8,145.0,56.2,29.0,247.0,83.2,239.1,498.0,2.8,6.6,1.8,2.4,88.5,141.4,287.3,1.6,311.0,188.9,3.9,294.6,40.4,128.5,3809.3
391,2023-12-10,171.5,2.8,25.2,77.5,3.3,84.5,,,67.3,64.9,,13.5,380.8,33.6,129.5,56.3,29.1,230.5,76.4,246.3,490.8,3.0,6.5,2.0,2.5,90.0,135.7,285.6,1.4,281.2,191.8,3.7,292.2,37.3,118.1,3706.1
392,2021-02-08,187.6,2.4,23.4,84.7,3.6,95.3,7.2,19.5,68.4,66.0,18.2,9.5,351.4,30.4,131.0,54.9,26.4,233.4,71.5,279.0,478.3,2.5,6.6,1.8,1.9,101.2,130.5,266.3,1.5,280.7,236.2,,290.4,40.1,126.6,3736.0
393,2021-02-09,187.8,2.1,24.5,86.5,3.6,97.0,7.7,19.6,67.5,65.7,18.3,9.8,355.5,31.3,135.2,56.0,26.1,239.2,73.5,279.9,485.5,2.7,6.7,1.8,2.2,100.4,132.2,269.0,1.8,294.9,238.0,,291.9,40.7,129.0,3791.3
394,2021-02-10,190.5,2.1,24.4,86.8,3.6,95.7,7.8,19.5,68.1,65.5,17.9,9.9,352.7,31.4,136.5,53.5,25.6,243.3,72.4,278.0,484.4,2.9,6.6,1.7,2.2,92.6,133.3,271.5,1.7,298.2,237.9,,290.9,40.2,129.8,3786.8
395,2021-02-11,188.7,2.2,24.7,85.6,3.5,97.3,7.7,19.8,67.0,65.0,18.0,10.3,357.0,32.0,135.2,53.6,27.0,240.9,71.8,276.6,482.6,2.8,6.6,1.7,2.3,87.0,133.7,262.7,1.7,297.4,240.1,,289.3,40.1,131.1,3770.2
396,2021-02-12,191.1,2.3,25.3,84.1,3.5,98.3,6.9,19.6,67.2,66.4,16.4,9.5,359.1,32.7,135.7,54.4,25.1,244.6,72.9,277.1,482.6,2.7,6.6,1.8,2.2,78.1,134.1,268.8,1.5,301.2,242.3,,291.7,40.3,129.3,3782.8
397,2021-02-13,187.4,2.3,24.4,84.2,3.4,99.3,7.6,19.8,66.5,61.4,17.6,9.6,358.4,32.1,132.2,53.7,26.8,243.0,72.7,277.3,480.9,2.7,6.5,1.8,2.2,78.2,129.3,268.2,1.5,303.8,239.5,,283.6,39.4,129.9,3754.8
398,2021-02-14,186.7,2.3,23.3,84.7,3.1,98.1,6.9,19.4,64.5,59.0,18.0,8.8,344.2,29.8,121.5,53.8,26.1,232.8,67.3,275.2,472.8,2.8,4.8,1.6,2.1,85.8,118.8,262.5,1.3,278.9,240.4,,280.2,36.6,123.5,3644.3
399,2019-09-23,158.1,2.0,27.2,98.1,5.0,103.5,7.1,18.4,62.7,98.5,5.3,11.0,317.2,29.2,179.6,41.0,26.6,177.3,71.4,164.0,409.6,2.5,5.8,1.6,2.0,89.7,213.9,225.8,1.0,280.4,179.5,,326.9,38.3,166.7,3554.5000000000005
400,2019-09-24,153.1,2.0,24.7,98.1,5.3,98.6,7.5,18.6,61.0,99.3,5.8,11.0,320.5,29.8,186.1,39.8,24.1,158.3,70.2,163.5,403.0,2.3,5.7,1.6,2.0,95.0,220.3,228.5,0.9,282.4,169.4,,328.4,39.7,153.1,3517.1000000000004
401,2019-09-25,153.9,2.1,25.7,89.0,5.3,86.6,6.6,18.5,60.0,102.4,5.6,12.2,312.7,30.7,185.6,39.8,22.4,159.2,68.8,166.5,391.5,2.3,6.1,1.6,2.0,89.4,222.9,225.0,1.0,282.3,153.7,,335.1,40.4,139.1,3453.2999999999997
402,2019-09-26,147.7,1.4,28.8,69.5,5.2,84.2,7.4,18.5,59.7,102.6,7.2,11.9,306.6,29.4,184.2,41.3,21.8,154.8,68.1,162.9,385.4,2.4,6.4,1.6,2.1,87.6,219.3,226.6,1.0,280.9,154.1,,301.8,39.9,142.8,3372.5000000000005
403,2019-09-27,149.7,1.9,29.6,70.4,4.7,81.3,7.5,18.4,59.1,100.9,7.6,11.9,289.4,28.7,179.5,39.5,22.1,164.7,70.2,162.4,379.7,2.3,6.1,1.7,2.1,84.1,197.7,222.0,1.0,293.5,148.7,,276.3,38.8,140.9,3302.100000000001
404,2019-09-28,154.2,2.3,29.4,53.0,4.3,80.8,7.4,18.4,57.8,94.6,7.2,11.9,279.2,27.3,169.3,30.1,20.1,163.0,71.3,152.4,385.6,2.4,6.1,1.4,2.2,83.2,165.1,210.8,1.2,291.6,160.2,,261.3,36.5,133.4,3182.8000000000006
405,2019-09-29,160.0,2.2,26.5,43.5,3.4,76.2,6.8,18.1,57.5,84.7,6.1,11.3,257.9,24.5,143.0,34.5,19.0,156.0,65.1,154.1,380.7,2.2,6.1,1.6,2.4,78.9,122.6,197.9,1.2,274.7,166.3,,244.4,33.0,122.6,2992.3
406,2024-07-29,219.1,3.3,47.1,172.3,8.4,97.4,,,74.7,155.1,,13.4,388.2,36.0,283.2,51.2,45.6,206.0,75.6,244.9,478.3,3.1,5.5,2.1,3.4,115.5,353.8,312.1,1.3,379.3,254.2,,629.0,53.2,230.4,5016.099999999999
407,2024-07-30,222.9,4.8,47.6,172.8,8.5,98.4,,,75.0,163.1,,14.1,382.7,39.3,293.4,53.0,45.2,215.2,72.6,252.7,496.7,1.4,5.6,2.0,2.9,112.1,347.6,330.8,1.3,385.8,267.9,,630.2,54.4,234.9,5109.899999999999
408,2024-07-31,225.9,3.5,48.3,159.0,8.3,92.0,,,72.9,157.2,,13.9,381.2,39.7,287.1,52.1,43.2,213.7,74.4,257.0,494.7,1.4,6.0,2.0,3.1,110.3,353.2,340.4,1.3,395.7,265.7,,562.9,47.6,234.7,5024.099999999999
409,2024-08-01,225.3,3.1,46.7,137.1,7.5,90.6,,,70.2,134.7,,13.4,389.2,34.5,214.3,50.4,40.5,212.1,75.4,235.0,490.3,2.7,5.8,1.8,3.0,106.1,293.9,278.9,1.3,385.9,267.5,,518.6,44.3,204.7,4657.400000000001
410,2024-08-02,221.6,3.0,43.6,91.8,7.7,84.5,,,59.8,137.9,,13.7,388.6,36.9,241.0,52.0,30.9,211.0,75.8,224.6,490.1,2.5,5.2,1.8,3.0,106.7,316.4,247.6,1.3,388.0,264.0,,541.9,48.1,170.6,4584.8
411,2024-08-03,220.7,2.8,42.9,89.6,7.4,76.0,,,60.2,132.6,,13.4,379.8,36.2,249.1,49.5,31.0,211.7,75.8,220.0,478.6,2.7,5.5,2.1,3.1,110.8,326.6,241.5,1.3,374.8,265.6,,507.9,49.2,176.3,4518.4
412,2024-08-04,222.2,2.5,43.1,131.1,7.0,78.4,,,66.1,126.3,,12.3,363.5,32.2,238.5,48.6,37.4,200.1,69.9,191.5,462.4,2.8,5.6,1.8,3.1,114.7,340.9,241.3,1.1,347.2,268.4,,454.1,47.5,183.2,4418.8
413,2020-05-17,177.6,1.9,21.5,101.6,3.4,75.7,3.8,7.3,51.4,75.7,16.3,9.1,299.7,20.6,128.2,43.0,26.3,192.5,63.7,204.5,404.9,2.4,4.8,1.5,2.2,81.3,135.7,220.8,0.9,277.3,144.2,,361.1,28.0,149.0,3344.7
414,2020-05-18,174.1,1.9,27.6,105.9,3.8,76.3,4.2,7.4,52.9,78.7,14.9,10.3,303.5,22.4,135.5,43.3,26.9,169.2,63.3,205.3,418.3,2.6,5.0,1.5,2.1,83.4,142.3,225.6,1.3,270.5,149.5,,367.1,30.6,157.7,3391.9
415,2020-05-19,164.7,1.9,30.9,102.2,3.9,76.2,4.4,7.9,52.7,81.3,14.8,10.5,307.0,23.6,134.0,44.2,26.5,174.0,65.6,208.3,420.9,2.6,5.2,1.7,2.1,74.2,143.6,231.8,1.2,274.7,151.3,,370.6,31.7,148.2,3401.2999999999993
416,2020-05-20,175.5,2.0,28.4,93.3,4.0,74.8,4.4,8.1,47.3,82.3,15.0,10.6,308.6,23.8,139.8,45.3,19.3,188.0,70.1,203.8,426.2,2.4,5.0,1.6,2.2,57.4,145.4,230.0,1.2,296.7,159.8,,383.2,32.9,75.1,3371.2000000000003
417,2020-05-21,186.9,2.1,20.2,81.6,4.2,78.0,4.5,8.2,47.3,84.8,16.6,10.6,316.6,24.3,142.4,43.4,17.4,196.5,71.2,207.2,434.5,2.8,4.4,1.5,2.3,70.0,160.4,233.5,1.1,302.2,166.9,,382.7,33.7,51.5,3419.2999999999997
418,2020-05-22,192.3,2.0,21.7,92.5,4.5,79.2,4.5,8.6,52.5,91.7,16.3,10.3,317.1,24.8,154.5,44.9,23.5,201.3,72.4,209.3,442.1,2.4,4.7,1.7,2.3,77.2,168.2,237.2,1.3,306.5,173.3,,402.6,35.2,78.3,3565.1
419,2020-05-23,195.9,1.5,23.6,98.6,4.6,79.4,4.6,8.1,54.7,95.2,16.5,10.7,315.2,24.1,158.0,41.2,27.3,201.2,74.0,216.6,443.5,2.5,5.1,1.4,2.1,84.5,171.0,244.1,1.3,311.9,168.1,,417.5,36.1,102.9,3651.1
420,2024-03-25,226.7,3.4,25.3,87.3,2.8,108.2,,,63.3,55.7,,13.7,328.3,21.8,100.0,52.8,33.9,318.1,101.7,240.9,561.0,3.1,5.9,1.9,2.4,113.3,124.9,239.3,1.4,373.5,272.9,3.9,330.2,26.7,151.9,4059.599999999999
421,2024-03-26,231.2,2.6,22.5,89.6,3.5,114.1,,,65.6,67.9,,14.7,391.8,25.9,118.4,53.6,34.3,324.7,103.9,248.9,614.3,2.8,5.4,1.9,2.2,111.3,134.1,261.9,1.5,390.8,282.2,4.1,337.4,33.2,151.8,4317.0
422,2024-03-27,234.5,2.9,27.5,94.1,3.8,129.0,,,70.5,77.5,,15.8,441.2,30.7,137.7,53.5,35.6,330.6,104.7,261.9,636.8,3.0,6.1,2.0,2.3,123.7,148.2,280.9,1.7,403.3,286.5,4.7,362.4,39.1,184.4,4609.8
423,2024-03-28,238.4,2.7,29.6,99.7,3.9,137.2,,,72.7,82.2,,16.1,459.8,31.4,148.1,51.4,37.7,328.9,103.8,267.8,643.8,2.9,6.0,1.8,2.1,129.6,147.0,288.1,1.8,412.8,290.9,4.4,387.2,41.4,201.4,4747.299999999999
424,2024-03-29,241.5,3.0,31.4,106.6,4.0,139.8,,,74.4,84.3,,16.0,463.1,31.3,149.8,54.0,39.1,330.9,97.2,265.7,634.6,3.0,5.7,1.8,2.3,129.8,155.3,287.9,1.7,417.2,293.1,4.3,402.7,43.2,212.5,4802.799999999999
425,2024-03-30,241.0,2.8,32.7,111.0,3.8,142.1,,,76.3,84.8,,15.9,456.6,26.0,142.8,51.2,39.0,327.4,101.6,256.6,620.2,3.2,6.0,1.9,2.3,132.5,126.1,283.1,1.7,409.3,289.1,4.2,407.9,40.0,221.3,4735.0
426,2024-03-31,239.6,2.7,24.7,110.4,3.5,140.0,,,68.2,82.3,,16.0,428.3,26.5,129.4,50.5,32.9,325.2,104.5,261.6,589.6,3.0,5.2,1.4,1.9,127.1,126.8,274.9,1.4,408.4,281.2,3.9,406.6,39.4,201.6,4592.6
427,2019-12-16,155.9,2.1,20.9,64.1,4.2,72.7,6.9,18.5,62.7,67.6,5.2,12.5,307.5,29.7,114.3,48.8,22.4,195.5,68.7,221.8,434.9,2.5,6.0,1.8,2.1,68.4,103.0,217.9,1.7,255.2,204.5,,243.5,37.1,109.9,3197.2999999999997
428,2019-12-17,158.2,2.1,21.2,65.4,4.2,75.8,7.3,18.6,63.8,70.2,6.3,12.7,309.1,30.0,119.2,48.9,24.2,198.9,67.1,223.8,445.4,2.6,5.9,1.8,2.1,68.9,105.0,222.5,1.8,266.2,208.6,,253.5,38.5,112.9,3269.7000000000003
429,2019-12-18,160.2,2.1,22.0,71.0,4.4,76.2,7.4,18.8,63.7,70.2,5.8,12.4,316.4,31.5,120.7,50.2,23.9,196.4,69.8,224.1,444.6,2.6,6.0,1.8,2.2,69.3,109.4,223.2,1.8,270.6,211.7,,263.3,39.3,111.2,3311.3
430,2019-12-19,166.5,2.0,20.9,67.3,4.5,76.8,4.9,18.8,64.8,73.2,6.0,11.5,329.4,31.1,122.4,48.1,24.0,202.9,71.2,230.9,444.1,2.5,6.0,1.6,2.0,66.7,107.5,227.8,1.9,274.3,215.6,,266.5,39.4,112.4,3352.6000000000004
431,2019-12-20,167.6,2.1,22.1,71.7,4.4,77.9,6.4,18.6,64.1,74.8,5.4,11.5,332.8,30.4,125.4,50.9,24.6,204.9,71.7,236.3,443.7,2.8,6.1,1.9,2.2,67.0,114.0,234.8,1.9,281.8,214.2,,271.7,38.8,109.4,3401.0000000000005
432,2019-12-21,167.4,2.2,22.1,71.5,4.3,77.0,7.3,18.7,63.5,70.7,7.2,12.7,329.7,30.3,124.1,48.0,25.2,202.6,70.0,239.5,443.6,2.6,6.2,1.9,2.2,65.8,114.7,233.4,1.9,268.8,216.1,,267.8,38.5,112.6,3377.0
433,2019-12-22,164.8,2.1,20.3,73.4,3.9,79.7,7.0,18.5,63.6,70.0,7.5,11.9,316.0,28.2,115.8,50.6,25.3,192.6,64.7,240.9,431.0,2.5,5.9,1.9,2.1,66.4,111.3,227.9,1.7,254.8,216.4,,266.1,36.0,104.1,3291.2000000000003
434,2021-02-22,176.1,2.2,24.4,84.5,3.2,94.9,7.4,19.8,66.4,60.8,18.2,10.0,359.9,30.6,129.0,53.0,25.4,197.7,76.3,254.5,471.2,2.5,6.3,1.6,2.0,77.5,124.7,258.9,1.4,287.4,242.4,,284.5,37.8,127.0,3626.3
435,2021-02-23,185.9,2.1,24.7,84.3,3.2,97.1,7.6,19.7,65.9,62.1,18.0,10.1,359.8,31.5,134.8,48.9,24.5,207.1,79.4,258.0,489.9,2.5,6.4,1.6,2.1,79.3,127.6,260.6,1.4,304.0,248.6,,289.8,38.6,134.2,3718.6
436,2021-02-24,191.8,2.2,23.8,83.3,3.2,97.5,7.7,20.1,70.2,62.8,18.6,10.9,364.3,31.8,137.0,51.4,24.2,215.9,80.2,260.0,498.9,2.6,6.1,1.6,2.0,91.7,126.0,261.4,1.3,310.2,252.0,,293.9,38.4,136.9,3787.2000000000007
437,2021-02-25,196.8,2.3,24.4,83.2,2.8,99.3,7.4,20.2,66.0,62.3,18.1,11.3,368.7,31.6,137.0,50.5,23.7,226.0,81.1,260.4,504.6,2.7,6.5,1.6,2.0,100.2,131.1,259.1,1.4,316.7,256.0,,295.9,38.1,139.7,3836.099999999999
438,2021-02-26,201.9,2.5,23.6,86.6,3.2,99.7,7.6,20.0,67.1,65.4,18.1,12.2,371.7,31.9,141.9,50.0,23.5,236.0,81.7,261.9,504.4,2.9,6.3,1.7,2.3,88.5,135.6,262.6,1.3,325.4,261.0,,299.4,38.1,143.4,3886.7
439,2021-02-27,205.9,2.4,24.2,85.9,3.1,102.9,7.5,20.1,64.8,61.3,18.7,10.2,370.7,31.2,137.0,45.2,23.5,236.0,82.4,262.8,502.2,2.5,6.3,1.7,2.3,88.0,129.1,265.0,1.1,323.8,262.9,,302.0,37.3,145.3,3872.8
440,2021-02-28,201.9,2.4,22.9,87.4,2.8,103.1,7.0,19.7,65.8,59.2,18.8,9.1,357.2,27.8,126.0,50.7,25.4,229.9,76.3,259.8,499.2,2.5,6.1,1.7,2.2,86.7,123.0,255.8,1.0,295.7,257.4,,303.0,34.9,140.2,3769.3
441,2024-01-08,195.7,3.0,26.7,91.4,5.3,103.4,,,72.3,88.4,,12.0,405.4,35.9,157.5,64.4,30.8,245.2,80.9,276.2,553.5,3.1,6.3,2.1,2.3,88.2,157.4,319.8,2.0,291.6,240.7,3.6,358.8,44.9,138.3,4177.3
442,2024-01-09,198.4,2.7,26.6,92.8,5.5,105.1,,,71.6,91.3,,14.6,407.6,37.3,164.4,64.9,28.0,247.3,81.6,274.8,568.3,3.3,6.5,2.3,2.3,90.4,158.9,319.7,2.0,287.6,245.7,4.1,356.0,46.5,144.6,4225.9
443,2024-01-10,204.5,2.9,28.1,92.1,5.6,106.5,,,71.2,92.9,,14.7,406.2,38.2,165.4,65.9,31.1,252.6,79.5,280.3,560.0,3.1,6.6,2.2,2.3,94.9,162.3,327.3,2.0,295.5,245.5,4.0,365.7,47.1,142.2,4271.0
444,2024-01-11,210.0,2.8,27.9,96.2,5.7,107.1,,,71.8,92.7,,14.2,420.4,38.0,166.3,65.7,33.5,258.4,81.3,281.4,563.2,3.2,6.5,2.3,2.4,94.6,167.4,321.9,2.1,302.9,246.2,4.0,371.5,47.7,142.4,4323.7
445,2024-01-12,211.9,2.7,26.0,99.1,5.7,107.6,,,71.8,95.4,,11.9,426.1,37.7,166.1,66.2,31.7,261.8,80.8,289.4,576.4,3.1,6.6,2.3,2.3,96.3,168.6,330.4,2.0,311.4,251.8,3.9,377.6,48.8,145.0,4388.8
446,2024-01-13,209.0,2.6,25.8,96.3,5.1,106.7,,,73.6,87.3,,14.0,420.7,37.0,164.9,65.2,31.4,269.1,78.9,297.2,579.3,3.0,6.4,2.3,2.3,94.2,161.0,326.0,1.8,309.2,249.8,4.0,371.8,47.0,140.9,4356.4
447,2024-01-14,205.3,2.4,26.6,99.8,4.9,106.6,,,73.2,85.8,,12.7,325.4,34.4,146.6,66.7,31.7,258.7,74.6,300.1,562.6,3.0,6.3,2.2,2.4,96.1,152.6,320.8,1.5,285.2,242.1,4.1,372.1,42.2,139.9,4157.5
448,2019-09-02,157.2,2.5,35.5,121.4,6.2,90.0,6.0,17.4,62.3,122.8,5.7,8.8,289.7,29.5,204.6,39.5,24.2,171.9,64.9,186.4,369.2,2.4,5.0,1.7,2.0,94.8,235.3,203.2,0.9,276.8,161.9,,425.6,41.1,171.8,3645.2
449,2019-09-03,153.6,2.4,36.1,117.0,6.5,89.7,6.4,18.3,62.8,129.2,5.9,8.8,297.9,30.7,215.7,41.2,25.4,174.9,65.9,185.2,395.5,2.5,4.9,1.7,2.4,91.1,242.9,212.6,0.9,286.3,168.5,,434.0,43.9,178.4,3746.3
450,2019-09-04,159.4,2.2,34.0,112.6,6.1,84.9,6.6,18.7,61.4,130.3,5.7,8.8,296.8,30.7,217.8,40.3,25.1,172.6,65.2,186.3,395.5,2.6,5.1,1.8,2.2,93.6,246.2,225.5,1.0,291.3,175.3,,414.1,41.1,172.2,3740.099999999999
451,2019-09-05,163.6,2.4,33.3,115.3,5.7,88.5,6.9,18.5,60.2,128.7,5.6,10.2,288.7,29.9,208.0,38.6,25.4,170.5,65.1,188.2,399.6,2.5,5.3,1.9,2.5,93.6,214.3,225.7,1.0,296.9,190.3,,439.6,42.8,171.8,3749.000000000001
452,2019-09-06,167.9,2.3,35.2,116.8,5.9,86.8,7.5,18.6,60.9,128.5,6.7,10.2,292.4,30.8,209.3,39.8,25.9,179.2,65.5,195.1,397.8,2.5,5.3,1.9,2.3,90.3,219.2,228.7,0.9,303.7,193.7,,435.0,42.7,170.8,3788.0
453,2019-09-07,169.6,2.3,36.0,115.6,5.9,85.2,7.5,18.6,61.5,122.2,5.8,10.2,294.3,31.1,209.1,40.2,24.5,177.7,67.0,192.3,390.6,2.6,5.3,1.9,2.3,89.4,228.4,224.7,1.2,307.3,188.3,,430.1,39.6,168.4,3764.9
454,2019-09-08,169.7,2.1,33.3,112.6,5.5,74.4,6.9,18.2,62.6,116.7,6.6,10.2,276.3,28.2,198.2,39.3,23.2,167.9,62.6,180.0,381.2,2.5,5.3,1.8,2.2,91.4,224.1,219.8,0.8,290.2,188.1,,423.8,38.0,153.1,3624.5
455,2018-11-12,189.7,2.2,23.6,74.0,3.1,76.2,6.5,14.2,61.7,61.3,11.1,10.5,290.0,26.9,110.7,44.1,24.5,219.1,70.9,261.4,447.4,2.6,5.2,1.5,2.1,88.9,111.1,222.9,1.3,291.1,181.1,,267.0,33.4,122.1,3366.1000000000004
456,2018-11-13,189.1,2.2,24.9,69.6,3.1,76.3,6.8,14.4,62.9,59.7,10.8,10.6,303.2,27.2,112.5,44.5,23.4,220.2,72.3,263.0,452.4,2.4,5.6,1.7,2.1,87.9,110.2,242.3,1.4,296.0,177.2,,270.0,33.9,117.1,3403.9
457,2018-11-14,190.0,2.1,24.8,68.5,3.2,77.1,6.9,14.5,63.3,61.8,10.5,10.5,309.0,26.7,107.0,42.8,25.0,220.1,72.8,267.0,454.6,2.5,5.9,1.7,2.1,85.5,108.0,229.5,1.4,300.1,177.5,,265.9,34.9,112.4,3392.3000000000006
458,2018-11-15,182.9,2.1,23.9,69.5,3.2,74.6,6.9,14.7,61.9,62.5,11.4,10.1,319.1,25.7,113.1,44.8,24.4,219.0,73.0,267.7,452.6,2.7,5.7,1.8,2.2,84.4,106.1,232.2,1.4,300.1,177.3,,266.7,34.2,113.1,3397.6
459,2018-11-16,180.5,2.9,23.7,71.1,3.2,78.3,6.9,14.6,64.8,62.9,11.4,10.0,316.9,27.7,113.8,42.7,24.3,213.8,67.9,267.7,446.8,2.6,5.6,1.7,2.2,85.7,110.0,230.7,1.4,244.3,179.3,,264.8,35.8,117.5,3339.1000000000004
460,2018-11-17,179.2,2.0,23.8,69.4,3.1,77.3,6.9,14.8,63.9,60.0,11.6,10.0,321.0,27.6,114.3,43.8,24.5,218.7,62.8,269.1,457.8,2.6,5.8,1.7,2.2,86.5,109.4,229.7,1.4,253.0,178.4,,263.0,35.7,113.1,3350.7
461,2018-11-18,175.6,2.2,22.5,68.2,2.8,76.7,6.5,14.6,63.7,57.3,11.0,10.0,315.0,26.2,105.1,44.0,23.9,205.0,63.2,268.4,445.6,2.4,6.0,1.5,2.2,86.7,108.5,225.8,1.5,243.7,174.7,,259.0,31.7,102.8,3260.2
462,2018-10-29,194.1,2.0,24.1,77.4,3.2,87.4,7.2,16.0,63.7,69.7,6.7,9.2,360.7,25.8,123.0,32.7,22.9,209.0,70.2,252.7,489.3,2.3,5.4,1.8,2.2,94.9,128.4,224.7,1.3,300.2,200.4,,285.8,35.1,122.0,3558.5000000000005
463,2018-10-30,191.9,2.0,25.8,80.9,3.3,86.4,7.2,16.0,63.8,71.8,11.7,9.8,356.5,27.8,125.0,30.6,21.9,215.6,69.9,259.0,483.9,2.4,5.4,1.6,2.1,93.6,123.0,223.0,1.3,312.5,210.0,,285.4,35.0,111.8,3574.9
464,2018-10-31,196.8,2.2,26.7,81.0,3.4,85.4,7.3,16.0,68.3,71.0,12.4,9.7,349.9,28.0,125.5,38.6,23.4,220.1,71.3,260.9,482.3,2.4,5.3,1.6,2.1,93.2,119.4,225.9,1.3,313.0,214.1,,285.8,36.2,129.6,3617.3
465,2018-11-01,186.9,2.2,25.6,80.9,3.3,86.4,7.2,15.6,64.1,71.3,11.1,9.7,345.5,27.9,123.0,36.3,24.2,206.2,71.6,261.4,477.9,2.3,5.1,1.8,2.1,89.4,118.0,229.0,1.2,297.8,205.3,,283.9,35.7,150.3,3566.9
466,2018-11-02,181.5,2.1,25.8,81.7,3.4,86.5,7.2,15.5,63.3,71.7,11.1,9.7,349.6,27.6,122.0,32.5,23.4,212.3,71.2,263.3,483.5,2.4,5.5,1.8,2.3,89.6,124.3,228.7,1.3,283.9,204.5,,282.5,35.6,138.3,3552.4
467,2018-11-03,185.2,2.1,25.5,80.2,3.2,86.4,7.3,5.4,62.8,68.5,10.7,10.6,346.7,25.8,119.0,26.1,23.4,205.2,69.8,266.4,491.6,2.2,5.2,1.9,2.1,90.7,116.6,227.1,1.3,272.4,201.5,,289.3,34.7,137.2,3510.8999999999996
468,2018-11-04,184.9,2.0,23.0,80.1,2.9,87.1,7.1,5.4,62.1,64.6,9.6,10.0,337.1,25.5,114.3,24.1,23.3,192.1,64.3,267.7,481.4,2.1,5.2,1.9,2.1,91.8,113.0,222.8,1.1,256.6,205.2,,273.8,32.8,128.6,3412.100000000001
469,2024-08-19,231.2,2.9,42.0,150.3,6.6,113.4,,,69.8,129.0,,14.7,373.9,31.1,218.0,51.1,41.9,219.0,83.3,244.4,514.6,2.4,5.7,1.5,2.7,124.9,292.7,249.1,1.3,350.7,263.2,,532.4,40.3,202.1,4677.5
470,2024-08-20,225.6,3.0,36.5,146.2,7.0,116.5,,,71.9,126.3,,14.8,430.9,33.5,220.0,46.7,43.7,215.7,83.8,243.5,513.2,2.5,5.2,1.7,2.8,118.2,284.5,267.4,1.4,353.5,231.2,,502.2,45.5,206.7,4673.4
471,2024-08-21,227.2,3.0,40.7,150.9,7.4,120.4,,,71.6,129.7,,14.7,451.5,35.5,237.5,47.9,42.9,212.4,77.3,245.6,531.0,2.7,5.4,1.4,3.0,120.2,295.0,286.8,1.3,350.2,256.6,,520.5,47.3,215.3,4827.900000000001
472,2024-08-22,218.0,3.0,46.1,149.4,7.5,110.4,,,71.3,138.7,,14.6,461.5,36.2,245.8,52.0,41.5,199.1,82.4,246.1,533.0,2.8,5.9,1.4,3.0,114.2,315.6,285.3,1.3,357.3,254.5,,527.6,47.9,218.0,4867.4
473,2024-08-23,219.1,3.3,48.4,125.2,7.5,112.2,,,70.9,129.7,,14.8,459.8,36.4,237.3,54.1,39.4,209.5,83.9,243.5,513.9,1.3,5.9,1.9,3.1,113.7,316.5,279.8,1.3,369.7,257.5,,521.2,49.3,201.5,4807.400000000001
474,2024-08-24,213.6,2.9,46.8,137.1,6.6,105.7,,,70.6,127.1,,14.0,420.1,35.9,241.9,51.9,39.7,204.2,83.9,228.4,477.7,2.6,5.7,2.7,2.7,123.3,323.4,277.8,1.2,378.1,242.4,,519.9,50.6,195.9,4710.9
475,2024-08-25,214.5,2.9,46.4,145.8,6.4,103.9,,,70.3,121.9,,12.4,349.3,33.2,236.5,53.3,37.7,181.6,76.7,213.9,459.8,2.8,5.8,1.9,2.8,107.8,315.0,252.8,0.7,346.6,226.0,,530.1,47.6,185.4,4465.3
476,2021-06-21,198.3,2.4,34.1,99.0,5.9,87.8,6.6,18.3,63.9,110.9,18.8,11.1,292.8,30.9,206.4,46.4,25.5,176.4,68.8,191.1,443.0,2.7,5.6,1.7,2.5,103.2,274.0,221.4,1.2,334.9,205.9,,378.0,38.7,145.3,3862.099999999999
477,2021-06-22,203.4,2.4,37.3,109.7,6.2,87.3,7.3,18.7,65.8,117.3,18.6,12.0,307.3,32.0,221.1,48.3,26.4,187.0,69.7,195.8,464.1,2.6,5.7,1.8,2.5,94.0,289.5,238.1,1.3,332.6,213.1,,419.8,42.3,153.6,4042.900000000001
478,2021-06-23,197.3,2.4,35.8,113.5,6.6,80.3,7.4,18.4,67.6,123.7,19.9,12.4,320.2,33.1,232.0,48.0,27.9,195.5,71.2,189.7,467.0,2.6,6.0,1.7,2.4,91.8,285.7,253.8,1.4,330.0,222.9,,433.3,44.1,157.6,4111.6
479,2021-06-24,189.0,2.1,36.5,119.0,6.1,81.4,7.3,18.9,66.2,125.6,19.5,12.3,330.0,30.9,223.8,43.4,28.5,197.4,69.6,180.3,452.5,2.5,6.0,1.8,2.4,98.1,283.1,251.7,1.3,316.2,217.2,,410.4,42.4,159.8,4041.500000000001
480,2021-06-25,192.3,2.3,36.5,112.9,6.5,82.6,7.3,18.7,67.9,117.3,18.1,11.5,338.9,31.3,224.7,46.1,28.1,195.4,72.5,181.5,444.2,2.5,5.7,1.8,2.5,100.7,302.4,244.7,1.2,328.3,223.9,,402.1,44.4,166.5,4071.8
481,2021-06-26,195.4,2.2,36.0,102.8,5.7,82.9,7.2,18.6,67.2,112.2,17.7,11.1,346.5,28.9,217.4,43.5,27.9,196.3,66.6,192.4,447.7,2.7,6.0,1.6,2.6,98.0,275.9,244.1,1.3,329.6,228.2,,411.5,43.4,164.4,4044.1
482,2021-06-27,177.2,2.1,33.8,109.7,5.6,84.8,6.6,18.3,67.0,114.3,19.7,10.4,338.3,28.4,218.9,44.8,28.3,164.9,62.1,191.7,421.7,2.7,5.7,1.6,2.6,101.0,285.7,240.6,1.1,301.2,197.7,,425.8,41.4,157.4,3920.7000000000007
483,2022-05-30,222.3,2.3,37.0,116.8,7.0,99.2,7.6,20.4,77.7,120.6,18.8,14.6,412.7,32.6,173.2,47.2,32.4,230.8,77.9,251.8,587.4,2.6,5.5,1.7,2.5,123.6,186.5,298.5,1.6,355.7,185.4,,465.8,49.7,186.1,4464.7
484,2022-05-31,222.9,2.8,38.4,126.1,6.7,101.6,7.9,20.3,77.5,120.0,21.0,14.7,432.0,33.6,186.5,50.6,32.6,225.2,78.7,258.7,585.3,2.6,5.7,1.9,2.6,124.7,197.0,305.0,1.5,362.4,183.0,,490.1,50.4,190.1,4569.400000000001
485,2022-06-01,223.9,2.6,37.8,125.8,6.5,102.8,27.3,,74.9,123.5,18.9,14.9,428.5,33.7,189.0,50.9,31.9,217.8,77.4,258.9,561.8,2.6,4.7,1.7,2.6,124.5,203.1,305.0,1.6,360.5,181.1,,495.7,49.5,187.8,4538.6
486,2022-06-02,229.1,2.6,38.4,129.1,6.6,106.1,28.0,,76.4,128.9,16.4,14.5,437.7,34.2,195.8,48.8,30.3,212.7,76.9,260.6,570.6,2.6,5.7,1.7,2.5,134.7,205.0,307.5,1.6,370.7,187.7,,503.2,50.4,185.2,4611.599999999999
487,2022-06-03,226.2,2.5,36.2,131.3,6.9,108.1,27.9,,76.4,130.5,15.3,14.4,439.1,35.0,200.6,48.9,29.4,204.5,78.9,262.3,573.2,2.6,6.1,2.0,2.5,136.1,212.5,312.6,1.5,372.8,184.5,,508.5,49.5,185.3,4633.8
488,2022-06-04,224.2,2.6,36.2,126.6,6.7,108.4,28.0,,76.5,129.4,14.8,14.5,440.3,35.0,204.3,49.4,29.8,205.8,80.1,263.9,579.5,2.6,5.6,2.0,2.5,123.0,214.5,303.6,1.3,366.8,191.4,,506.5,50.5,186.8,4622.6
489,2022-06-05,225.0,2.4,32.7,123.3,6.0,106.0,27.1,,76.2,125.8,14.4,14.0,424.6,39.6,191.3,44.4,31.3,193.0,74.5,259.0,564.5,2.5,5.2,1.8,2.5,126.0,208.7,300.0,1.1,336.2,180.3,,509.6,47.0,177.2,4482.2
490,2021-04-05,222.6,2.0,26.4,97.6,3.4,114.2,7.4,19.5,69.8,76.8,18.3,12.1,400.8,28.5,119.7,48.9,28.5,276.0,87.8,231.3,556.1,2.5,5.4,1.7,1.9,112.6,118.4,208.6,1.1,363.1,272.3,,321.9,36.6,163.8,4066.6
491,2021-04-06,219.4,1.9,27.8,102.7,3.5,115.6,7.7,19.5,71.0,80.7,19.5,12.5,402.3,29.6,126.1,50.0,29.3,280.5,84.4,238.0,557.2,2.5,5.2,1.7,1.9,112.0,110.8,211.3,1.1,310.2,269.1,,331.0,38.8,178.4,4060.2
492,2021-04-07,221.5,2.2,29.3,106.8,3.2,115.7,7.8,19.5,72.6,81.7,19.5,11.8,403.1,25.0,119.6,48.1,28.9,277.7,87.3,240.2,559.6,2.5,4.6,1.7,1.9,113.4,107.8,214.8,1.1,353.3,268.9,,336.1,36.4,182.5,4114.8
493,2021-04-08,217.5,2.0,26.4,111.2,3.4,114.1,7.7,19.7,72.5,79.9,17.9,12.4,407.9,29.2,129.5,50.5,28.8,275.1,86.5,241.4,566.4,2.5,5.7,1.7,2.0,105.4,120.7,214.9,1.0,364.0,263.4,,339.8,38.5,187.5,4156.0
494,2021-04-09,217.8,2.1,27.6,109.3,3.4,108.5,7.7,19.4,71.6,79.5,18.2,12.5,409.5,29.1,130.0,51.9,28.1,271.9,87.9,238.1,556.0,2.5,5.4,1.6,2.0,93.8,122.4,214.5,0.9,372.7,258.4,,331.8,38.7,183.2,4117.5
495,2021-04-10,213.1,1.9,26.6,111.0,3.3,106.2,7.6,18.6,70.6,76.9,18.2,12.3,405.2,29.1,129.4,51.3,29.9,273.0,87.7,233.1,538.3,2.5,5.0,1.5,2.0,96.0,129.0,214.2,0.8,372.8,252.3,,332.7,39.1,180.4,4080.7
496,2021-04-11,213.9,1.8,24.6,109.1,3.2,106.6,6.8,18.7,71.3,75.5,18.9,10.3,391.8,24.5,117.6,49.4,29.8,259.9,79.5,225.5,516.6,2.4,4.7,1.5,1.9,96.2,121.1,208.6,0.8,351.5,245.0,,327.5,35.7,179.0,3939.6999999999994
497,2024-04-08,236.8,3.0,35.4,122.4,4.1,120.4,,,70.4,88.6,,15.9,465.9,33.1,147.9,54.5,36.7,331.7,110.2,262.7,623.8,3.0,5.7,2.0,2.5,121.8,150.7,263.0,1.8,424.6,260.6,,403.2,42.2,192.4,4711.999999999999
498,2024-04-09,235.9,2.1,36.0,123.4,4.3,115.0,,,71.8,91.3,,15.6,475.3,33.3,154.9,55.8,38.4,312.9,111.8,255.3,603.7,3.1,5.7,1.8,2.1,120.2,155.4,271.4,1.7,426.5,244.2,,416.0,44.1,196.4,4700.5
499,2024-04-10,234.4,1.9,36.0,126.4,4.4,125.2,,,72.9,92.2,,15.7,470.7,32.8,156.5,55.8,40.2,320.2,104.4,243.3,608.1,3.1,5.9,1.9,2.4,124.5,160.4,269.5,1.7,426.4,248.5,,410.7,35.7,208.3,4715.099999999999
500,2024-04-11,237.7,2.4,34.6,125.8,4.2,114.3,,,73.3,91.1,,16.0,477.7,32.8,153.5,51.4,37.4,319.4,108.3,241.0,584.1,3.1,5.9,2.0,2.4,114.3,155.3,260.2,1.6,427.3,242.2,,419.4,43.8,187.5,4644.799999999999
501,2024-04-12,239.1,2.4,35.9,118.8,4.4,119.3,,,71.7,96.8,,16.4,467.2,33.8,158.1,52.2,38.9,316.8,104.7,238.7,583.4,3.1,5.8,1.9,2.4,116.2,160.1,264.4,1.6,422.1,241.4,,417.4,43.7,192.7,4644.499999999999
502,2024-04-13,235.4,2.3,35.1,128.2,4.4,120.7,,,72.7,90.8,,16.2,464.7,32.9,150.4,51.3,39.2,301.3,98.8,233.6,567.0,3.1,6.2,2.0,2.6,120.6,151.7,257.9,1.6,408.0,226.9,,421.6,44.3,205.2,4572.200000000001
503,2024-04-14,236.2,2.6,33.5,132.6,3.9,125.8,,,72.8,83.5,,13.8,448.6,28.7,131.8,49.4,40.2,287.4,92.6,237.6,571.5,3.0,6.1,1.8,2.3,117.1,134.9,242.3,1.2,375.1,223.6,,411.3,40.5,208.4,4434.999999999999
504,2020-01-13,170.4,2.2,23.1,83.8,4.6,77.0,7.2,18.9,63.9,74.9,5.6,9.4,324.1,28.4,120.7,33.6,24.6,222.7,69.3,245.5,445.4,2.7,5.9,1.6,2.2,66.2,96.1,226.5,2.1,294.7,211.0,,296.5,39.3,110.9,3418.1
505,2020-01-14,166.7,2.3,22.3,82.5,4.7,78.4,6.5,18.1,63.6,74.9,6.0,10.5,257.6,28.7,123.2,38.1,24.8,230.7,70.4,247.7,452.7,2.6,6.0,1.6,2.1,68.2,105.4,226.8,1.9,287.0,211.4,,289.5,38.9,113.8,3372.7000000000003
506,2020-01-15,156.0,2.2,20.5,80.7,4.6,77.8,6.8,17.9,64.5,75.4,5.0,10.1,273.3,30.7,127.7,43.8,24.9,220.5,70.2,236.9,441.2,2.7,5.9,1.3,2.1,67.8,111.4,233.3,1.9,238.5,201.5,,284.0,39.1,111.2,3297.1
507,2020-01-16,153.7,2.3,20.9,77.1,4.7,78.8,7.2,18.2,63.2,76.4,5.6,10.0,309.7,31.1,125.3,42.2,25.4,227.3,70.1,214.5,438.8,3.2,6.1,1.6,2.2,65.6,112.0,225.9,1.9,227.2,200.8,,253.9,39.8,113.8,3261.7000000000003
508,2020-01-17,167.5,2.2,22.0,74.2,4.6,79.3,7.3,18.0,63.4,77.3,5.8,9.5,322.9,31.1,125.3,49.6,25.2,233.0,71.4,225.0,431.4,2.8,6.0,1.6,2.3,67.9,111.6,228.1,2.0,246.6,209.8,,260.9,39.1,115.0,3345.1
509,2020-01-18,169.5,2.2,22.6,73.0,4.3,72.5,7.2,18.1,63.5,73.3,6.1,9.3,322.1,31.3,126.1,49.9,24.3,228.3,72.3,230.2,431.8,2.6,6.1,1.6,2.3,68.4,110.4,230.2,1.2,262.1,209.8,,279.8,39.6,116.0,3374.1
510,2020-01-19,170.2,2.2,22.7,75.0,3.9,78.7,6.6,18.1,63.2,71.7,6.0,8.7,313.5,28.7,115.6,50.0,24.0,192.3,67.8,229.3,426.8,2.6,6.1,1.6,2.2,68.4,104.6,228.2,1.6,246.7,208.6,,271.3,36.7,107.4,3267.0000000000005
511,2022-01-17,164.1,2.3,24.2,85.7,4.4,77.7,7.2,19.2,66.5,78.0,14.5,11.4,358.9,35.0,123.0,64.2,29.6,234.7,76.3,225.1,481.5,3.5,6.9,1.9,2.3,97.2,124.0,257.8,1.8,272.1,182.6,,322.4,43.0,114.8,3620.6
512,2022-01-18,171.7,2.3,23.9,89.8,4.5,80.2,7.3,18.4,69.0,79.8,14.2,11.7,363.9,34.4,127.1,63.9,29.2,225.9,77.2,235.1,493.2,3.4,7.2,1.9,2.3,100.3,122.5,260.9,1.8,287.7,193.4,,335.7,43.1,119.0,3708.999999999999
513,2022-01-19,174.9,2.3,25.2,92.5,4.5,81.5,7.5,18.0,66.9,79.6,15.4,11.9,358.2,35.9,128.6,63.7,30.4,229.0,77.1,243.0,495.3,3.4,7.1,1.8,2.3,100.6,118.8,267.1,1.9,294.1,199.1,,340.5,43.9,121.5,3750.7
514,2022-01-20,176.5,2.4,25.0,95.7,4.5,82.9,7.3,18.4,69.2,77.7,16.6,11.9,363.1,35.0,125.8,62.0,30.9,233.1,77.2,249.7,496.2,3.4,7.4,1.8,2.3,101.3,129.3,269.2,1.9,297.9,203.1,,334.0,43.8,122.0,3785.900000000001
515,2022-01-21,183.6,2.4,25.0,91.2,4.2,83.9,7.4,19.4,68.9,79.1,17.5,12.0,357.0,35.8,127.1,63.2,31.9,232.1,77.5,260.1,498.8,3.3,7.5,1.9,2.6,98.3,128.8,267.5,1.6,306.0,205.4,,333.1,43.1,123.3,3808.1
516,2022-01-22,188.0,2.4,25.1,86.8,4.0,84.7,7.5,19.5,70.1,67.0,18.3,11.9,347.0,31.5,104.7,61.7,31.5,231.9,76.5,238.3,492.0,3.4,7.5,1.9,2.6,99.4,110.9,243.4,1.9,307.9,204.8,,292.2,40.5,118.3,3642.6
517,2022-01-23,186.9,2.7,24.7,80.9,4.0,81.6,7.2,19.2,68.0,67.0,19.3,10.4,337.0,31.5,104.7,61.7,29.2,213.8,67.4,237.7,475.3,3.4,7.6,2.0,2.3,98.0,110.9,243.4,1.6,281.1,201.5,,292.2,40.5,112.2,3533.8
518,2024-04-22,246.0,2.6,34.3,134.3,4.8,130.0,,,74.3,101.9,,17.0,463.1,31.3,161.4,45.8,41.0,295.2,104.9,264.3,611.7,3.0,5.6,1.6,2.4,130.5,159.3,273.9,1.6,423.8,217.4,,471.0,45.3,247.0,4820.5
519,2024-04-23,245.8,2.5,36.5,132.1,4.6,130.0,,,73.3,101.7,,15.8,466.6,31.8,159.7,45.2,43.5,307.8,106.4,271.2,612.5,3.0,5.5,1.7,2.3,130.1,157.6,277.5,1.7,433.6,217.5,,456.9,46.0,242.5,4836.2
520,2024-04-24,246.1,2.6,35.8,131.9,4.6,124.5,,,71.9,99.5,,16.0,473.0,32.4,164.0,46.2,44.3,313.5,107.9,277.2,608.2,2.4,5.3,2.1,2.2,128.9,161.0,282.9,1.7,436.7,221.5,,461.9,46.8,245.2,4872.7
521,2024-04-25,249.8,2.4,36.4,129.5,4.9,134.7,,,74.2,105.1,,16.1,485.0,32.7,171.4,46.4,45.6,322.6,109.6,284.6,622.6,2.1,5.4,2.0,2.1,128.4,167.9,292.0,1.6,436.3,225.6,,475.8,46.7,251.2,4984.1
522,2024-04-26,252.1,2.3,36.8,139.5,5.2,137.4,,,74.7,108.8,,16.2,483.2,32.9,173.6,46.2,46.9,303.6,104.8,274.1,620.0,2.1,5.4,1.8,2.3,132.8,170.1,280.3,1.6,442.3,228.2,,477.3,48.1,260.4,4987.900000000001
523,2024-04-27,250.8,2.8,35.6,139.8,4.8,137.1,,,73.6,106.1,,15.7,481.8,31.3,172.2,45.5,45.8,319.4,110.1,277.8,627.4,2.5,5.4,1.7,2.3,132.6,163.3,280.4,1.4,435.1,227.8,,496.8,48.0,258.2,5010.1
524,2024-04-28,246.3,2.3,29.3,141.4,4.3,128.9,,,73.5,100.1,,15.2,457.8,30.5,161.1,49.2,44.9,309.9,104.8,275.9,615.6,2.8,5.3,1.9,2.1,127.8,157.9,287.2,1.1,410.1,218.9,,492.2,45.3,248.9,4867.1
525,2017-02-27,161.1,2.4,22.1,58.9,3.2,82.4,7.0,16.7,62.7,62.6,8.9,10.2,300.9,27.5,119.8,40.5,21.9,210.8,70.6,198.5,455.9,2.2,5.8,1.4,1.8,72.1,111.7,206.9,1.9,292.7,173.7,,280.4,34.9,121.5,3257.7
526,2017-02-28,162.0,2.0,22.2,58.9,3.2,82.7,7.1,16.4,63.0,59.8,9.2,9.7,302.2,28.2,129.3,42.5,24.6,213.1,70.5,198.6,462.9,2.1,5.6,1.4,2.0,73.7,112.6,212.8,1.8,294.3,176.0,,284.4,34.4,123.2,3298.7
527,2017-03-01,160.6,2.1,22.5,57.0,3.3,84.5,7.0,16.3,63.2,60.7,7.2,9.3,300.0,29.1,128.8,42.5,23.8,215.5,70.3,199.6,464.4,3.0,4.6,1.4,1.7,76.1,114.3,215.7,1.7,293.4,176.8,,283.4,33.4,124.5,3304.2
528,2017-03-02,160.8,2.1,23.5,56.0,3.2,83.1,7.0,16.6,63.7,61.2,7.0,9.7,304.7,29.2,127.3,40.0,23.8,218.7,70.2,198.1,464.8,2.1,5.5,1.4,1.9,76.7,116.1,204.9,1.6,296.3,177.7,,280.8,31.8,125.7,3299.7000000000003
529,2017-03-03,160.8,2.0,22.3,61.4,3.3,85.1,7.0,16.6,63.6,61.0,7.0,9.5,301.6,29.8,130.3,43.0,23.4,221.8,71.0,198.7,459.6,1.9,5.2,1.4,1.1,70.3,115.5,211.0,1.5,296.1,177.4,,292.6,34.3,130.4,3324.2000000000007
530,2017-03-04,161.8,1.7,20.5,63.2,3.2,85.9,6.9,16.8,60.3,57.4,7.3,9.4,301.4,29.0,133.7,43.2,22.0,224.5,68.1,195.8,460.0,1.8,5.0,1.3,1.3,75.1,114.7,208.5,1.4,289.2,175.0,,288.4,34.2,122.3,3297.0
531,2017-03-05,161.0,1.9,19.0,64.4,2.9,85.4,6.7,16.5,63.6,55.4,7.8,8.7,289.9,26.1,123.9,41.4,22.1,211.4,63.2,188.9,441.8,2.0,4.4,1.4,1.8,74.5,108.1,204.2,1.9,271.0,175.2,,284.8,32.0,114.0,3183.2999999999997
532,2019-03-04,190.0,2.2,23.6,67.6,3.1,89.5,5.8,17.9,63.5,62.0,3.9,11.1,317.1,27.7,107.6,48.5,22.8,237.1,76.4,210.6,435.0,2.5,6.5,1.6,2.1,88.8,99.2,225.1,1.6,334.5,220.9,,247.7,33.6,119.2,3414.2999999999997
533,2019-03-05,192.6,2.3,21.5,71.9,3.0,93.2,6.7,18.1,64.7,63.2,6.4,11.1,327.0,28.2,116.5,48.4,23.7,239.4,78.9,216.8,443.0,2.6,6.4,1.8,2.2,81.4,102.9,225.9,1.5,343.9,225.7,,252.8,34.6,120.3,3487.1000000000004
534,2019-03-06,193.0,2.2,21.1,71.4,3.3,93.0,7.5,18.4,65.3,63.8,6.5,11.1,330.1,29.3,121.2,46.9,23.5,242.5,79.2,218.2,441.4,2.6,6.4,1.7,2.0,79.0,107.7,226.0,1.6,344.3,218.5,,258.1,35.8,121.8,3502.4000000000005
535,2019-03-07,201.0,2.4,22.4,73.1,3.1,94.4,7.5,18.4,65.6,63.3,8.9,11.1,336.8,28.2,125.1,46.0,23.9,240.4,79.5,219.5,443.0,2.5,6.6,1.8,1.9,78.6,112.8,233.0,1.4,347.7,218.7,,262.7,36.4,123.3,3549.4
536,2019-03-08,199.4,2.4,22.8,71.7,3.3,95.0,7.5,18.4,65.3,64.0,8.1,12.1,337.4,28.7,125.6,47.9,23.5,243.4,80.4,219.1,439.5,2.5,6.7,1.7,1.9,80.9,114.1,228.5,1.4,349.0,223.4,,269.8,36.8,126.7,3566.7000000000003
537,2019-03-09,197.4,2.3,22.5,70.8,3.1,92.2,7.6,18.2,66.1,59.8,6.6,9.9,332.8,28.0,124.3,46.4,23.6,244.0,78.3,216.5,442.2,2.4,6.6,1.6,1.9,85.1,111.7,227.1,1.4,344.7,215.9,,267.3,35.7,129.0,3530.2
538,2019-03-10,195.0,2.4,22.5,73.3,2.8,94.0,7.2,17.9,66.0,58.1,6.6,9.5,325.8,25.1,116.8,45.3,23.6,231.5,72.3,217.7,429.6,2.4,6.3,1.4,1.8,83.3,112.3,217.2,1.2,319.5,220.5,,273.1,33.4,121.8,3444.6
539,2024-03-11,241.4,2.3,28.6,93.1,3.4,135.4,,,70.6,69.3,,15.0,423.2,30.5,140.8,56.7,34.9,325.5,100.2,259.2,609.9,3.0,5.0,2.0,2.3,133.7,147.4,294.3,1.8,386.6,300.2,4.0,316.9,39.3,164.1,4515.000000000001
540,2024-03-12,243.2,2.9,29.6,92.8,3.4,136.6,,,71.8,69.7,,15.3,429.2,30.7,145.8,57.4,36.0,328.7,101.3,263.4,624.9,3.0,6.0,2.0,2.2,125.9,155.0,307.6,1.8,398.4,306.8,4.3,331.8,40.0,175.2,4615.7
541,2024-03-13,245.6,2.9,29.6,97.2,3.6,136.7,,,72.2,70.8,,15.2,422.1,32.6,143.1,57.1,36.5,330.5,101.9,265.4,623.3,3.0,6.2,1.9,2.4,133.3,147.8,297.3,1.8,402.3,311.0,4.3,338.6,40.8,182.5,4634.200000000001
542,2024-03-14,245.5,2.9,29.8,99.8,3.5,138.9,,,72.3,70.7,,14.6,432.0,32.0,142.5,54.6,39.0,329.1,101.6,267.5,619.1,3.1,6.1,2.0,2.3,125.4,157.1,298.2,1.8,406.8,310.6,4.3,345.6,40.5,189.0,4663.0
543,2024-03-15,245.6,2.8,29.7,104.7,3.5,139.2,,,72.9,71.3,,14.9,432.1,34.0,146.2,57.4,39.1,329.7,101.2,267.7,613.1,3.1,5.9,1.9,2.3,127.3,172.1,299.9,1.8,409.3,308.4,4.1,353.2,41.3,183.2,4693.7
544,2024-03-16,245.7,2.7,30.8,102.6,3.4,133.5,,,71.7,67.6,,14.4,433.2,32.0,148.7,57.3,37.0,322.4,100.4,264.1,609.1,3.1,5.8,1.9,2.4,124.4,175.2,296.1,1.7,404.5,297.1,4.4,355.4,41.4,183.1,4647.7
545,2024-03-17,236.7,2.9,29.0,103.2,3.1,133.5,,,69.9,65.1,,12.4,415.4,27.1,136.1,57.2,34.7,309.5,92.3,252.9,587.8,3.0,5.8,1.7,2.4,119.8,178.8,290.4,1.5,370.4,268.1,4.0,361.2,38.1,158.4,4445.599999999999
546,2020-09-07,191.5,2.1,30.8,117.9,5.6,94.0,6.7,17.3,62.0,104.2,16.8,9.3,309.0,29.9,182.4,39.8,27.6,165.6,62.5,218.1,400.6,2.6,5.3,1.7,2.6,88.8,213.7,193.0,1.2,266.5,221.3,,457.2,41.3,162.6,3759.6
547,2020-09-08,189.0,2.2,32.2,115.8,5.8,96.2,7.0,17.6,62.8,105.9,16.4,9.4,321.2,32.2,192.4,45.1,27.5,164.5,66.1,224.8,412.8,2.8,5.5,1.7,2.4,86.8,224.7,198.2,1.2,279.1,226.8,,468.7,43.5,168.4,3864.9
548,2020-09-09,190.0,2.1,35.1,118.5,5.9,95.1,6.9,17.7,62.3,113.1,17.3,9.7,331.0,33.1,202.5,46.4,27.5,159.5,65.6,229.4,420.9,2.4,5.7,1.7,2.4,86.4,240.9,217.3,1.2,281.1,223.6,,473.2,43.6,175.1,3952.0
549,2020-09-10,189.2,2.3,35.7,119.8,6.0,92.5,7.0,17.8,64.4,114.3,17.8,9.6,342.6,32.7,207.8,43.7,29.2,155.3,63.2,222.5,411.9,2.5,5.7,1.7,2.4,85.8,253.4,226.8,1.0,272.2,217.0,,471.9,43.4,174.8,3951.400000000001
550,2020-09-11,182.8,2.1,36.0,116.4,6.0,90.4,7.1,17.6,66.7,116.7,17.5,9.4,340.7,32.9,211.7,47.4,29.1,157.0,61.8,215.2,404.4,2.9,5.9,1.7,2.5,88.2,261.4,227.3,1.1,280.3,198.2,,474.4,43.8,169.4,3933.6
551,2020-09-12,171.5,2.2,35.4,117.8,5.8,93.1,6.7,17.6,68.1,112.3,19.6,9.0,315.3,32.8,213.1,46.4,28.8,149.4,60.3,216.2,398.1,3.0,5.8,1.7,2.5,88.6,260.3,245.1,1.1,280.2,181.0,,479.1,43.5,171.8,3890.7
552,2020-09-13,146.5,2.2,33.6,119.0,5.5,96.3,6.6,17.3,65.7,110.8,18.9,7.8,292.6,30.5,205.6,43.4,29.9,129.9,54.9,217.5,386.6,2.5,5.8,1.7,2.2,88.3,261.4,246.3,0.9,247.0,154.1,,473.8,40.2,167.9,3720.1
553,2018-10-08,193.2,2.2,25.7,93.5,3.8,103.9,7.1,16.6,60.9,91.5,5.8,14.1,394.8,27.1,144.5,38.7,23.0,187.3,66.2,225.4,510.0,2.3,4.7,1.8,2.4,112.8,172.0,216.9,1.1,261.2,229.3,,351.2,37.3,182.9,3817.9
554,2018-10-09,195.8,2.1,26.4,94.0,3.8,104.0,7.0,17.8,60.8,92.3,6.0,14.1,392.7,27.1,154.0,32.5,24.9,192.9,66.7,228.3,503.1,2.2,4.8,2.0,2.4,113.8,163.1,213.8,1.2,270.7,233.4,,350.2,37.3,170.7,3818.7999999999993
555,2018-10-10,190.5,2.2,27.2,94.2,3.9,101.2,6.8,18.2,61.2,94.3,6.5,10.7,378.0,27.7,153.9,40.5,24.8,197.4,68.2,232.9,517.7,2.4,4.6,1.6,2.3,110.0,163.8,224.3,1.3,285.2,228.0,,347.3,37.2,150.5,3823.6
556,2018-10-11,188.5,2.2,26.6,83.6,3.6,98.4,6.9,18.2,59.7,88.3,6.4,10.5,395.0,26.3,138.3,37.5,19.7,199.7,68.5,234.5,513.0,2.1,4.9,1.5,2.2,87.1,151.4,219.8,1.3,290.1,222.7,,333.6,32.4,137.9,3719.8
557,2018-10-12,194.0,2.2,24.9,73.5,3.6,99.0,7.0,17.9,61.0,81.9,5.8,10.9,396.0,27.5,138.6,40.4,19.4,208.7,70.7,236.6,513.1,2.1,4.8,1.7,2.1,86.0,152.0,220.0,1.3,300.7,227.8,,317.7,35.2,140.9,3732.6999999999994
558,2018-10-13,192.2,2.0,24.8,81.1,3.3,100.6,7.2,17.6,62.2,75.3,6.0,11.1,387.2,27.6,139.4,38.6,23.3,215.1,69.9,239.2,514.6,2.0,5.3,1.8,2.0,93.3,146.4,218.1,1.2,307.2,218.1,,312.3,35.1,133.1,3721.9
559,2018-10-14,191.2,2.2,24.1,87.2,3.0,101.3,7.1,17.4,63.2,70.7,7.5,11.1,374.8,25.1,129.1,38.1,23.5,205.5,63.6,240.1,504.5,2.1,5.0,1.6,2.0,93.7,135.4,214.4,1.0,289.0,214.8,,289.9,32.9,130.3,3609.500000000001
560,2023-08-21,227.1,3.0,42.2,148.6,7.6,114.5,,,75.9,147.8,,13.3,431.7,34.3,256.3,53.6,38.5,260.6,84.9,246.4,542.7,2.7,5.3,2.0,2.7,106.0,318.3,325.1,1.2,367.7,234.3,6.2,528.7,45.6,218.4,4966.9
561,2023-08-22,233.4,2.8,38.7,135.4,7.4,120.9,,,76.2,147.9,,13.6,444.2,40.7,259.0,53.0,36.6,260.1,87.9,251.6,551.3,2.5,5.1,2.0,2.8,112.7,322.8,341.1,1.3,373.4,252.8,5.8,504.2,43.1,223.8,5031.700000000001
562,2023-08-23,236.5,2.8,39.9,136.5,6.0,123.0,,,74.1,129.7,,13.8,445.3,31.3,232.4,51.6,38.7,291.0,89.3,241.3,554.3,2.6,5.3,1.7,2.9,111.4,331.5,331.4,1.3,383.3,258.9,5.6,397.7,43.4,208.4,4898.799999999999
563,2023-08-24,237.4,2.9,39.6,128.8,6.0,121.6,,,75.1,122.6,,14.0,450.0,36.5,230.5,49.7,36.4,295.6,88.6,244.8,566.7,2.6,5.8,1.8,2.7,110.2,320.0,333.6,1.3,380.7,265.4,5.8,411.2,44.0,194.9,4902.5
564,2023-08-25,243.6,2.8,40.7,124.6,6.7,120.4,,,74.7,125.5,,13.6,451.1,29.8,238.3,49.5,37.9,295.5,88.6,255.2,560.8,2.6,5.6,1.8,2.9,111.5,317.4,337.6,1.1,385.4,275.7,5.2,430.3,45.4,182.9,4939.999999999999
565,2023-08-26,231.7,2.8,38.8,123.2,6.4,125.5,,,76.7,123.3,,14.1,463.3,33.3,242.9,47.7,36.3,283.7,87.3,266.6,554.9,2.5,5.2,2.0,2.9,113.7,290.8,341.4,1.2,389.8,257.9,4.9,465.1,47.1,180.2,4938.900000000001
566,2023-08-27,225.8,2.7,36.1,134.5,6.0,129.4,,,74.4,119.1,,12.1,444.8,31.9,230.4,49.5,39.9,272.0,82.0,271.6,538.3,2.5,5.4,2.0,2.8,132.3,304.1,342.4,0.7,349.9,256.6,4.6,485.1,45.2,186.3,4872.700000000001
567,22-03-2020_x,176.7,2.1,19.0,68.2,2.4,81.6,3.6,13.5,57.5,46.1,4.4,7.4,282.4,13.0,93.0,45.6,21.5,226.4,69.9,182.1,395.6,2.4,5.6,1.6,2.2,66.5,86.3,178.7,1.0,276.5,219.7,,240.8,22.5,100.4,3022.3
568,2020-03-23,181.4,1.9,21.5,63.0,2.4,86.4,5.2,15.0,53.3,48.7,4.3,6.9,291.0,20.5,92.0,44.7,23.2,238.3,75.3,183.4,403.6,2.7,5.8,1.8,2.1,69.1,74.7,171.9,1.4,302.6,224.9,,247.4,21.7,114.7,3109.7999999999997
569,2020-03-24,175.4,2.0,21.3,69.9,2.3,80.8,4.6,12.9,38.1,46.0,2.1,7.2,263.0,15.6,85.9,42.8,23.9,231.2,69.9,178.9,394.4,2.6,5.3,1.7,2.0,74.7,69.6,171.4,1.5,290.7,210.7,,241.6,19.5,106.4,2970.9
570,2020-03-25,162.1,2.1,19.5,72.7,2.3,75.2,1.7,3.2,34.9,46.1,1.8,6.2,238.2,12.8,76.7,44.6,24.2,214.9,66.7,160.0,357.9,2.3,5.0,1.5,2.1,79.1,63.1,161.2,1.4,256.3,207.4,,239.9,18.2,107.8,2773.2999999999997
571,2020-03-26,159.7,2.0,19.1,73.3,2.3,73.4,1.5,2.2,34.3,44.1,1.4,6.9,207.5,12.0,74.7,43.2,23.2,213.6,65.7,150.3,328.0,2.5,4.7,1.6,2.1,82.7,66.9,127.9,1.3,245.9,202.5,,238.9,18.0,111.8,2649.3
572,2020-03-27,160.4,2.0,20.6,76.3,2.4,77.0,1.4,2.0,33.6,44.4,1.3,7.0,192.3,12.9,65.9,42.9,23.7,217.4,66.6,131.8,348.2,2.5,4.3,1.8,2.1,80.7,57.6,105.8,1.3,244.7,202.7,,217.3,17.0,117.0,2589.0000000000005
573,2020-03-28,161.0,1.9,21.0,67.3,2.2,73.6,1.4,1.7,32.9,42.4,1.9,6.8,201.7,12.6,64.8,40.9,23.0,214.6,67.5,142.8,351.0,2.4,3.7,1.5,2.0,82.8,56.1,123.5,1.3,244.5,208.6,,219.4,16.9,125.2,2625.0
574,2018-12-31,163.0,2.4,23.4,76.8,3.7,76.6,6.6,16.9,65.3,69.0,11.4,9.4,316.8,30.1,125.0,50.2,26.1,203.1,69.1,258.3,386.6,2.8,6.6,1.8,2.2,71.5,110.9,236.6,1.4,279.7,179.0,,291.2,38.1,110.1,3328.3999999999996
575,2019-01-01,155.6,2.3,23.2,77.6,3.8,75.9,5.8,15.6,66.4,69.6,10.9,9.0,312.4,30.4,123.4,51.6,25.2,199.3,68.1,257.8,385.7,2.7,6.6,1.6,2.1,70.5,109.2,238.3,1.3,270.0,178.6,,295.0,37.4,104.7,3294.4
576,2019-01-02,159.9,2.3,23.3,76.2,3.8,75.4,6.4,16.3,63.4,69.0,10.5,8.7,315.8,30.6,125.5,44.8,25.2,200.3,65.9,258.8,400.5,2.9,6.7,1.5,2.1,71.2,108.0,239.8,1.5,279.2,183.1,,285.2,38.2,107.2,3316.3999999999996
577,2019-01-03,163.1,2.2,21.8,77.4,3.7,76.8,6.9,17.1,62.4,68.3,9.8,8.8,323.1,30.1,127.2,50.6,24.6,204.2,59.5,258.9,413.8,2.4,6.9,1.3,2.0,80.7,103.8,239.9,1.5,287.9,183.6,,291.4,38.5,109.7,3367.2999999999997
578,2019-01-04,165.9,2.1,23.0,77.7,3.8,78.9,7.1,17.0,64.5,73.9,9.0,8.8,326.3,30.5,126.5,50.9,21.4,208.5,63.4,259.8,411.5,2.7,6.9,1.9,2.2,81.5,113.6,236.5,1.5,289.4,186.0,,290.7,39.7,112.8,3403.3999999999996
579,2019-01-05,165.5,2.1,23.9,74.5,3.8,78.6,7.1,17.1,65.7,68.2,9.5,9.8,325.2,30.7,124.6,42.0,24.4,204.8,63.6,260.4,411.8,2.8,6.7,1.9,2.1,74.9,108.4,234.2,1.4,281.3,185.8,,289.5,39.6,117.3,3366.7999999999997
580,2019-01-06,162.6,2.1,23.0,76.5,3.5,79.0,6.6,17.2,65.3,64.9,11.1,8.3,312.2,28.0,106.3,49.2,24.4,195.7,58.0,257.3,398.6,2.6,6.3,1.4,2.1,72.9,99.0,235.2,1.6,267.8,179.3,,279.5,37.8,111.0,3253.2
581,2019-01-14,159.1,2.1,23.9,76.7,3.7,81.2,6.2,16.6,66.3,68.9,9.1,9.5,256.6,28.5,126.0,50.2,24.8,210.7,66.9,250.5,414.6,2.9,6.4,1.8,2.1,71.5,108.1,231.0,1.6,275.1,179.7,,282.8,38.2,114.3,3275.000000000001
582,2019-01-15,151.4,2.2,22.9,74.5,3.8,80.1,6.6,17.3,65.7,72.2,9.1,9.5,282.7,25.8,131.7,52.5,21.4,204.2,67.9,249.2,418.4,2.9,6.5,1.9,2.1,71.9,116.9,237.6,1.3,240.3,171.6,,295.3,40.6,116.8,3281.3
583,2019-01-16,151.2,2.1,21.4,73.9,4.0,79.5,6.9,17.7,65.4,72.3,7.8,9.5,316.4,30.3,132.0,48.5,22.8,212.2,67.1,251.6,421.8,2.9,6.1,1.8,2.2,73.8,118.0,240.9,1.4,227.9,174.0,,291.3,39.7,121.4,3321.8
584,2019-01-17,157.0,2.2,22.8,75.3,3.8,77.8,7.1,17.9,65.0,72.2,9.2,9.5,327.5,29.7,131.3,50.3,22.4,215.5,66.3,251.9,421.0,2.8,6.6,1.9,2.1,71.8,120.1,244.1,1.4,238.1,178.2,,293.4,39.1,117.2,3358.4999999999995
585,2019-01-18,163.4,2.2,23.3,76.7,3.8,82.9,7.1,17.8,65.2,73.9,10.3,11.9,329.8,29.9,132.4,51.6,21.7,215.6,66.4,253.4,413.7,2.8,5.4,1.7,2.2,72.8,119.0,241.1,1.4,265.1,182.1,,294.9,39.5,121.5,3409.2000000000003
586,2019-01-19,165.2,2.3,23.2,75.1,3.6,83.3,6.9,16.8,69.7,66.2,11.0,12.0,329.0,29.3,129.5,50.4,21.7,211.7,66.1,250.8,413.1,2.8,6.6,1.6,2.1,74.0,114.9,242.0,1.3,268.0,182.5,,293.8,39.1,122.6,3395.2
587,2019-01-20,163.4,2.3,22.2,76.2,3.4,84.7,6.8,17.2,65.4,64.6,11.9,12.0,321.9,25.3,118.6,49.0,23.2,197.4,58.8,250.8,403.2,3.0,6.4,1.8,2.1,73.3,109.1,239.6,1.1,264.6,181.2,,280.0,36.2,111.0,3294.2
588,2023-06-05,235.0,2.9,43.2,144.2,5.5,104.6,,,75.7,110.0,,16.0,430.8,29.1,177.6,51.7,36.6,257.9,92.1,251.7,559.5,2.6,4.7,1.8,2.8,124.5,178.9,253.2,2.0,378.2,193.3,6.6,494.5,47.4,232.4,4621.299999999999
589,2023-06-06,244.4,2.9,46.3,145.1,5.3,105.9,,,76.2,113.7,,16.2,440.5,29.5,179.8,51.5,36.4,262.0,91.3,256.0,597.6,2.3,4.4,1.8,3.0,129.3,177.3,251.0,1.5,371.5,203.4,7.0,503.9,47.9,237.6,4715.2
590,2023-06-07,245.6,3.1,47.6,146.2,5.5,107.2,,,76.6,116.1,,16.4,450.2,30.4,189.1,46.8,37.3,263.3,87.4,253.8,604.1,2.1,4.7,1.9,3.0,133.8,174.2,264.5,1.4,353.9,204.5,7.0,519.4,48.8,238.4,4757.5
591,2023-06-08,242.1,2.9,47.4,148.5,5.7,111.1,,,75.9,121.2,,17.1,460.0,31.8,200.2,50.5,38.2,264.8,82.2,253.7,601.2,2.2,4.5,1.9,3.0,132.1,188.5,287.8,1.5,380.9,203.2,5.8,527.8,50.2,243.1,4861.0
592,2023-06-09,249.8,2.9,40.7,145.7,6.1,111.7,,,78.1,126.4,,16.0,462.3,32.6,208.3,50.1,37.3,256.1,80.5,251.2,626.3,2.3,4.7,1.8,2.9,133.1,208.8,295.8,1.5,389.0,204.5,5.4,535.9,51.7,218.9,4912.799999999999
593,2023-06-10,244.6,2.9,38.6,146.0,6.2,111.2,,,79.2,126.2,,14.5,455.5,31.7,199.6,49.4,37.7,238.5,77.8,257.6,614.4,2.3,4.9,1.6,2.8,136.6,204.2,309.3,1.5,382.7,197.1,4.9,542.4,52.8,198.9,4848.499999999999
594,2023-06-11,241.6,2.5,33.3,144.3,5.5,109.2,,,78.0,119.1,,13.5,416.5,27.7,182.2,50.7,37.6,221.5,72.7,253.0,585.6,2.2,5.6,1.8,2.6,122.7,175.2,304.0,1.1,352.4,188.4,4.5,531.5,48.6,205.8,4615.000000000001
595,2017-08-28,138.2,2.0,29.0,77.5,4.9,80.7,6.9,16.6,64.7,106.0,2.1,7.5,274.1,26.0,175.3,42.1,23.5,150.4,63.6,156.2,383.7,2.2,4.6,1.2,2.1,76.5,211.5,196.4,1.2,274.0,150.4,,340.0,36.7,141.3,3276.1000000000004
596,2017-08-29,137.5,2.1,31.6,79.8,5.5,78.4,6.5,16.4,65.0,112.2,2.3,8.8,255.2,24.8,172.9,43.3,23.8,148.3,63.2,153.2,357.7,2.3,4.2,1.2,1.9,83.8,194.7,193.0,1.0,284.6,145.5,,343.0,39.1,140.7,3230.4999999999995
597,2017-08-30,150.3,2.2,31.8,83.1,5.6,80.8,6.9,16.7,66.3,110.5,2.2,9.5,238.9,25.5,171.4,40.1,25.4,154.9,65.4,157.4,357.2,2.1,4.9,0.9,2.0,76.9,181.5,185.1,1.1,291.9,156.5,,357.8,40.6,152.3,3262.1
598,2017-08-31,153.4,2.4,31.5,81.3,5.5,84.9,6.9,16.8,67.7,104.1,1.9,9.0,240.5,25.8,162.3,40.3,25.1,164.3,67.8,162.0,376.9,2.2,4.4,1.3,1.9,76.6,180.2,178.8,0.9,285.7,173.6,,348.7,38.8,153.2,3283.8999999999996
599,2017-09-01,154.4,2.2,30.2,73.5,4.9,84.9,6.7,16.4,61.3,98.7,1.3,9.0,247.5,23.5,141.8,38.3,24.0,170.4,65.3,166.8,380.0,2.3,5.0,1.5,1.9,71.7,147.1,168.4,1.1,284.2,186.2,,321.1,34.6,149.4,3182.7
600,2017-09-02,155.0,2.1,29.9,77.9,4.6,87.2,6.7,16.8,63.9,90.2,1.8,8.3,244.9,22.1,121.0,40.1,24.5,168.6,65.3,169.4,388.4,2.6,4.4,1.3,2.2,70.1,134.1,176.2,1.0,271.6,188.2,,340.8,35.4,132.1,3155.9
601,2017-09-03,149.8,2.0,28.6,77.7,4.5,89.0,6.3,16.6,63.6,89.5,2.0,8.3,243.4,21.8,125.4,40.1,24.3,158.0,60.6,167.3,385.7,2.1,4.7,1.2,2.2,71.3,141.0,176.4,0.9,247.1,181.5,,340.4,33.0,135.0,3107.9
602,2024-06-03,205.2,2.2,32.7,147.1,8.2,115.0,,,73.6,155.3,,14.7,496.7,36.9,248.9,50.0,43.3,217.3,84.1,290.4,627.7,2.8,4.9,1.8,2.6,122.2,244.3,351.0,1.3,355.6,188.7,,625.0,57.2,225.4,5107.2
603,2024-06-04,221.0,2.6,34.2,144.5,8.1,118.0,,,73.3,156.2,,16.2,501.2,38.0,252.0,51.1,44.3,228.1,88.2,286.8,619.2,3.0,5.1,1.7,2.8,134.8,249.1,364.9,1.3,385.8,198.8,,610.1,58.9,228.1,5201.8
604,2024-06-05,207.9,2.7,38.4,148.9,7.4,110.7,,,73.4,159.0,,16.5,495.1,36.4,248.7,47.8,44.4,221.6,88.2,280.3,602.2,3.2,5.4,2.1,2.8,146.0,230.5,367.2,1.4,368.9,194.4,,616.0,45.3,224.6,5114.6
605,2024-06-06,195.4,2.6,42.9,128.9,7.1,117.2,,,73.6,146.8,,16.2,502.5,35.5,216.5,48.7,45.2,206.8,87.6,293.8,606.0,3.0,5.6,1.7,2.7,146.9,192.2,359.0,1.5,343.6,190.3,,526.4,54.1,241.0,4912.6
606,2024-06-07,199.9,2.6,44.2,151.7,7.6,116.8,,,76.9,147.4,,15.2,514.2,38.9,233.4,51.7,47.1,195.4,84.3,287.8,579.7,3.1,5.8,1.7,3.0,135.6,236.8,339.3,1.7,338.3,189.0,,598.5,58.0,244.7,5025.0
607,2024-06-08,191.2,2.6,42.4,157.5,7.1,112.3,,,76.2,143.0,,14.2,505.0,39.3,247.7,53.9,49.0,184.4,81.8,272.7,565.3,3.0,6.4,2.0,2.8,133.0,252.7,326.2,1.3,330.2,185.7,,616.0,58.8,247.5,4987.1
608,2024-06-09,193.0,3.0,41.2,160.3,6.6,112.4,,,75.6,136.7,,12.6,482.5,37.2,229.4,55.9,49.6,164.7,73.8,275.8,520.5,2.7,5.5,1.7,2.8,139.7,246.3,341.2,1.0,305.2,177.9,,610.8,54.5,247.3,4841.700000000001
609,2024-04-29,251.8,2.5,31.8,143.9,4.7,133.4,,,74.3,108.4,,16.8,480.8,31.5,173.5,44.2,46.7,327.0,113.0,282.0,638.6,2.8,5.1,1.9,2.0,130.6,151.1,288.4,1.4,436.2,229.6,,511.4,47.0,256.0,5045.099999999999
610,2024-04-30,255.5,2.6,34.7,138.5,4.6,136.8,,,75.5,105.5,,17.3,478.6,31.1,172.6,47.6,47.3,336.4,113.3,292.4,648.3,3.0,5.2,2.0,2.3,140.1,151.0,291.1,1.4,443.6,232.8,,502.0,47.9,264.0,5102.499999999999
611,2024-05-01,250.6,3.1,32.7,143.5,4.4,134.9,,,75.6,98.5,,16.1,461.7,30.3,171.2,48.2,46.3,308.6,107.2,285.8,573.0,2.7,5.4,2.1,2.2,142.5,152.5,283.5,1.1,410.3,222.6,,485.9,43.4,242.2,4860.199999999999
612,2024-05-02,256.6,2.2,34.8,132.4,4.4,132.1,,,75.8,98.8,,16.5,471.8,32.0,173.5,49.4,46.6,328.4,114.3,283.9,607.5,2.5,4.7,2.0,2.3,138.6,160.5,284.5,1.4,437.8,228.5,,477.5,45.4,248.2,4968.4
613,2024-05-03,258.7,2.2,35.8,137.8,4.7,131.2,,,75.6,102.8,,17.0,478.9,33.3,180.5,49.7,45.1,317.9,116.1,287.5,621.0,2.8,5.5,2.0,2.3,134.0,172.7,290.8,1.6,442.8,231.0,,486.6,47.5,248.9,5040.2
614,2024-05-04,259.2,2.5,37.3,137.7,4.7,131.1,,,76.1,105.7,,16.5,490.1,33.0,187.6,50.3,45.3,311.1,112.6,289.4,620.2,3.0,5.3,1.9,2.5,146.0,183.3,299.5,1.4,436.9,232.7,,507.5,48.7,250.8,5107.099999999999
615,2024-05-05,253.6,2.6,26.4,143.1,4.8,129.1,,,75.6,106.8,,15.6,475.0,30.1,179.7,52.6,45.3,300.5,103.4,287.8,618.9,2.2,4.6,1.8,2.2,137.6,174.4,298.2,1.2,404.8,220.9,,510.4,45.9,234.0,4965.099999999999
616,2021-08-09,216.9,2.3,36.6,118.2,6.1,112.5,7.0,19.6,66.6,105.3,18.3,12.2,406.5,29.6,194.0,47.0,30.4,201.6,69.2,193.8,518.2,2.5,5.7,1.6,2.4,109.6,253.4,244.3,1.4,337.7,242.3,,403.0,42.2,173.7,4240.8
617,2021-08-10,201.5,2.3,37.4,119.3,6.4,110.8,7.5,19.8,62.0,111.7,18.0,12.6,410.9,31.1,207.4,46.5,29.2,204.6,70.7,193.0,531.5,2.6,5.6,1.5,2.5,110.1,274.9,255.2,1.4,343.9,249.0,,404.5,44.9,181.6,4321.0
618,2021-08-11,206.1,2.5,37.3,119.7,6.5,112.1,7.5,19.6,64.4,116.6,17.6,13.3,405.2,33.9,220.2,45.3,29.0,203.6,70.9,200.8,522.1,2.7,5.8,1.6,2.5,108.0,283.6,265.3,1.4,343.5,249.2,,416.8,44.5,184.3,4372.2
619,2021-08-12,212.3,2.3,38.9,111.1,6.5,113.6,7.5,20.0,67.8,119.9,17.6,12.5,414.2,34.2,226.3,46.6,28.6,202.3,69.3,213.5,529.2,2.5,6.0,1.5,2.6,109.9,288.5,270.5,1.4,331.5,251.0,,425.6,45.6,182.8,4422.200000000001
620,2021-08-13,204.7,2.2,36.7,115.8,6.5,115.8,7.5,19.8,67.8,122.0,17.8,11.7,414.1,33.9,232.0,48.0,30.6,198.4,69.2,223.9,521.4,2.9,6.4,1.6,2.7,109.7,294.0,278.4,1.5,335.5,238.2,,447.6,45.1,179.1,4451.200000000001
621,2021-08-14,194.2,2.3,36.0,119.5,6.0,112.9,7.5,19.7,68.8,117.6,17.4,12.5,407.3,33.5,231.8,45.2,29.3,198.1,67.1,230.6,515.0,2.8,5.9,1.7,2.7,110.1,303.6,283.6,1.4,329.4,236.6,,453.2,44.6,179.9,4436.3
622,2021-08-15,187.3,2.2,34.1,122.5,5.3,110.3,5.2,16.0,67.9,107.2,18.9,11.5,388.5,26.9,214.7,44.3,29.8,181.8,61.4,233.0,475.7,2.8,5.9,1.6,2.4,108.2,291.3,283.3,1.1,287.3,230.8,,483.3,39.3,166.6,4255.3
623,2021-08-16,185.2,2.5,35.5,122.4,5.9,107.9,6.2,18.3,68.1,124.5,17.8,12.3,409.9,31.5,231.7,45.0,28.7,195.7,69.1,240.1,493.3,2.8,5.8,1.6,2.6,107.3,298.7,285.3,1.4,321.6,184.3,,474.9,43.5,178.6,4366.8
624,2021-08-17,179.8,2.4,35.6,119.9,6.4,106.5,7.5,19.9,68.8,133.9,17.9,12.8,432.0,33.8,245.1,49.1,27.8,191.7,71.2,234.2,474.8,2.6,6.0,1.5,2.6,108.1,300.4,298.6,1.4,329.1,173.5,,494.8,45.6,176.9,4420.099999999999
625,2021-08-18,188.7,2.4,36.6,123.7,6.8,99.5,7.3,19.3,67.3,134.6,17.8,12.7,415.1,35.4,251.1,49.5,28.3,188.3,70.7,218.9,448.6,2.6,5.9,1.6,2.5,110.3,303.0,308.0,1.5,322.8,174.1,,500.8,46.1,169.3,4379.6
626,2021-08-19,195.5,2.3,36.9,121.0,6.9,99.2,7.1,19.8,67.6,135.0,19.5,12.4,408.5,33.7,252.2,50.6,29.4,191.9,69.7,211.5,438.1,2.7,5.9,1.6,2.5,110.9,300.9,310.8,1.4,328.0,186.9,,481.4,45.8,163.9,4360.2
627,2021-08-20,195.9,2.2,36.1,120.7,6.0,98.1,7.3,19.7,67.9,116.3,18.4,12.5,398.6,33.7,229.2,49.2,28.5,195.2,67.9,205.3,438.7,2.7,5.9,1.6,2.4,103.7,298.3,300.4,1.4,330.2,199.7,,395.9,42.1,159.9,4199.9
628,2021-08-21,187.9,2.3,37.6,123.0,5.1,99.5,6.5,19.8,67.6,101.4,17.5,12.3,383.5,32.6,173.6,47.2,28.8,192.5,63.1,205.2,433.0,2.7,5.8,1.7,2.5,106.1,284.2,280.7,1.2,310.9,200.4,,360.3,41.2,164.1,4009.4
629,2021-08-22,182.4,2.3,35.0,123.7,4.6,94.3,6.1,18.2,65.1,95.0,18.1,11.5,321.1,26.1,152.5,44.6,29.0,169.6,63.3,206.7,411.8,2.8,5.8,1.6,2.5,108.9,207.3,245.4,1.2,283.9,192.5,,385.6,37.2,165.5,3728.1
630,2018-03-26,183.4,2.3,21.6,80.7,3.3,88.3,7.1,17.7,68.2,70.5,11.0,10.2,334.9,25.4,120.1,41.6,24.0,234.6,77.6,175.3,476.3,2.4,5.0,1.4,2.0,83.6,122.6,180.0,1.1,326.9,221.7,,296.9,34.6,159.1,3518.9
631,2018-03-27,181.3,2.2,20.0,82.4,3.4,87.9,7.4,18.1,69.3,73.4,11.2,10.5,339.3,25.6,120.0,43.2,24.6,240.1,79.7,177.8,491.1,2.0,4.9,1.4,2.0,82.4,127.0,179.3,1.2,336.9,220.5,,293.1,35.3,158.1,3560.4000000000005
632,2018-03-28,185.2,2.1,21.3,82.6,3.5,86.9,7.5,17.6,70.1,75.0,11.0,10.5,340.2,25.3,122.8,38.2,23.9,241.2,80.0,179.2,488.5,2.3,4.9,1.5,2.1,82.3,127.9,180.6,1.3,344.1,221.3,,305.7,36.2,163.0,3593.5
633,2018-03-29,185.8,1.6,19.8,82.9,3.3,89.6,7.4,18.0,69.7,74.5,10.7,10.5,342.8,26.5,121.1,42.0,24.2,238.8,79.3,177.7,483.1,2.4,4.7,1.6,2.0,90.5,126.0,177.1,1.4,346.4,222.5,,300.6,35.9,162.4,3590.5
634,2018-03-30,181.7,1.8,18.4,70.5,3.4,88.0,7.3,17.3,69.5,75.5,11.1,10.5,345.0,26.7,119.2,39.5,23.2,228.9,73.2,175.2,477.5,1.5,4.5,1.2,2.0,87.7,127.9,173.8,1.6,341.1,224.0,,285.1,35.4,157.6,3514.6
635,2018-03-31,175.5,2.2,20.2,61.3,3.4,87.3,6.9,17.4,69.0,73.7,12.8,10.5,337.7,26.0,115.8,40.1,23.3,219.2,76.3,177.3,480.1,1.8,4.7,1.5,1.9,76.4,117.0,174.9,1.6,331.8,219.1,,262.3,36.2,143.2,3416.3
636,2018-04-01,170.2,2.1,20.8,74.4,3.7,74.7,6.0,16.6,60.9,79.0,10.7,9.6,320.3,23.8,155.9,44.4,19.5,208.7,66.9,174.1,454.3,2.1,4.2,1.6,1.9,64.9,119.3,183.0,1.6,311.2,192.1,,305.4,34.9,115.5,3341.5
637,2016-10-10,143.4,1.9,24.2,69.8,4.5,69.4,6.8,17.5,55.4,92.5,6.1,9.4,264.9,24.5,143.1,34.6,21.1,183.0,61.5,150.7,375.4,1.8,4.5,1.2,1.8,69.6,156.1,170.7,0.8,271.6,129.2,,302.0,40.9,120.7,3036.7999999999997
638,2016-10-11,145.4,1.9,21.0,65.4,3.7,67.1,4.3,14.4,53.5,79.4,7.0,9.0,248.7,21.2,129.1,34.0,19.9,177.3,62.5,146.7,336.7,1.9,4.4,1.3,1.8,74.2,135.1,175.6,0.8,287.1,125.7,,303.3,33.5,116.9,2916.2000000000003
639,2016-10-12,150.9,1.9,20.9,58.2,3.9,66.7,5.9,16.3,56.2,82.1,7.0,9.1,261.8,24.4,138.6,35.2,19.9,180.5,66.4,148.6,364.5,1.9,4.9,1.3,1.6,75.0,143.2,180.7,1.6,300.3,132.5,,278.3,35.7,127.0,3010.0
640,2016-10-13,156.7,1.9,24.5,65.0,4.2,68.2,7.0,17.7,61.5,85.3,7.0,9.1,276.4,28.8,140.2,34.2,19.7,179.7,60.3,152.9,383.3,1.9,4.8,1.3,1.6,74.6,141.5,181.8,0.9,292.9,143.0,,271.6,36.5,126.1,3068.7
641,2016-10-14,157.6,2.1,25.9,67.1,4.0,71.9,7.2,17.6,58.8,84.2,6.3,9.2,282.8,28.3,139.2,39.7,19.8,186.0,63.5,156.0,385.1,2.0,4.5,1.4,1.9,75.2,136.3,183.6,1.1,290.7,149.3,,259.9,36.7,131.1,3093.0
642,2016-10-15,158.6,1.9,28.1,68.7,3.9,70.1,7.2,16.9,60.9,79.5,6.8,9.1,285.8,27.3,137.9,33.8,20.7,190.0,64.4,158.0,394.9,1.9,4.4,1.3,1.5,72.3,136.6,186.8,1.0,299.1,150.4,,282.5,36.2,121.9,3127.3999999999996
643,2016-10-16,158.8,1.9,26.9,69.0,3.3,71.4,6.9,17.4,61.1,73.0,7.2,8.3,277.9,26.3,127.4,33.5,20.4,184.5,59.4,156.6,392.3,1.9,4.6,1.2,1.5,71.5,124.8,187.8,1.0,282.5,148.9,,279.1,32.7,125.1,3052.5999999999995
644,2017-12-25,160.5,2.3,22.4,67.5,3.1,72.9,7.0,17.2,66.2,61.9,9.5,9.4,306.3,27.4,123.2,44.0,23.8,196.3,58.9,230.3,402.6,2.7,6.2,1.7,2.0,73.0,103.3,209.6,1.6,272.9,160.9,,282.1,34.7,91.4,3160.8
645,2017-12-26,159.4,2.3,23.1,67.1,3.4,74.9,7.0,17.2,68.2,64.5,9.5,8.6,308.5,27.3,125.2,46.0,22.4,200.7,65.6,231.2,413.1,2.7,5.5,1.7,2.1,69.1,109.1,217.4,1.7,288.4,164.4,,291.8,36.0,93.0,3234.6000000000004
646,2017-12-27,163.0,2.2,22.8,65.1,3.4,73.2,7.2,17.6,66.8,65.6,7.1,9.2,301.4,28.1,125.2,49.5,24.0,203.1,66.7,228.9,411.6,2.7,6.3,1.7,2.1,75.8,108.8,214.3,1.8,290.5,166.2,,290.3,36.3,93.4,3238.5000000000005
647,2017-12-28,161.4,2.0,22.8,65.0,3.4,72.5,7.1,17.6,68.5,65.5,6.9,9.0,310.0,27.3,123.2,46.0,23.7,201.4,65.5,229.7,406.8,2.7,6.2,1.8,2.1,76.8,107.8,214.7,1.7,289.6,165.2,,291.6,35.9,89.2,3226.7999999999997
648,2017-12-29,163.2,2.2,22.7,65.2,3.5,73.8,7.1,17.4,67.5,65.8,8.9,8.4,296.4,27.8,124.1,45.5,24.0,205.7,63.8,229.7,403.6,2.7,6.3,1.8,2.4,75.6,107.6,212.4,1.5,293.7,179.6,,287.9,36.2,88.8,3229.1
649,2017-12-30,164.2,2.1,22.1,63.4,3.3,72.6,7.1,17.5,66.9,62.1,7.1,9.0,306.7,27.3,123.3,45.7,24.1,203.8,63.2,226.9,403.6,2.6,5.8,1.9,2.5,71.1,108.7,209.9,1.4,288.1,191.8,,281.9,35.7,90.0,3219.7000000000003
650,2017-12-31,161.2,2.0,21.7,69.8,3.0,71.8,6.4,16.7,66.4,60.1,7.3,9.2,293.4,26.0,112.6,46.1,22.8,193.5,58.7,222.4,388.9,2.7,6.2,1.8,2.2,68.3,103.6,204.3,1.4,275.7,187.6,,274.0,34.1,85.2,3112.7
651,2017-03-20,163.8,1.9,20.3,57.3,3.2,83.1,7.1,16.9,77.3,61.2,7.4,9.7,307.9,26.7,113.8,42.0,21.6,218.8,71.2,161.3,455.7,2.1,5.4,1.5,1.9,74.8,109.0,169.9,1.6,310.1,177.0,,272.2,32.2,110.7,3203.5
652,2017-03-21,166.7,2.0,22.3,58.4,3.3,85.5,7.2,16.9,61.1,62.2,9.6,8.3,308.7,24.9,118.3,41.9,23.2,221.0,71.0,167.4,466.3,2.1,6.0,1.5,1.8,79.3,111.1,174.5,1.6,313.7,180.0,,283.0,31.4,120.2,3259.7999999999997
653,2017-03-22,166.1,2.0,21.8,62.8,3.4,86.0,7.3,16.8,61.3,65.8,10.2,10.1,309.4,24.7,117.4,41.9,23.5,219.5,71.9,169.5,471.6,2.1,6.0,1.4,1.8,77.8,116.9,183.3,1.6,316.2,181.4,,281.0,34.1,124.4,3298.2999999999997
654,2017-03-23,166.1,2.1,22.7,63.0,3.5,88.6,7.3,16.9,75.3,68.7,9.8,10.4,310.7,23.9,123.5,42.1,23.1,223.7,73.6,172.4,473.3,2.2,4.8,1.5,2.0,78.7,123.8,182.1,1.4,316.5,182.2,,281.9,34.2,136.8,3356.0999999999995
655,2017-03-24,168.8,2.2,23.1,64.9,3.6,88.9,7.3,16.8,63.4,72.9,10.2,9.9,317.8,24.8,122.8,41.3,22.2,224.6,74.1,173.3,473.8,2.2,4.5,1.5,2.1,80.4,126.3,186.5,1.6,316.0,183.8,,310.4,35.2,147.4,3411.9
656,2017-03-25,167.3,2.0,20.1,59.7,3.5,89.4,7.3,17.0,65.9,66.9,9.2,10.0,317.5,24.2,120.4,41.5,23.9,224.9,74.0,175.3,475.7,2.1,4.7,1.3,2.0,77.6,124.8,185.2,1.4,316.6,184.0,,305.3,34.8,146.8,3389.4
657,2017-03-26,163.8,2.1,20.1,65.1,3.1,89.3,6.9,16.8,65.9,64.9,9.3,10.1,307.3,23.0,113.0,39.8,23.8,213.5,68.1,173.1,471.0,2.3,4.7,1.3,1.9,80.6,120.7,184.1,1.3,297.4,178.3,,295.5,32.5,133.4,3290.7
658,2019-11-18,175.1,2.1,22.6,68.6,3.3,70.8,6.8,18.1,61.8,61.5,5.7,12.0,316.8,27.3,111.4,42.5,23.8,180.4,72.1,232.0,421.9,2.5,5.9,1.7,2.3,66.7,100.8,208.2,1.3,282.8,191.5,,264.6,33.2,110.8,3216.1
659,2019-11-19,173.8,2.1,23.6,67.8,3.4,70.7,7.2,18.0,62.9,62.6,5.5,12.0,318.5,27.4,115.0,43.5,23.9,183.5,72.6,235.2,429.8,2.6,5.9,1.8,2.1,73.6,100.0,211.8,1.5,291.4,190.6,,268.3,34.1,111.2,3261.2999999999997
660,2019-11-20,167.6,2.1,23.2,67.5,3.5,71.1,7.4,18.3,63.1,63.6,5.7,13.4,318.6,27.7,114.6,43.9,24.1,186.2,71.5,238.4,431.3,2.5,6.0,1.9,2.1,74.9,105.3,214.7,1.4,290.2,194.8,,266.3,34.1,114.1,3278.4999999999995
661,2019-11-21,168.6,2.1,23.3,68.2,3.4,71.6,7.4,18.4,63.7,63.4,4.8,13.0,326.4,27.9,116.7,44.4,24.3,186.2,71.6,240.6,433.4,2.5,6.0,2.2,2.3,74.8,104.4,215.5,1.8,279.1,197.2,,266.6,34.6,112.6,3286.1999999999994
662,2019-11-22,169.6,2.0,23.7,68.7,3.4,72.3,7.4,18.3,62.7,64.0,5.4,13.0,334.4,27.3,116.3,44.5,24.2,186.4,71.9,244.0,429.8,2.4,6.0,1.7,2.1,74.1,106.3,218.7,1.9,273.6,190.4,,265.9,34.5,114.2,3288.2999999999997
663,2019-11-23,169.3,2.1,23.3,67.6,3.3,71.2,7.4,18.3,61.4,60.4,5.8,13.0,331.3,28.2,114.6,43.0,24.6,188.0,72.0,245.0,431.0,2.5,6.2,1.8,2.1,73.8,102.7,220.6,1.9,267.5,177.5,,260.0,34.7,113.9,3252.9
664,2019-11-24,167.3,2.2,21.7,67.8,2.9,70.8,6.8,18.0,61.4,58.0,6.0,11.8,321.7,25.7,105.6,43.7,24.1,176.5,65.8,246.0,417.1,2.6,6.1,1.8,2.1,72.1,98.9,215.0,1.2,244.6,174.0,,255.2,31.5,102.9,3135.2
665,2016-11-14,159.6,1.7,22.1,62.5,3.0,64.5,6.3,16.5,58.1,54.3,8.6,8.6,265.8,23.4,102.6,42.0,20.9,198.6,65.5,214.1,422.7,2.0,4.3,1.4,1.8,70.0,87.1,201.3,1.4,285.3,139.1,,255.7,30.4,103.7,3011.2
666,2016-11-15,161.1,1.8,23.6,66.0,3.1,63.4,6.6,16.5,57.4,55.2,8.5,8.9,265.7,24.0,104.3,42.0,20.4,198.2,65.3,214.4,429.9,2.0,4.2,1.3,1.8,67.7,91.0,202.8,1.3,294.6,139.7,,254.1,31.5,105.2,3040.3999999999996
667,2016-11-16,148.1,1.7,23.0,61.1,3.1,61.8,6.5,16.2,55.2,55.2,9.2,8.9,264.9,24.0,104.3,42.0,20.6,198.7,66.5,214.0,422.7,2.0,4.2,1.3,1.7,68.0,91.0,202.8,1.4,294.8,138.0,,254.1,31.5,103.0,3008.5
668,2016-11-17,158.6,1.8,24.0,60.2,3.2,58.1,6.4,16.3,56.3,54.8,8.5,9.1,268.9,24.4,105.5,36.5,21.3,200.5,67.1,215.1,405.2,1.9,4.4,1.3,1.8,70.4,90.5,195.9,1.7,298.5,137.4,,256.9,31.9,105.4,3006.6000000000004
669,2016-11-18,156.2,1.8,23.9,60.1,3.2,61.6,6.4,15.6,55.5,55.9,7.7,8.9,273.4,24.6,105.1,37.4,22.3,202.4,67.7,215.1,396.9,2.0,4.4,1.3,1.7,69.6,89.1,194.6,1.6,294.2,137.9,,257.9,32.4,105.5,3000.7000000000003
670,2016-11-19,155.0,2.1,23.3,59.1,3.2,61.0,6.4,16.0,56.7,53.4,8.1,8.9,271.4,24.2,105.4,37.7,22.0,198.4,67.1,216.4,397.3,2.3,4.6,1.1,1.9,67.9,87.7,200.3,1.5,291.9,133.7,,252.1,32.9,103.1,2980.9
671,2016-11-20,150.9,1.8,22.4,61.2,2.9,60.4,6.0,15.7,54.8,52.5,7.2,7.9,262.6,22.6,94.6,36.3,22.8,190.0,60.7,214.3,388.0,2.2,4.4,1.3,1.5,64.6,81.5,197.0,1.1,273.5,127.9,,247.7,29.6,96.4,2870.2
672,2017-10-02,133.2,2.3,26.3,73.4,4.1,83.6,6.3,16.2,55.1,79.7,6.1,7.6,340.7,20.9,139.4,42.1,20.2,114.9,60.6,178.7,414.8,2.0,5.6,1.2,1.9,77.7,172.4,199.3,0.8,246.6,148.4,,346.4,32.0,119.0,3185.9
673,2017-10-03,141.6,2.4,27.9,82.5,4.8,82.1,7.1,17.0,58.0,94.3,6.5,9.6,356.5,24.0,148.0,40.2,22.1,132.7,65.2,185.4,428.0,1.9,5.3,1.3,2.0,79.8,157.4,196.4,1.0,277.4,144.1,,353.0,36.8,131.8,3331.3
674,2017-10-04,143.0,2.1,29.0,84.5,4.8,84.2,7.6,17.5,60.2,98.1,6.0,9.0,355.9,25.3,150.9,41.2,23.8,141.0,67.3,188.5,427.9,2.0,6.3,1.3,1.9,81.8,167.0,199.6,1.2,286.4,158.3,,343.2,38.2,140.2,3401.7999999999993
675,2017-10-05,137.2,2.4,31.1,89.9,4.6,84.6,7.6,17.8,61.3,98.6,5.9,9.0,366.4,25.6,158.2,41.2,23.4,141.4,68.9,191.4,420.0,2.1,5.1,1.3,1.8,80.0,172.5,204.8,1.2,278.1,158.4,,352.8,39.0,143.7,3434.1
676,2017-10-06,140.5,2.4,31.7,92.3,4.8,83.6,7.7,17.6,63.7,97.7,5.6,9.0,367.1,24.1,158.9,40.5,22.7,141.7,67.1,194.3,415.1,2.0,5.3,1.3,2.0,79.8,169.7,202.4,1.2,279.8,154.3,,351.8,39.7,151.7,3436.1000000000004
677,2017-10-07,144.4,2.5,31.6,89.7,4.5,79.9,7.5,16.3,62.3,92.5,4.7,9.9,367.1,25.4,154.3,41.1,21.6,137.7,67.1,194.5,410.0,2.1,4.6,1.3,1.9,88.3,174.2,202.4,1.3,284.4,150.8,,358.3,39.4,152.3,3433.1000000000004
678,2017-10-08,141.2,2.3,30.6,87.9,4.0,80.3,7.1,16.8,63.1,89.5,4.5,9.4,360.1,23.2,148.4,41.9,23.2,127.5,61.2,192.1,382.1,2.0,4.6,1.2,1.9,88.9,164.6,200.9,1.0,265.2,145.6,,359.0,34.8,136.5,3309.4
679,2021-12-06,153.2,2.4,23.9,74.1,3.2,76.3,7.1,19.0,64.3,62.2,18.4,11.5,346.1,32.2,120.6,55.6,25.9,155.2,74.7,275.7,449.5,2.9,7.2,1.7,2.3,92.2,136.8,257.5,1.4,266.8,166.3,,284.3,36.0,106.5,3420.5000000000005
680,2021-12-07,154.6,2.3,24.7,75.6,3.2,78.5,7.4,18.9,63.0,63.8,18.5,11.3,351.5,33.2,127.9,57.2,27.1,156.7,75.5,278.5,460.0,2.9,7.3,1.6,2.3,94.2,145.1,261.8,1.5,277.8,171.1,,293.1,37.4,109.4,3502.3
681,2021-12-08,165.6,2.3,24.8,75.2,3.2,78.5,7.5,19.0,63.7,64.3,18.7,11.7,349.2,33.1,130.0,55.8,26.0,160.7,76.0,281.3,468.9,3.0,6.9,1.8,2.3,99.0,147.5,262.4,1.8,283.3,172.4,,292.7,37.9,109.4,3543.4
682,2021-12-09,160.5,2.3,25.1,74.2,3.2,79.8,7.3,19.1,64.5,64.4,17.0,12.3,353.4,33.8,129.2,57.7,27.4,165.5,76.4,287.2,470.3,2.9,7.0,1.7,2.3,100.9,145.1,265.6,1.6,281.8,174.2,,294.9,37.9,112.6,3566.5
683,2021-12-10,159.0,2.2,25.1,75.3,3.3,80.5,7.5,19.2,64.7,66.0,17.2,12.4,355.9,34.0,129.6,57.0,27.0,163.7,76.0,290.6,469.0,2.9,7.1,1.7,2.3,103.4,141.8,267.9,1.6,282.2,171.3,,293.6,38.4,113.1,3569.8
684,2021-12-11,158.3,2.2,23.7,73.8,3.2,79.1,7.4,19.2,65.1,63.3,17.1,12.4,356.0,33.7,126.2,58.2,26.3,164.5,74.9,287.7,472.4,3.2,6.9,1.7,2.5,105.9,138.0,267.6,1.4,280.3,171.9,,288.6,38.1,112.9,3551.2000000000003
685,2021-12-12,158.3,2.3,23.3,72.4,3.0,78.7,6.7,18.8,63.9,60.1,17.4,12.4,343.0,31.1,115.6,57.6,26.1,149.0,69.1,285.9,462.5,3.2,6.9,1.7,2.5,110.1,128.7,265.5,1.2,245.3,170.5,,273.4,35.5,103.5,3412.0
686,2018-04-23,176.7,2.1,21.9,87.0,4.0,88.5,7.2,17.5,71.2,85.8,2.3,12.0,345.1,24.5,123.8,42.6,23.8,204.9,77.2,188.5,512.2,2.4,4.8,1.4,1.9,93.0,117.4,192.2,1.4,340.0,171.7,,324.2,36.9,164.9,3578.7999999999997
687,2018-04-24,175.6,2.3,23.7,86.6,4.2,89.5,7.4,17.7,75.0,89.6,2.3,12.2,346.1,23.9,127.1,42.3,25.3,212.3,77.0,188.1,510.2,2.4,4.5,1.4,2.0,81.8,124.8,197.6,1.2,346.6,168.4,,332.5,38.4,165.3,3612.999999999999
688,2018-04-25,173.7,1.8,20.8,90.0,4.4,87.1,6.1,17.6,70.4,94.0,2.7,12.1,343.5,24.9,132.7,39.8,24.7,209.3,76.5,188.7,507.5,2.1,4.4,1.4,1.9,84.0,130.1,201.9,1.4,350.5,167.7,,349.9,38.8,168.7,3639.2
689,2018-04-26,181.3,1.9,19.2,83.3,4.7,86.7,7.4,17.7,71.8,99.2,2.7,12.3,348.8,25.3,137.5,44.2,26.3,216.7,76.6,188.4,502.9,2.0,4.5,1.3,1.8,81.2,136.7,210.1,1.4,349.9,166.0,,347.6,38.1,143.7,3647.2
690,2018-04-27,182.8,2.1,24.3,81.3,4.9,87.8,7.5,17.5,71.3,103.9,2.2,12.3,352.3,25.8,143.7,43.7,24.0,225.7,76.2,190.1,499.8,2.0,4.7,1.5,2.3,79.3,141.9,208.2,1.4,352.7,165.1,,344.6,43.4,136.5,3671.1
691,2018-04-28,184.4,2.1,24.1,80.3,4.6,87.0,7.4,17.7,70.1,105.5,1.9,10.8,351.4,25.6,144.1,41.5,22.2,223.1,78.1,188.5,502.7,2.0,5.0,1.6,2.1,76.7,142.5,209.6,1.5,350.3,161.3,,357.7,39.0,147.3,3678.1
692,2018-04-29,179.1,2.0,20.6,79.0,4.2,82.3,7.2,17.5,69.2,97.8,1.7,10.8,334.5,23.4,140.2,42.3,20.7,208.5,72.2,178.5,493.4,1.8,5.5,1.6,2.1,71.8,138.4,205.2,1.3,333.0,155.5,,347.0,37.8,144.8,3539.2000000000007
693,2017-12-11,159.3,2.3,23.2,63.2,3.3,72.2,7.0,17.3,65.6,60.8,10.0,9.2,295.9,26.2,103.2,36.4,23.4,198.7,66.9,229.4,413.5,2.4,5.3,1.5,2.3,66.9,88.4,190.9,1.4,283.3,154.5,,267.1,33.9,103.9,3095.4
694,2017-12-12,160.9,2.2,23.1,63.2,3.4,70.8,7.2,17.4,65.4,61.8,4.1,9.3,295.4,23.3,90.9,32.5,24.0,207.2,67.5,224.4,416.6,2.8,5.4,1.5,2.2,67.7,88.4,189.2,1.5,289.9,153.6,,249.7,29.9,105.4,3064.2999999999997
695,2017-12-13,167.7,2.3,23.7,63.4,3.5,72.9,7.2,16.7,65.4,63.9,11.6,9.4,293.5,26.4,109.5,43.3,23.7,207.3,66.9,232.5,418.1,2.9,5.8,1.5,2.3,66.8,92.4,199.7,1.5,295.2,156.9,,268.9,35.1,107.6,3172.1
696,2017-12-14,167.3,2.1,23.4,62.6,3.5,73.7,7.1,17.4,65.1,64.5,10.8,10.6,287.2,28.1,108.8,39.7,24.4,205.5,67.1,229.9,418.6,2.7,5.4,1.7,2.5,67.2,94.4,199.9,1.5,298.6,164.1,,270.9,34.9,109.7,3177.9999999999995
697,2017-12-15,163.8,2.3,22.9,63.6,3.6,73.8,7.0,17.4,65.0,66.6,11.3,9.2,298.0,27.8,114.4,40.9,23.4,200.9,67.2,232.7,413.5,2.5,6.1,1.6,2.3,67.5,91.8,198.0,1.6,292.4,166.1,,272.9,35.2,111.1,3181.3999999999996
698,2017-12-16,163.1,2.0,23.5,61.9,3.6,70.8,7.2,11.6,66.9,63.6,11.6,9.2,299.8,28.0,116.7,40.3,24.3,197.2,67.0,231.8,413.7,2.5,6.3,1.7,2.4,68.2,95.9,193.8,1.6,279.4,160.4,,288.0,36.5,108.0,3165.2000000000003
699,2017-12-17,158.6,2.2,21.8,62.5,3.2,70.8,6.9,17.1,66.7,61.5,11.5,9.2,296.8,26.3,111.8,44.5,24.3,187.0,59.9,231.3,401.7,2.3,6.0,1.6,2.7,74.4,88.9,196.4,1.4,263.9,158.9,,292.3,32.6,94.1,3097.1
700,2018-08-20,158.5,2.2,33.2,92.5,5.8,81.5,7.3,18.1,64.3,117.6,11.0,9.0,294.1,28.5,189.6,41.9,23.2,166.6,53.6,171.6,398.4,2.2,5.0,1.4,2.2,91.9,238.1,222.9,1.0,304.9,141.6,,370.7,41.1,164.6,3563.7999999999993
701,2018-08-21,164.8,2.2,33.7,93.9,5.9,81.8,7.6,18.2,65.9,119.4,10.2,9.0,300.5,28.6,194.1,43.6,23.8,176.5,57.8,160.2,379.8,2.1,5.1,1.5,2.2,100.6,237.1,221.4,1.2,317.0,150.0,,389.3,43.1,167.6,3623.8
702,2018-08-22,175.6,2.2,34.1,97.9,5.3,82.7,7.6,18.3,64.4,117.3,10.5,9.0,288.6,29.5,191.6,47.1,26.2,179.6,57.7,160.8,375.9,2.1,5.6,1.5,2.4,106.1,241.4,216.5,1.5,325.8,178.0,,420.3,41.4,166.9,3699.6
703,2018-08-23,181.5,2.3,34.5,95.4,5.3,86.6,7.6,18.6,65.6,113.4,11.3,9.7,298.5,19.5,169.7,44.6,24.8,181.5,60.0,162.5,383.7,2.4,5.2,1.5,2.4,113.2,223.0,211.2,1.1,323.9,187.8,,359.5,40.4,171.1,3627.5
704,2018-08-24,181.8,2.2,33.5,90.3,5.6,86.0,7.7,18.3,60.1,111.9,11.0,9.9,303.7,20.7,173.9,39.7,23.6,186.9,59.3,163.2,393.7,2.3,5.2,1.5,2.3,114.9,229.3,212.2,1.2,322.3,194.2,,336.9,39.5,178.2,3630.9
705,2018-08-25,179.8,2.3,33.5,85.8,5.4,87.1,6.2,18.4,55.6,107.6,11.4,9.8,300.8,21.1,181.2,41.9,22.4,182.8,55.8,162.6,398.2,2.2,5.5,1.5,2.3,109.6,237.4,216.8,1.0,316.2,198.5,,322.6,36.6,175.6,3603.2
706,2018-08-26,175.5,2.3,31.2,91.1,4.8,79.9,5.8,17.1,55.3,98.0,11.1,8.7,251.1,17.5,169.7,41.4,23.1,179.7,55.9,156.4,377.6,2.1,5.4,1.3,2.3,98.3,233.8,207.7,0.9,285.3,190.1,,315.2,32.1,162.0,3396.6
707,2021-09-13,194.0,2.6,40.7,117.3,5.3,86.0,7.4,19.6,64.8,95.2,18.9,11.0,294.7,30.9,142.3,43.2,25.8,178.8,69.4,216.3,427.3,2.8,5.5,1.9,2.7,84.7,167.2,201.4,1.4,326.2,198.0,,412.1,42.1,160.8,3706.9
708,2021-09-14,198.7,2.4,41.1,95.7,5.3,79.6,7.6,19.5,63.8,97.1,16.2,11.6,295.8,31.2,151.0,46.5,21.9,187.0,72.7,208.9,428.4,2.8,5.3,1.7,2.7,90.0,186.0,200.0,1.5,339.4,191.6,,365.1,42.1,148.8,3667.9
709,2021-09-15,205.1,2.4,41.1,91.4,5.7,76.7,7.7,19.7,63.4,101.3,17.8,11.8,297.4,33.5,161.7,48.5,23.2,195.0,74.0,197.7,436.3,2.7,5.3,1.6,2.6,100.1,207.2,207.5,1.4,350.1,209.1,,326.4,43.4,149.0,3727.000000000001
710,2021-09-16,211.8,2.4,36.7,107.3,5.8,78.0,7.7,19.6,64.7,97.5,17.4,12.3,309.1,32.4,163.1,47.1,27.5,203.6,73.3,184.1,443.6,2.7,5.5,1.6,2.5,104.0,214.2,218.0,1.4,341.6,225.1,,270.4,42.4,156.3,3739.5
711,2021-09-17,211.8,2.4,36.7,107.3,5.8,78.0,7.7,19.6,64.7,97.5,17.4,12.3,309.1,32.4,163.1,47.1,27.5,203.6,73.3,184.1,443.6,2.7,5.5,1.6,2.5,104.0,214.2,218.0,1.4,341.6,225.1,,270.4,42.4,156.3,3739.5
712,2021-09-18,209.3,2.3,32.7,107.4,5.5,81.8,7.7,17.4,63.7,91.2,15.8,12.4,312.2,32.3,162.2,47.0,29.1,216.2,74.5,191.2,459.2,2.5,5.5,1.2,2.5,114.2,235.8,220.5,1.5,321.7,240.1,,334.3,42.8,151.2,3853.6
713,2021-09-19,205.0,2.3,34.4,118.6,5.3,84.0,7.2,19.3,66.4,93.0,17.3,11.6,286.6,29.5,163.9,46.5,27.4,209.8,69.6,202.0,444.0,2.4,5.6,1.3,2.5,111.5,253.6,215.2,1.1,307.2,231.0,,373.4,41.2,151.1,3849.1
714,2023-05-08,200.7,2.5,31.6,124.7,4.5,107.4,,,77.0,91.7,,15.2,430.4,29.1,159.8,50.2,34.3,229.3,91.3,231.0,553.0,2.4,5.3,1.9,2.5,123.2,158.9,272.9,1.4,305.4,176.0,5.8,389.6,41.9,211.8,4235.7
715,2023-05-09,209.0,2.4,36.4,128.4,4.6,108.2,,,77.6,93.9,,15.6,440.5,29.8,169.1,56.4,34.5,216.9,92.5,240.7,559.4,2.5,4.8,2.0,2.5,123.8,166.7,289.3,1.5,320.1,181.3,6.6,419.5,42.4,225.3,4376.4
716,2023-05-10,218.3,2.2,35.8,125.9,4.6,107.3,,,77.0,95.2,,15.4,437.1,31.1,171.7,56.7,35.5,197.9,93.8,244.0,573.4,2.4,5.0,2.0,2.4,121.2,172.3,271.2,1.5,337.9,184.8,6.4,430.8,43.2,229.2,4406.099999999999
717,2023-05-11,219.6,2.5,36.2,129.3,4.9,106.6,,,77.9,99.8,,15.9,447.0,30.2,178.3,55.9,35.6,218.4,92.7,250.7,587.2,2.5,4.8,1.9,2.5,123.2,179.2,294.7,1.5,344.0,186.7,6.2,431.1,44.2,225.3,4508.6
718,2023-05-12,224.5,2.3,36.4,132.7,5.1,106.5,,,78.2,103.9,,16.1,440.3,30.5,184.5,57.8,36.2,220.3,93.0,258.4,588.0,2.5,4.9,1.8,2.5,122.6,186.3,301.2,1.5,351.3,185.9,6.3,459.2,45.8,222.7,4580.9
719,2023-05-13,224.0,2.5,37.7,137.5,5.1,105.7,,,80.1,104.4,,15.9,441.6,29.0,187.5,56.8,37.7,219.4,93.3,263.7,585.7,2.4,5.2,1.8,2.6,121.0,191.3,299.0,1.4,361.1,184.4,5.9,479.6,46.8,216.4,4619.200000000001
720,2023-05-14,226.3,2.4,31.3,132.9,5.1,104.2,,,77.8,106.9,,15.3,424.9,26.4,168.8,53.3,38.3,214.1,87.1,258.7,567.6,2.0,4.9,1.3,2.2,130.1,169.3,278.6,1.1,337.2,179.6,4.2,470.1,43.9,196.7,4433.2
721,2020-10-05,164.6,1.9,32.0,107.0,4.2,80.9,7.1,18.1,63.3,90.3,17.4,9.6,361.1,29.5,167.2,46.2,27.9,165.7,68.2,218.2,428.6,2.7,5.9,1.5,2.4,91.4,189.9,240.2,1.2,302.5,195.8,,368.1,38.3,158.1,3714.3
722,2020-10-06,173.4,2.0,31.5,109.2,4.1,81.7,7.4,18.4,64.0,89.1,18.1,9.7,364.6,29.9,169.4,47.0,29.1,176.3,69.9,219.0,438.1,2.9,6.0,1.6,2.5,89.4,185.0,245.4,1.2,327.2,199.5,,335.4,38.1,159.5,3753.6
723,2020-10-07,172.9,2.2,33.0,112.8,4.2,80.1,7.6,18.5,63.3,90.8,18.3,9.7,364.3,30.8,172.1,47.5,28.6,180.5,71.0,218.3,446.3,2.8,6.1,1.7,2.6,90.7,179.5,246.6,1.3,327.0,179.1,,394.1,39.0,160.3,3811.4
724,2020-10-08,178.9,2.2,34.4,113.4,4.2,82.4,4.9,18.6,65.1,90.1,18.0,9.9,369.2,31.0,171.0,48.4,29.4,185.9,70.1,222.6,448.2,2.7,5.9,1.6,2.5,89.9,156.0,244.8,1.3,310.9,174.9,,390.2,38.4,164.0,3788.9
725,2020-10-09,179.0,2.1,35.8,113.5,4.2,84.3,7.5,18.4,65.7,89.4,18.1,10.2,372.2,30.2,169.1,48.6,28.7,185.9,68.0,224.9,448.6,2.8,5.9,1.5,2.5,92.1,157.1,249.1,1.3,307.1,178.0,,385.0,37.9,171.6,3804.4
726,2020-10-10,166.3,2.2,36.0,113.8,4.0,85.3,7.6,18.1,65.1,86.7,18.2,9.8,370.6,29.8,167.9,47.0,28.3,159.4,68.1,227.4,438.2,2.7,5.8,1.6,2.5,92.5,169.1,243.1,1.3,297.1,169.8,,378.7,38.0,172.3,3732.2
727,2020-10-11,145.7,2.3,34.2,112.9,3.5,84.5,6.9,18.3,66.5,81.6,18.1,8.4,361.2,27.5,157.1,45.3,29.6,133.2,60.7,226.0,396.7,2.8,5.7,1.5,2.5,91.6,179.0,229.6,1.0,267.0,143.1,,365.3,34.3,162.6,3513.5000000000005
728,2019-07-29,155.2,2.2,31.3,93.5,6.0,89.2,7.0,18.9,60.4,111.8,6.0,11.3,299.5,29.4,180.5,41.8,22.1,175.2,68.5,185.1,377.1,2.3,5.6,1.8,2.2,82.6,231.9,175.3,0.7,301.4,161.3,,399.0,41.0,152.9,3537.6000000000004
729,2019-07-30,161.8,2.2,33.1,98.9,5.6,83.5,7.2,18.4,63.3,115.6,6.1,11.3,282.0,29.8,196.4,42.3,22.3,167.1,70.3,183.7,368.4,2.5,5.5,1.8,2.2,85.9,253.8,197.2,0.8,313.9,156.5,,412.5,41.7,167.7,3619.0
730,2019-07-31,169.9,2.5,32.5,106.1,5.0,82.2,7.3,18.3,64.6,117.9,5.6,11.3,269.1,27.9,193.9,36.7,24.1,182.5,71.6,183.4,360.8,2.5,5.8,1.6,2.3,89.1,236.4,209.8,0.8,321.5,169.4,,426.0,40.3,175.9,3662.8
731,2019-08-01,166.0,2.4,31.4,105.5,5.3,86.8,7.1,18.1,63.2,121.9,5.7,11.8,260.2,28.7,201.8,38.5,23.8,185.0,72.6,183.7,371.2,2.6,5.6,1.6,2.2,98.1,229.8,197.6,0.9,325.8,171.8,,437.9,42.4,180.6,3695.900000000001
732,2019-08-02,153.9,2.1,33.0,106.7,5.1,90.0,7.2,17.7,62.9,121.7,5.7,11.8,273.8,28.1,192.3,40.4,25.0,184.7,72.4,189.3,362.4,2.6,5.6,1.7,2.2,96.5,195.0,197.6,0.9,325.4,152.0,,428.3,42.4,178.9,3623.6
733,2019-08-03,153.3,2.2,34.3,109.1,5.2,87.5,7.1,17.9,62.3,112.2,6.0,11.8,276.7,28.8,182.9,41.7,24.8,179.9,72.1,187.9,356.6,2.7,5.7,1.8,2.3,97.6,207.1,189.7,0.8,311.5,144.5,,407.9,39.8,178.9,3558.6000000000004
734,2019-08-04,152.6,2.3,33.3,111.0,5.1,90.2,6.5,16.3,62.2,108.0,6.4,8.2,263.5,26.5,178.2,42.5,23.8,157.5,65.5,188.2,330.8,2.5,5.7,1.8,2.4,97.2,218.9,191.9,0.6,295.3,150.3,,417.1,38.8,173.0,3481.7
735,2021-07-12,163.7,2.4,37.3,132.6,6.3,100.3,7.4,19.4,65.5,129.8,18.4,10.9,330.2,26.7,241.2,37.2,29.4,165.7,63.3,221.8,428.7,2.5,5.2,1.6,2.5,104.3,246.6,262.1,1.9,296.2,168.6,,475.3,46.6,173.1,4032.8
736,2021-07-13,164.4,2.5,35.0,132.4,6.1,101.3,6.6,19.5,65.4,119.9,17.3,11.0,331.4,27.3,212.8,41.5,28.9,166.3,64.3,235.5,429.4,2.7,5.4,1.6,2.6,106.4,243.7,258.2,1.7,310.7,166.7,,482.5,45.5,174.8,4029.5
737,2021-07-14,159.7,2.3,35.0,132.0,6.1,104.3,7.6,19.4,65.4,108.3,19.2,10.9,333.3,28.7,185.4,42.6,29.1,160.3,63.4,238.6,424.1,2.5,5.7,1.6,2.4,114.7,258.7,247.8,1.7,309.0,159.1,,466.6,44.3,173.0,3971.2
738,2021-07-15,154.1,2.3,35.1,132.2,6.2,109.0,7.7,19.2,67.7,111.9,18.5,11.3,345.2,29.6,182.5,46.7,29.6,153.1,65.1,240.7,428.3,2.7,5.9,1.7,2.5,114.1,276.0,249.7,1.5,297.4,155.1,,485.8,44.7,177.9,4019.2
739,2021-07-16,160.2,2.3,36.0,132.9,6.8,113.2,7.7,18.7,68.0,125.9,18.0,12.4,346.0,47.1,208.3,43.8,29.9,159.2,66.1,248.8,421.5,2.5,5.7,1.6,2.4,119.6,291.6,269.2,1.4,302.9,173.3,,504.7,46.9,190.0,4193.3
740,2021-07-17,163.0,2.3,35.4,121.9,7.1,115.7,7.8,19.3,67.7,129.3,19.3,11.5,353.3,32.2,233.4,46.7,28.9,158.9,62.5,253.8,429.4,2.3,5.6,1.6,2.5,121.9,296.6,285.8,1.3,295.7,184.7,,489.7,47.0,190.4,4232.9
741,2021-07-18,157.8,2.3,34.9,117.6,6.4,113.0,6.0,18.6,64.7,120.6,19.6,10.3,328.9,28.3,209.3,46.4,28.2,136.2,58.2,231.8,414.9,2.6,5.6,1.6,2.5,118.5,299.4,260.3,1.1,258.0,188.4,,417.2,37.7,173.8,3928.0
742,2021-08-23,189.3,2.3,35.1,114.0,5.6,102.4,6.9,18.7,65.5,110.5,19.4,12.4,369.9,31.8,174.2,46.1,28.4,180.4,68.4,211.3,452.1,2.8,5.7,1.5,2.5,111.6,213.1,254.8,1.4,301.2,210.5,,406.4,42.7,176.7,3983.099999999999
743,2021-08-24,196.4,2.4,36.1,114.1,6.2,107.4,7.2,19.7,65.4,119.9,18.8,11.9,401.7,34.2,198.0,48.8,32.3,185.7,71.8,218.5,471.8,2.8,6.0,1.6,2.6,112.5,244.3,280.3,1.5,312.5,228.9,,407.2,43.3,183.9,4203.3
744,2021-08-25,194.0,2.4,36.6,111.5,6.7,112.1,7.5,19.9,65.8,118.8,18.2,13.0,404.9,35.0,206.7,48.9,31.5,188.8,73.5,225.5,489.7,2.6,6.1,1.7,2.6,120.2,257.9,289.8,1.4,324.4,232.4,,405.9,41.1,182.1,4287.200000000001
745,2021-08-26,190.8,2.5,35.5,109.1,6.9,114.1,7.6,20.0,64.5,117.1,19.6,12.9,414.2,34.6,219.4,49.1,28.7,195.8,72.9,231.8,482.0,2.7,5.9,1.6,2.5,122.1,270.9,289.1,1.3,326.3,204.7,,414.3,40.7,169.6,4289.0
746,2021-08-27,187.6,2.3,34.3,109.7,6.9,113.9,7.6,19.8,65.5,117.9,17.8,12.5,421.6,34.9,225.3,48.5,28.4,191.0,70.5,233.0,491.6,2.6,6.1,1.6,2.3,118.0,270.3,276.4,1.4,317.6,203.8,,417.0,37.4,163.6,4266.400000000001
747,2021-08-28,172.6,2.3,34.6,107.8,6.2,111.9,7.6,19.8,66.5,114.7,18.0,12.8,423.7,34.0,227.2,44.1,29.2,180.0,68.4,217.4,498.9,2.6,5.9,1.6,2.3,112.4,269.5,287.6,1.5,306.5,190.3,,424.3,36.0,166.2,4212.400000000001
748,2021-08-29,172.0,2.1,34.6,104.5,5.3,107.8,7.1,19.5,65.3,109.2,19.8,11.2,396.3,30.7,214.1,46.7,28.3,154.7,59.2,216.5,477.7,2.6,5.8,1.6,2.6,107.2,270.4,299.5,1.2,269.4,164.6,,418.3,37.4,157.3,4027.8
749,2023-12-18,188.6,2.9,25.7,84.0,4.0,87.8,,,69.6,71.2,,10.7,390.3,37.2,146.2,60.5,31.2,251.7,77.8,315.3,529.1,3.2,6.5,2.3,2.6,88.2,147.2,314.9,1.7,280.1,213.2,3.7,331.9,42.7,125.5,4020.3
750,2023-12-19,193.3,3.0,25.7,85.5,4.1,93.4,,,69.8,73.1,,12.5,390.6,37.5,152.0,59.5,30.7,256.6,80.2,320.6,537.3,3.2,6.5,2.3,2.6,99.5,148.3,319.0,1.8,292.1,219.3,3.9,337.2,44.0,133.2,4108.0
751,2023-12-20,195.4,2.9,26.7,85.6,4.3,90.8,,,72.5,74.6,,13.6,384.1,37.7,152.8,60.6,31.2,260.6,83.7,322.6,541.9,3.2,6.6,2.0,2.4,95.7,147.9,319.7,1.9,303.4,221.7,3.9,339.9,44.4,135.0,4139.200000000001
752,2023-12-21,195.6,3.1,24.8,85.7,4.1,92.3,,,72.8,74.1,,14.2,387.2,37.8,151.5,60.3,30.8,263.3,83.9,327.2,550.3,3.2,6.5,2.1,2.5,92.0,147.2,317.9,1.9,301.2,222.4,3.9,341.3,44.0,134.3,4151.4
753,2023-12-22,194.3,2.9,26.6,86.3,4.2,93.6,,,72.8,75.9,,13.7,399.8,37.1,152.3,60.1,30.4,271.0,84.7,328.5,556.4,3.0,6.3,2.0,2.4,87.8,145.3,320.6,1.9,308.8,219.5,3.9,342.0,44.2,134.9,4187.5
754,2023-12-23,195.6,3.0,26.6,85.4,3.9,93.8,,,73.2,71.7,,13.8,397.3,38.3,150.3,59.4,30.9,261.6,82.8,326.5,549.3,3.2,6.4,2.1,2.4,89.6,143.4,319.6,1.9,310.0,220.8,3.9,328.2,43.6,133.9,4144.599999999999
755,2023-12-24,193.8,2.7,25.3,86.4,3.7,93.2,,,71.8,68.9,,12.5,391.6,35.0,133.4,60.8,30.3,241.6,74.3,324.3,528.0,3.1,6.6,2.0,2.5,102.4,139.8,314.0,1.6,279.2,221.5,3.8,327.6,40.1,124.9,4017.500000000001
756,2019-05-13,193.3,1.8,19.0,104.2,5.1,91.9,7.1,18.0,66.8,110.5,4.8,11.5,378.4,27.7,152.5,46.6,26.5,219.6,85.3,200.3,499.8,2.1,4.7,1.7,1.8,91.0,156.3,215.5,1.1,341.5,167.1,,399.9,42.9,174.5,3879.8
757,2019-05-14,197.0,2.1,21.5,100.3,4.8,90.3,7.4,18.2,65.7,106.0,4.5,11.5,378.9,28.0,152.1,46.5,23.7,223.6,85.1,208.4,500.6,2.4,5.1,1.9,1.9,81.6,151.4,212.5,1.2,344.4,169.7,,405.6,43.0,157.1,3862.9
758,2019-05-15,196.7,2.1,23.8,100.2,4.8,87.4,7.4,18.1,66.5,102.7,4.2,11.5,376.5,29.6,150.7,45.9,25.5,225.7,84.6,213.9,497.9,2.4,5.1,1.7,2.2,81.0,153.8,221.5,1.1,339.4,170.1,,401.4,41.7,166.7,3873.1999999999994
759,2019-05-16,197.6,2.2,24.9,99.5,4.6,90.4,7.2,18.2,67.2,101.8,4.3,11.5,377.8,28.2,151.4,46.0,26.3,225.0,83.4,215.3,495.2,2.2,5.3,1.8,1.9,82.2,151.1,211.8,0.9,343.8,170.1,,404.7,40.7,184.1,3887.8
760,2019-05-17,197.4,2.3,24.8,103.1,4.7,94.1,7.3,17.9,67.6,100.9,5.9,11.5,374.3,28.2,143.5,46.1,28.9,222.2,83.6,216.6,495.1,2.3,5.0,1.7,2.1,90.0,137.9,192.2,1.1,348.3,175.9,,394.2,40.8,192.9,3869.600000000001
761,2019-05-18,197.7,2.2,24.5,103.6,4.4,91.0,7.5,17.8,68.4,88.4,6.8,11.5,371.8,27.2,137.8,45.9,28.6,220.9,81.5,213.3,496.7,2.5,5.3,1.7,2.0,94.9,136.9,194.9,1.1,335.7,173.4,,364.1,41.7,192.9,3803.6
762,2019-05-19,196.5,2.1,25.3,106.3,3.9,91.8,7.0,17.4,67.2,89.8,7.7,11.5,360.5,23.7,141.2,46.8,27.8,211.5,78.2,211.6,481.3,2.4,5.1,1.6,2.0,92.6,134.9,211.2,1.0,320.9,166.2,,400.3,40.8,172.0,3768.400000000001
763,2022-05-02,208.3,2.2,25.2,104.6,6.0,113.4,7.0,19.6,69.3,125.4,18.6,14.7,443.8,32.6,195.8,51.3,27.7,234.4,83.1,265.9,604.4,2.3,5.4,1.8,2.1,115.1,206.6,274.6,1.3,349.3,218.1,,457.4,45.2,142.8,4484.599999999999
764,2022-05-03,202.7,2.2,25.4,95.8,5.7,111.5,7.7,20.0,75.4,123.5,18.2,14.8,435.2,32.4,195.0,44.0,29.1,241.1,84.1,266.4,607.7,2.1,5.8,1.7,2.2,108.1,211.7,270.7,1.8,364.3,206.9,,471.3,46.7,137.3,4478.3
765,2022-05-04,200.7,2.2,27.0,109.2,5.0,110.1,7.8,20.1,74.6,118.5,19.7,15.4,436.2,31.7,175.6,47.7,29.6,234.2,84.4,265.8,607.6,2.2,5.5,1.8,2.1,109.3,190.5,279.3,1.8,359.6,176.3,,432.7,40.0,151.5,4385.5
766,2022-05-05,200.4,2.2,30.9,101.3,4.8,111.6,7.9,20.4,74.3,103.8,18.4,15.5,439.8,34.1,167.4,51.5,29.5,218.9,83.3,268.0,607.0,2.2,5.6,1.8,2.3,110.6,186.5,271.2,1.6,351.9,187.6,,372.2,41.2,158.1,4293.8
767,2022-05-06,195.1,2.2,33.4,107.8,5.2,110.7,8.0,20.3,75.9,113.3,19.6,15.3,440.4,35.1,180.6,50.8,30.5,219.3,85.0,267.7,605.1,2.4,5.5,1.8,2.3,103.3,196.3,268.9,1.7,370.4,190.8,,436.6,45.9,160.4,4417.9
768,2022-05-07,194.2,2.3,35.0,115.2,5.2,110.7,7.9,20.4,77.1,110.7,19.0,14.9,437.4,35.3,187.4,50.4,31.8,219.2,84.6,262.1,607.1,2.5,5.5,1.9,2.2,114.4,200.3,279.7,1.6,352.3,197.0,,452.8,45.7,172.8,4465.5
769,2022-05-08,190.0,2.3,34.2,116.5,5.0,110.2,7.5,19.8,77.5,110.0,18.8,13.5,420.5,31.8,173.9,54.4,32.4,199.6,77.9,263.2,593.3,2.4,4.9,1.8,2.2,126.4,197.2,279.0,1.2,327.9,193.7,,446.0,42.0,167.4,4353.4
770,2024-06-17,220.5,2.6,32.1,157.4,8.6,119.9,,,77.9,163.9,,14.1,493.5,38.4,283.0,58.7,48.1,224.3,83.6,269.5,537.0,3.0,5.4,1.9,2.8,136.0,331.8,365.6,1.4,379.9,203.1,,658.8,59.5,244.3,5303.1
771,2024-06-18,222.0,3.9,31.4,154.5,9.1,117.1,,,76.9,177.7,,14.8,492.9,39.0,288.0,57.3,48.9,226.5,87.1,255.2,537.4,3.2,5.7,1.7,2.8,133.5,339.3,378.4,1.4,367.0,215.2,,636.8,60.5,248.4,5309.9
772,2024-06-19,213.4,2.7,28.6,146.3,9.0,112.0,,,76.5,176.2,,14.1,486.5,36.6,293.4,54.1,48.5,228.2,85.5,252.1,542.3,3.1,6.0,1.7,2.7,143.8,325.9,378.8,1.0,357.3,215.3,,619.6,57.6,239.4,5233.4
773,2024-06-20,217.2,3.1,33.6,125.3,7.8,110.1,,,75.1,159.3,,14.4,493.0,36.1,259.6,53.9,45.3,225.8,82.7,257.6,540.5,3.4,5.5,1.8,2.8,140.2,307.4,364.5,1.4,359.9,215.7,,547.0,54.4,221.2,5041.2
774,2024-06-21,222.8,2.9,40.2,138.2,7.7,105.5,,,74.3,150.3,,14.2,498.3,38.7,265.7,55.7,44.8,225.9,81.0,240.5,541.7,3.4,5.5,1.7,3.0,128.4,318.0,324.3,1.2,363.5,218.2,,608.9,56.4,216.1,5071.7
775,2024-06-22,215.9,2.9,43.6,148.6,7.5,103.1,,,75.3,142.5,,14.3,494.8,39.5,268.5,55.7,46.5,229.1,78.8,239.5,541.8,3.4,5.4,2.0,2.9,125.2,323.2,331.2,1.3,358.6,206.1,,599.0,58.1,225.8,5065.000000000001
776,2024-06-23,207.0,2.7,43.7,154.9,7.4,107.2,,,76.0,142.1,,12.6,459.1,37.3,260.8,55.2,46.7,209.2,72.0,235.4,521.1,3.4,5.6,2.0,2.7,125.8,328.3,336.9,1.0,334.9,195.7,,590.0,54.4,221.5,4925.4
777,2017-02-20,158.8,2.2,21.7,61.4,3.3,80.1,6.9,16.9,62.1,60.1,8.3,9.9,298.0,24.7,118.5,40.6,21.2,211.5,66.8,190.9,457.3,2.2,5.7,1.4,1.8,70.2,110.9,204.4,1.6,287.9,171.9,,275.2,34.0,119.2,3213.7999999999993
778,2017-02-21,161.7,2.0,18.7,61.0,3.3,81.2,7.1,16.9,60.5,61.2,8.8,10.1,294.1,25.9,121.7,43.2,21.2,213.8,68.9,197.6,450.9,1.8,5.0,1.3,1.9,74.2,114.5,210.7,1.7,299.0,175.4,,280.9,32.4,122.2,3257.2
779,2017-02-22,164.3,2.0,17.2,60.3,3.3,82.4,7.2,17.1,61.4,61.1,9.0,10.0,291.5,26.2,124.8,43.2,23.9,217.7,70.8,202.0,456.9,2.0,5.0,1.4,1.8,74.4,119.1,215.5,1.5,295.8,178.9,,280.5,34.6,125.7,3294.9999999999995
780,2017-02-23,167.9,1.9,19.4,55.9,3.3,83.3,7.2,17.1,61.8,59.9,9.8,10.3,295.5,24.7,125.6,42.6,25.5,219.9,71.1,202.5,456.0,1.8,5.2,1.4,1.3,72.4,114.8,212.9,1.5,296.4,180.1,,265.6,33.2,127.3,3281.9
781,2017-02-24,166.2,1.8,21.3,62.9,3.1,80.6,5.6,16.5,60.9,46.4,9.8,10.0,288.0,28.9,126.7,50.9,23.2,221.6,68.8,201.7,394.6,1.8,5.5,1.3,1.4,75.1,114.9,208.4,1.3,293.6,179.8,,256.4,33.3,122.3,3191.600000000001
782,2017-02-25,162.8,2.0,22.3,61.2,3.1,80.9,6.4,16.6,60.6,56.3,9.7,9.5,291.6,27.9,125.2,42.5,24.1,209.0,69.2,200.0,450.1,2.1,5.1,1.3,1.8,75.5,112.8,210.5,1.8,290.2,170.7,,266.6,33.3,119.5,3228.9000000000005
783,2017-02-26,162.0,2.1,21.4,60.4,2.9,81.4,6.7,16.8,60.9,52.8,9.6,9.1,289.0,26.0,117.1,42.9,21.2,199.0,65.3,197.0,442.6,2.1,5.6,1.3,1.8,75.3,113.8,204.8,1.6,280.8,164.9,,271.8,30.3,112.6,3159.0000000000005
784,2017-08-21,146.5,2.1,29.1,80.5,5.2,86.2,6.9,16.7,62.3,116.6,1.5,9.0,265.6,27.1,186.2,40.7,24.8,161.3,63.0,172.0,354.0,2.1,4.7,1.1,1.9,85.0,207.5,223.5,1.1,264.7,151.1,,364.6,39.7,152.7,3363.9999999999995
785,2017-08-22,149.7,1.8,30.7,80.7,5.2,89.5,7.2,17.2,61.4,117.5,1.4,9.1,256.2,27.5,184.0,40.6,24.7,166.9,62.5,172.8,371.1,2.0,4.8,1.2,1.9,85.7,213.9,228.3,1.1,286.3,162.6,,373.1,40.6,155.0,3441.2999999999997
786,2017-08-23,150.7,2.0,33.1,81.1,5.2,90.3,6.5,17.2,62.4,112.3,1.3,9.0,258.0,28.1,175.2,40.8,24.4,170.5,65.7,173.8,390.7,2.1,4.5,1.2,1.6,85.6,216.4,219.9,1.0,282.5,172.2,,365.1,38.3,144.0,3440.1000000000004
787,2017-08-24,151.2,2.0,28.6,81.1,5.2,86.0,7.4,17.1,52.9,111.4,7.3,8.0,272.0,26.5,175.4,40.4,23.6,169.7,67.3,169.4,397.2,2.2,5.5,1.2,2.2,85.3,216.8,209.4,1.0,297.3,172.6,,372.5,39.1,150.2,3462.0
788,2017-08-25,136.6,2.0,31.7,79.6,4.7,85.7,6.4,16.5,64.3,106.2,7.4,6.7,278.8,25.9,174.0,38.7,24.7,146.6,67.8,164.7,360.3,2.1,4.6,1.2,2.3,85.1,190.0,194.2,1.2,273.3,153.1,,367.0,38.0,153.7,3301.7
789,2017-08-26,137.6,2.0,31.1,81.2,4.8,86.5,6.8,16.8,63.9,103.4,1.5,6.7,285.7,25.5,161.1,39.4,24.3,150.6,66.7,163.0,370.7,1.8,4.9,1.3,2.2,84.3,191.1,192.2,0.8,276.1,143.5,,361.6,36.9,153.1,3285.7999999999997
790,2017-08-27,137.1,2.2,31.0,75.4,4.9,87.4,6.8,16.7,63.2,98.5,2.0,6.7,271.7,24.4,169.0,40.2,23.7,141.1,60.0,157.6,373.8,1.8,4.9,1.2,2.2,84.6,204.2,194.0,1.2,260.2,147.7,,346.2,35.7,140.7,3224.399999999999
791,2022-06-27,191.4,2.5,34.9,128.9,7.9,100.6,,,74.8,145.4,19.5,11.6,391.7,36.0,243.5,54.4,35.1,204.3,75.0,227.2,483.9,2.5,5.3,1.7,2.6,130.5,321.8,300.5,1.5,343.9,162.6,,522.8,52.0,181.4,4535.0
792,2022-06-28,188.0,2.3,33.2,117.5,8.1,112.9,,,74.3,153.5,19.9,12.3,402.8,36.9,264.1,53.9,36.5,210.9,72.2,230.5,487.6,2.6,5.5,1.7,2.6,129.9,326.4,322.6,1.5,361.1,167.1,,520.4,51.2,187.2,4635.199999999999
793,2022-06-29,194.8,2.3,33.0,90.3,7.4,106.9,,,73.1,152.8,20.2,11.7,410.8,33.9,261.9,54.0,36.1,213.2,70.8,217.4,499.8,2.7,5.6,1.9,2.8,121.9,334.5,309.1,1.5,367.8,175.9,,470.5,47.9,187.0,4557.7
794,2022-06-30,196.1,2.4,35.1,100.6,5.6,105.1,,,73.5,123.5,18.3,11.8,413.0,32.7,193.2,49.9,35.2,206.9,68.5,205.3,491.7,2.7,5.3,1.8,2.7,125.4,273.2,281.6,1.5,362.0,183.1,,357.3,41.8,185.4,4230.1
795,2022-07-01,192.7,2.6,36.7,115.0,5.8,107.8,,,72.5,112.8,18.1,11.9,383.0,32.4,184.9,47.2,33.1,202.9,67.9,212.8,476.5,2.6,5.4,1.8,2.7,120.4,231.3,246.0,1.6,349.9,181.3,,419.3,44.8,182.1,4142.3
796,2022-07-02,195.0,2.6,40.3,116.3,6.2,102.9,,,73.0,109.1,18.3,11.9,357.5,34.1,206.0,52.0,31.0,195.5,69.1,209.2,476.1,2.6,5.4,1.8,2.4,115.2,277.7,235.1,1.4,342.7,174.1,,437.6,47.8,182.3,4168.599999999999
797,2022-07-03,188.8,2.3,36.8,123.1,5.9,102.4,,,72.7,112.4,19.1,11.5,341.5,29.5,197.9,49.4,32.9,183.0,61.0,203.0,474.3,2.5,5.4,1.6,2.6,115.1,261.2,222.8,1.0,325.8,164.1,,447.3,43.7,168.3,4044.2
798,2022-09-12,180.5,2.4,37.3,112.6,6.7,98.3,,,73.5,132.5,13.5,11.3,339.8,32.9,240.8,48.1,29.2,150.0,72.8,233.4,453.1,2.6,5.5,1.4,2.4,126.0,295.7,302.7,1.6,311.4,157.1,,508.1,48.0,155.5,4223.6
799,2022-09-13,190.0,2.4,37.4,109.0,6.6,98.6,,,72.8,127.5,13.4,12.0,335.3,35.1,230.9,48.5,29.1,161.0,73.7,213.6,452.2,2.6,5.6,1.5,2.4,131.9,293.8,305.9,1.7,329.2,168.4,,452.5,46.0,155.5,4183.5
800,2022-09-14,195.8,2.5,40.1,105.8,6.3,104.2,,,72.4,121.6,14.1,11.7,326.8,35.3,228.7,52.0,30.2,163.5,75.0,195.9,447.5,2.6,5.8,1.5,2.6,137.3,296.7,291.8,1.6,342.2,189.1,,410.8,46.2,166.9,4162.3
801,2022-09-15,198.8,2.4,40.6,105.7,5.8,108.8,,,73.2,112.5,14.1,12.6,325.0,34.4,209.3,53.9,30.5,168.7,76.1,193.5,442.5,2.7,6.1,1.5,2.6,138.5,282.8,284.5,1.7,341.4,202.2,,354.3,42.5,165.6,4072.4
802,2022-09-16,204.1,2.4,40.6,111.7,5.5,113.2,,,74.0,98.5,13.6,12.4,327.1,35.2,191.7,49.2,32.3,174.2,76.5,199.5,436.7,2.7,6.2,1.6,2.6,139.7,269.5,285.3,1.7,346.6,216.7,,326.7,41.3,163.7,4039.999999999999
803,2022-09-17,210.3,2.4,39.4,110.9,5.5,104.9,,,69.5,98.0,13.3,12.3,329.6,34.4,194.2,48.4,33.6,180.1,76.2,200.2,431.5,2.7,5.8,1.6,2.9,141.6,265.4,282.9,1.5,334.7,219.2,,355.9,37.1,155.3,4036.8
804,2022-09-18,208.5,2.4,41.7,114.7,5.1,106.7,,,71.4,99.3,13.7,11.3,327.5,32.7,190.1,49.6,31.5,172.0,71.1,206.6,421.9,2.6,6.0,1.6,2.9,137.5,264.1,288.7,1.0,314.8,214.8,,378.5,36.1,160.6,4021.9
805,2017-03-06,167.4,1.9,21.0,65.6,3.2,85.1,7.0,16.5,62.6,59.4,8.2,8.7,299.5,26.0,124.3,41.5,25.2,217.8,66.7,189.0,457.1,2.0,5.6,1.3,1.8,76.7,114.8,205.6,1.5,289.9,180.5,,286.4,33.8,118.6,3278.9
806,2017-03-07,164.1,2.1,22.2,66.2,3.3,84.7,7.2,16.9,63.4,60.4,9.1,9.6,301.3,27.3,127.2,42.4,23.7,214.3,68.7,184.7,458.7,2.2,4.5,1.5,2.0,75.5,102.5,205.3,1.6,299.7,180.6,,290.8,34.3,124.7,3289.7000000000003
807,2017-03-08,162.2,2.2,21.8,64.6,3.3,74.9,7.2,17.0,61.1,61.1,8.6,9.6,300.9,27.1,111.3,43.5,23.8,212.5,68.9,187.8,459.8,2.1,4.9,1.4,1.9,73.0,96.2,202.9,2.2,301.0,179.5,,283.4,33.9,121.7,3239.5
808,2017-03-09,166.2,2.1,20.3,66.7,3.3,78.9,7.2,17.1,71.2,60.8,8.0,9.4,307.1,27.5,107.9,41.3,22.3,217.3,69.4,185.7,457.1,2.3,4.8,1.5,1.9,73.3,86.5,200.4,1.5,300.6,181.2,,265.2,30.5,110.3,3214.0
809,2017-03-10,157.2,2.1,22.3,59.2,3.4,80.1,7.3,16.8,64.5,60.7,7.2,9.6,303.7,27.0,103.9,30.3,21.5,214.4,69.3,172.7,439.0,2.2,4.9,1.4,1.8,70.2,85.9,175.7,1.8,296.5,180.3,,227.5,32.3,103.9,3063.8
810,2017-03-11,156.9,2.0,19.7,49.8,3.2,80.0,7.2,16.5,67.4,57.5,6.9,9.2,289.6,27.6,102.1,31.0,22.0,216.8,68.0,166.0,437.6,2.1,5.0,1.3,1.8,68.7,85.0,177.7,1.4,298.6,174.8,,233.7,33.0,101.4,3028.5
811,2017-03-12,158.5,1.9,19.7,60.0,2.9,78.9,6.5,16.1,60.1,51.1,7.2,8.2,261.4,25.1,100.3,42.7,22.7,209.3,63.3,171.9,423.9,1.9,5.0,1.3,1.3,71.9,82.7,176.0,1.9,278.9,168.6,,262.1,30.3,91.3,2971.1
812,2017-09-18,144.0,1.9,26.6,75.3,5.3,82.2,7.0,16.4,63.2,107.3,7.6,8.7,295.3,25.7,168.7,40.3,23.4,130.7,59.9,164.0,374.6,2.0,3.7,1.3,2.0,87.6,206.7,199.7,1.0,259.3,164.0,,399.1,40.4,142.4,3344.2
813,2017-09-19,153.0,1.9,30.6,83.8,5.5,79.9,7.4,16.1,65.7,108.4,7.7,8.7,309.1,27.0,177.9,40.4,24.7,138.1,64.6,169.4,373.5,1.9,4.4,1.2,1.9,84.8,189.3,215.5,1.2,279.5,173.7,,381.8,39.9,145.2,3421.0000000000005
814,2017-09-20,164.7,2.2,30.3,74.8,5.4,73.1,7.4,15.4,65.9,108.6,7.4,8.7,314.0,27.6,179.8,39.9,23.5,159.8,65.0,164.1,359.9,2.2,4.5,1.3,2.1,90.5,199.8,204.5,1.6,305.3,184.5,,392.3,40.7,145.2,3479.4999999999995
815,2017-09-21,164.7,2.2,30.3,74.8,5.2,75.9,7.4,17.2,65.9,109.4,8.4,9.1,321.0,27.8,179.4,42.4,23.5,159.8,65.0,146.4,361.4,2.2,4.5,1.3,2.1,90.5,192.6,215.9,1.6,305.3,184.5,,369.8,40.9,145.2,3461.1
816,2017-09-22,162.2,2.2,30.7,80.6,5.0,78.7,7.5,17.1,65.6,98.2,8.6,9.0,322.8,25.6,154.8,42.7,23.7,163.6,65.5,143.2,360.1,2.3,4.9,1.3,2.2,86.0,206.2,203.8,1.2,307.5,189.7,,296.8,37.6,151.4,3365.7000000000003
817,2017-09-23,168.6,2.4,29.0,85.7,3.9,81.9,3.6,17.2,67.5,83.4,8.8,9.5,326.3,21.7,113.1,42.0,24.9,168.0,66.4,155.5,377.2,2.0,5.4,1.3,2.2,84.2,171.3,198.6,1.3,297.1,190.0,,282.0,33.3,157.6,3290.5000000000005
818,2017-09-24,162.5,2.3,29.8,89.9,3.7,83.8,6.6,16.9,66.6,77.3,9.5,8.6,321.0,21.1,118.7,40.1,24.1,158.4,62.7,163.3,374.9,2.1,4.6,1.3,2.1,88.0,166.3,200.6,1.5,289.4,189.7,,311.6,32.4,157.1,3295.5
819,2018-02-12,172.4,2.2,22.9,66.6,3.3,61.9,7.0,17.6,69.4,63.7,11.3,9.1,294.8,25.4,103.5,31.4,23.7,206.9,70.4,161.7,395.2,2.7,5.3,1.5,2.0,79.2,86.0,218.4,1.8,285.2,186.0,,255.4,33.0,116.8,3100.3000000000006
820,2018-02-13,172.1,2.2,24.0,66.6,3.3,65.6,5.8,17.4,68.2,63.7,12.4,9.6,286.3,26.8,116.2,39.7,23.5,214.5,70.3,165.9,401.4,2.4,5.3,1.6,2.0,76.4,96.3,206.2,1.6,293.9,189.3,,257.7,36.6,121.8,3153.5
821,2018-02-14,170.0,2.4,23.3,66.2,3.2,62.1,6.6,17.5,68.2,64.0,12.2,9.5,287.9,27.0,119.2,40.4,21.6,210.7,70.7,168.6,404.4,2.5,5.7,1.5,1.9,75.7,106.4,208.6,1.2,295.8,186.4,,266.3,35.6,123.2,3173.4
822,2018-02-15,169.3,2.3,22.3,67.2,3.4,69.3,7.3,17.7,69.3,63.1,12.3,9.7,298.8,27.6,119.7,41.0,22.3,211.2,71.2,175.7,416.2,2.4,5.6,1.6,2.3,78.6,107.6,202.4,1.0,301.0,191.7,,274.4,37.8,121.9,3232.2000000000007
823,2018-02-16,172.1,1.4,22.7,69.4,3.3,71.3,7.4,17.6,69.2,64.8,11.5,9.5,305.1,27.8,122.5,45.6,21.0,214.5,72.2,182.1,418.1,2.4,6.4,1.5,2.3,71.0,109.9,209.3,1.2,311.6,195.2,,283.9,35.2,119.3,3285.4
824,2018-02-17,173.4,1.9,23.2,67.2,3.2,71.9,6.8,17.4,71.4,60.7,11.4,9.9,304.3,27.0,119.9,44.6,22.0,214.2,71.5,182.1,422.4,2.5,5.2,1.7,2.1,69.9,111.2,210.3,1.6,305.4,195.6,,281.8,36.3,121.4,3278.3000000000006
825,2018-02-18,173.2,1.9,22.3,68.4,2.9,72.1,6.8,17.3,69.0,58.4,11.6,9.9,293.9,25.1,111.8,44.4,22.1,203.7,65.8,183.7,409.9,2.4,5.5,1.3,2.0,76.2,105.5,208.3,1.2,284.5,194.4,,274.5,33.5,115.7,3185.7
826,2017-01-02,144.8,2.0,21.1,61.3,3.4,68.2,5.7,15.2,57.4,59.0,12.3,8.7,271.7,25.2,110.4,46.0,22.0,193.0,63.0,207.6,403.1,2.3,4.6,1.3,2.1,74.8,96.4,198.9,1.5,277.6,152.6,,277.4,32.0,100.5,3029.2000000000003
827,2017-01-03,147.6,1.8,20.2,61.5,3.5,68.5,6.3,15.8,58.5,60.0,12.6,9.0,275.0,26.6,114.1,49.0,21.0,195.8,64.6,210.1,408.8,2.5,4.8,1.4,2.0,70.2,101.1,196.6,1.4,288.5,155.2,,277.8,34.2,101.2,3073.7
828,2017-01-04,150.5,1.8,21.1,62.0,3.5,69.6,6.5,15.4,59.5,60.4,10.9,7.8,277.2,22.7,115.2,40.8,21.4,199.1,65.0,208.0,410.8,2.2,3.1,1.4,1.8,74.5,102.4,199.3,1.6,290.9,157.0,,285.7,32.8,100.2,3088.3999999999996
829,2017-01-05,152.0,1.9,21.0,61.8,3.3,71.3,6.5,16.2,60.2,59.1,9.2,8.9,284.1,25.6,117.5,42.3,23.4,197.0,64.4,215.1,405.7,2.1,4.7,1.6,2.1,72.1,103.8,212.2,1.7,295.0,156.9,,282.9,34.0,103.5,3125.5
830,2017-01-06,149.9,1.9,22.2,62.4,3.5,72.8,6.6,16.2,59.5,61.3,10.1,8.7,285.3,24.4,118.6,29.5,23.3,199.7,64.5,216.1,403.2,2.0,4.6,1.4,2.1,70.5,99.2,214.0,2.0,293.2,157.9,,278.5,34.2,103.7,3109.2999999999997
831,2017-01-07,148.3,1.7,22.0,62.8,3.4,72.5,6.6,16.5,61.0,57.8,9.3,8.6,279.7,20.1,99.8,32.2,24.1,199.1,63.5,215.5,403.8,2.2,4.9,1.5,1.8,67.4,91.7,211.4,2.1,283.3,156.8,,250.2,25.6,101.4,3015.0
832,2017-01-08,145.1,1.9,21.2,64.1,3.3,71.7,6.1,16.2,61.3,57.0,8.1,7.8,271.7,20.9,102.7,43.5,23.8,189.8,58.6,212.5,395.0,2.2,4.4,1.4,1.8,67.7,90.5,207.1,2.2,269.0,153.4,,268.3,29.0,93.6,2978.6
833,2018-12-10,173.5,2.2,22.7,71.2,3.4,75.7,6.8,17.3,63.9,62.0,10.4,9.5,324.4,28.3,125.3,46.7,23.1,206.5,71.5,251.5,429.5,2.8,6.4,1.6,2.3,72.3,124.7,231.9,1.5,283.6,169.3,,257.7,36.1,111.2,3333.2999999999997
834,2018-12-11,173.4,2.1,24.2,72.4,3.4,69.9,7.1,17.5,63.9,63.8,10.5,9.5,328.6,28.1,126.8,46.9,23.1,209.3,72.4,252.1,426.2,2.7,6.3,1.5,2.2,72.3,121.3,237.2,1.5,292.5,174.1,,261.1,37.4,113.9,3361.9
835,2018-12-12,174.9,2.1,23.4,71.0,3.5,74.7,7.3,17.5,62.6,64.0,10.6,9.5,323.2,29.1,113.5,48.0,22.7,211.5,72.0,248.3,429.4,2.6,6.2,1.6,2.2,75.4,122.0,224.7,1.7,296.2,171.2,,258.1,37.7,115.6,3340.4999999999995
836,2018-12-13,172.4,2.1,23.9,71.5,3.4,75.7,7.1,17.3,63.7,64.5,9.7,9.8,318.5,28.8,114.3,48.0,21.7,213.7,71.5,248.9,421.5,2.6,6.1,1.6,2.0,76.9,123.9,224.3,1.5,298.2,172.9,,255.8,38.2,115.8,3334.5000000000005
837,2018-12-14,170.2,2.1,23.6,72.1,3.5,76.6,7.0,16.6,62.0,65.3,9.7,9.6,314.9,29.3,118.1,50.6,24.7,212.0,67.6,250.2,413.0,2.6,6.1,1.8,2.1,69.9,115.4,229.9,1.5,301.0,166.9,,267.6,38.2,118.2,3326.5999999999995
838,2018-12-15,166.9,2.3,22.8,70.6,3.3,76.1,6.4,16.9,63.4,61.6,11.8,9.8,317.7,29.0,120.2,49.8,24.1,203.5,70.4,250.3,412.4,2.8,6.0,1.5,2.0,75.9,121.0,228.0,1.5,288.8,171.8,,257.9,37.4,116.2,3306.7999999999997
839,2018-12-16,154.3,2.5,22.3,74.9,3.1,75.4,6.6,16.5,63.6,60.2,12.1,8.7,306.4,26.7,111.0,47.1,21.8,187.9,62.2,245.9,400.8,2.5,6.1,1.7,2.2,77.5,118.0,224.5,1.3,271.1,166.8,,263.7,35.2,102.4,3188.9
840,2021-01-25,183.7,2.2,24.0,91.0,4.0,95.4,7.3,19.2,69.4,75.1,16.1,10.4,344.4,32.6,132.3,56.4,26.2,229.8,72.4,289.7,483.0,2.8,6.7,1.5,2.1,74.5,127.5,263.0,1.9,275.5,236.9,,303.8,40.9,116.2,3725.1
841,2021-01-26,183.0,2.3,23.2,89.5,3.4,92.9,5.0,16.3,67.7,62.6,17.4,9.0,328.3,28.6,118.7,56.7,26.5,219.3,68.2,287.8,441.0,3.0,6.7,1.6,2.2,75.8,119.0,261.9,1.6,259.8,234.2,,312.5,36.1,118.4,3586.8999999999996
842,2021-01-27,187.1,2.5,24.2,90.8,3.9,95.3,6.5,18.1,72.6,72.3,16.7,9.8,334.5,32.2,133.8,54.8,25.6,230.0,70.4,284.2,470.6,2.8,6.9,1.8,2.2,76.4,130.8,264.2,1.9,275.3,239.5,,307.4,40.6,125.9,3719.3
843,2021-01-28,185.1,2.5,24.5,95.6,4.2,94.1,7.6,19.7,66.9,74.6,16.0,10.2,334.5,33.4,140.9,53.7,25.8,234.1,70.3,288.4,485.2,3.2,6.9,1.6,2.3,77.2,135.6,267.1,1.9,286.0,243.1,,317.2,42.6,131.0,3790.9
844,2021-01-29,185.9,2.6,24.2,94.3,4.1,81.5,7.7,19.7,69.4,74.2,16.3,10.0,344.7,33.9,143.3,56.0,25.2,237.0,71.4,286.4,480.6,3.1,6.8,1.6,2.0,76.2,134.2,269.2,1.8,292.6,251.6,,319.0,42.9,133.9,3810.9
845,2021-01-30,188.1,2.3,24.0,92.6,3.9,84.2,7.6,19.6,68.6,71.6,16.6,10.2,346.5,33.3,142.7,55.5,26.1,235.7,72.7,288.7,475.4,3.0,6.4,1.7,2.0,75.2,140.6,268.4,1.8,292.9,251.9,,318.9,42.8,130.1,3809.2
846,2021-01-31,182.1,2.5,23.7,96.5,3.5,87.9,7.0,19.2,68.6,68.3,16.6,9.3,337.2,30.9,130.4,55.4,26.3,223.6,67.8,285.2,466.6,3.0,6.9,1.8,2.1,74.1,142.4,262.7,1.6,272.4,245.7,,311.3,39.7,123.3,3702.7
847,2023-04-24,220.2,2.2,26.5,98.3,4.5,101.8,,,73.7,86.2,,13.3,440.3,30.0,149.9,55.7,29.5,294.1,96.2,230.6,582.7,2.4,5.0,1.8,2.0,115.8,147.8,259.6,1.3,359.5,197.9,4.9,334.6,40.9,164.5,
848,2023-04-25,228.4,2.1,30.7,105.4,4.3,102.0,,,76.6,87.7,,15.9,445.6,31.7,155.4,54.6,30.5,287.6,92.5,241.2,590.0,2.6,5.1,1.8,2.3,108.1,149.7,269.7,1.5,370.5,188.1,5.5,360.2,42.9,172.6,
849,2023-04-26,227.0,2.2,33.1,116.4,4.5,103.9,,,77.3,92.4,,15.1,444.2,31.3,162.3,55.3,32.1,284.4,88.7,231.5,579.9,2.7,5.2,1.8,2.3,109.9,162.5,268.8,1.5,369.3,159.4,5.7,401.5,44.2,189.6,
850,2023-04-27,232.9,2.8,33.4,114.8,4.5,107.2,,,77.9,94.1,,15.3,447.3,30.0,159.3,52.5,32.8,289.5,90.1,210.8,551.1,2.6,5.1,1.9,2.4,119.9,153.1,265.1,1.5,374.6,177.9,4.9,406.8,43.2,182.0,
851,2023-04-28,234.4,2.7,31.9,119.2,4.7,100.5,,,77.4,93.8,,15.5,444.0,31.2,160.7,57.0,31.6,287.8,91.9,211.2,527.1,2.6,5.2,2.0,2.4,117.3,161.0,257.7,1.5,384.2,180.0,5.0,406.5,44.2,178.3,
852,2023-04-29,222.7,2.5,29.8,122.0,4.5,97.6,,,77.1,89.3,,15.6,410.6,37.7,161.5,59.0,33.4,275.0,86.8,195.0,515.2,2.8,5.2,1.9,2.4,115.5,155.5,231.1,1.3,370.7,169.4,5.5,409.9,45.1,186.8,
853,2023-04-30,210.6,2.5,28.3,105.2,3.9,89.5,,,74.4,81.6,,14.2,377.5,28.9,135.5,57.8,31.7,229.1,79.1,178.1,484.2,2.5,5.2,1.8,2.5,118.6,140.6,213.6,1.0,332.2,157.7,5.2,343.4,37.5,159.4,3803.7
854,2018-09-10,196.8,2.3,29.2,93.1,5.2,88.9,7.7,18.7,57.9,98.1,11.3,12.6,336.1,18.8,157.2,40.1,22.2,201.3,63.1,166.9,467.7,2.2,5.3,1.5,2.3,99.2,199.9,182.3,1.1,297.7,230.6,,336.7,39.9,161.9,3663.2
855,2018-09-11,193.1,2.2,27.3,94.4,5.3,91.1,7.7,18.9,56.0,104.2,10.9,12.5,346.9,28.9,170.9,38.6,24.9,206.7,68.4,175.4,486.4,2.1,5.8,1.5,2.3,97.9,211.9,189.9,1.1,320.2,231.1,,348.2,39.7,165.2,3795.4
856,2018-09-12,184.2,2.2,27.2,96.9,5.1,92.7,7.8,19.0,56.6,107.4,10.4,12.8,355.9,28.6,168.7,38.9,25.4,204.3,69.7,180.7,487.6,2.2,5.9,1.4,2.1,92.9,208.9,201.0,1.2,319.4,219.8,,338.9,39.1,166.7,3789.6
857,2018-09-13,180.4,2.4,30.4,95.3,5.0,96.8,6.6,16.2,62.6,106.5,10.9,12.1,362.5,27.9,170.2,37.3,25.4,193.8,69.5,188.1,466.1,2.2,4.2,1.5,2.2,95.5,205.3,203.3,1.1,313.3,217.0,,339.6,38.2,168.3,3765.1
858,2018-09-14,182.5,2.3,30.4,93.7,5.1,96.8,7.1,17.9,61.9,106.9,10.6,11.5,374.0,28.2,176.3,37.9,24.6,203.3,69.9,193.7,487.3,2.4,4.7,1.6,2.4,102.8,206.7,213.0,1.0,313.7,228.1,,356.0,39.3,168.1,3869.4
859,2018-09-15,185.0,2.3,30.6,99.3,5.0,99.6,7.6,18.3,58.1,103.2,10.4,11.7,375.7,28.7,175.9,36.3,25.2,203.7,70.2,199.5,449.1,2.3,4.8,1.5,2.4,107.6,212.3,216.7,1.1,305.5,228.6,,368.8,40.3,165.1,3860.2000000000007
860,2018-09-16,174.3,2.7,30.4,97.9,4.5,99.6,7.2,18.1,57.5,98.4,10.7,10.8,370.1,27.1,173.1,37.3,24.5,190.6,65.3,200.7,483.6,2.2,5.1,1.4,2.4,98.7,205.3,214.6,0.9,276.9,230.2,,363.4,38.0,158.8,3788.6
861,2020-09-28,162.7,2.2,31.7,103.7,4.8,92.1,7.0,18.0,65.1,104.2,18.0,9.4,336.3,29.5,183.9,52.5,29.2,156.0,68.6,209.8,398.6,2.6,5.7,1.6,2.3,95.9,220.5,245.2,1.2,293.6,152.3,,405.0,38.9,170.8,3727.500000000001
862,2020-09-29,164.1,2.1,34.8,109.6,4.8,93.3,7.3,18.2,64.7,105.4,16.1,9.9,340.0,30.6,187.3,48.1,30.0,160.3,69.1,213.1,409.2,2.7,5.9,1.7,2.4,97.2,216.8,247.7,1.2,283.3,159.2,,408.4,39.8,175.8,3767.4
863,2020-09-30,150.5,2.0,36.4,113.0,4.6,94.7,7.3,18.2,66.8,102.4,17.6,9.7,339.8,30.6,185.7,47.6,29.7,152.1,67.5,216.2,413.0,2.5,5.9,1.5,2.3,88.6,208.6,245.7,1.2,272.7,156.4,,403.0,39.7,168.8,3709.5
864,2020-10-01,147.9,2.0,35.6,115.9,4.5,92.8,7.0,17.7,63.3,100.6,17.3,10.0,346.4,30.4,183.4,47.4,27.7,154.9,67.9,215.7,409.1,2.7,5.8,1.6,2.6,86.1,195.4,247.9,1.2,282.0,159.5,,403.9,38.9,166.9,3698.500000000001
865,2020-10-02,153.6,2.0,33.6,114.6,3.9,93.6,6.2,16.7,61.4,87.1,17.5,9.0,346.3,26.7,164.1,48.1,27.6,154.0,64.8,215.0,405.5,2.5,6.0,1.5,2.6,88.9,190.9,243.6,0.9,271.6,166.9,,396.5,33.4,158.2,3620.9
866,2020-10-03,155.2,2.0,33.5,109.1,4.2,88.7,6.7,17.4,63.0,91.9,17.1,9.4,355.1,29.3,172.3,46.3,27.2,156.9,66.9,217.3,420.0,2.6,6.1,1.7,2.6,88.4,194.1,245.5,1.1,284.3,181.0,,405.5,37.1,158.3,3704.000000000001
867,2020-10-04,155.3,2.0,31.8,107.6,3.8,83.4,6.8,17.8,62.3,85.3,17.8,8.9,344.7,27.5,162.5,46.9,26.9,146.9,62.4,215.2,411.2,2.7,5.7,1.5,2.6,91.9,185.6,239.1,1.0,281.9,183.7,,394.9,36.2,151.5,3612.1
868,2019-06-03,174.6,2.2,28.3,93.8,6.5,85.5,7.1,17.6,64.0,135.5,5.5,12.3,390.7,30.3,189.3,42.6,19.6,175.5,79.6,216.9,500.4,2.4,5.9,1.8,2.1,80.5,181.3,261.8,1.2,328.4,154.4,,412.6,45.8,152.9,3917.9
869,2019-06-04,183.4,2.2,26.6,104.1,5.2,90.6,7.5,17.6,66.5,131.8,5.8,12.3,394.8,28.1,184.2,42.4,24.8,197.4,82.5,223.0,495.4,2.5,5.8,1.9,2.1,88.1,162.6,268.1,1.1,343.5,154.8,,444.2,46.6,167.4,4023.999999999999
870,2019-06-05,193.4,2.1,29.9,109.2,5.9,92.1,7.5,17.5,67.4,131.2,5.5,12.0,387.9,30.4,189.4,47.6,26.7,199.3,75.9,227.5,492.8,2.8,6.0,1.7,2.1,89.1,186.4,271.3,1.1,324.2,168.2,,471.8,47.5,155.0,4087.2
871,2019-06-06,184.1,2.1,31.2,104.2,5.7,89.6,7.5,17.6,67.6,134.4,5.4,11.9,395.0,29.0,185.1,47.5,27.5,175.5,77.8,227.6,494.2,2.7,6.0,1.7,2.2,81.3,198.8,270.4,1.2,331.6,160.9,,431.1,42.1,155.6,4015.099999999999
872,2019-06-07,187.5,2.0,30.3,104.5,5.7,85.1,7.7,17.5,64.8,129.2,6.2,11.9,400.8,30.6,183.5,47.9,25.8,179.1,79.1,223.5,485.7,2.4,5.8,1.8,2.1,89.4,186.0,275.2,1.2,339.9,159.9,,381.6,41.9,160.6,3965.4
873,2019-06-08,187.2,2.0,31.1,107.1,5.7,85.6,7.6,17.4,64.1,129.0,5.4,11.9,398.1,30.1,187.4,47.5,26.8,180.8,78.7,219.8,472.7,2.3,5.9,1.7,2.1,88.0,190.3,271.0,1.2,337.3,144.0,,433.9,46.1,166.4,3995.4
874,2019-06-09,189.7,2.2,29.3,105.8,6.1,90.0,7.4,17.1,66.6,123.8,5.5,11.9,387.1,26.8,179.9,46.0,27.0,173.7,65.8,219.9,461.6,2.2,6.0,1.6,2.3,91.6,188.4,264.9,1.0,312.0,156.0,,443.4,42.7,174.5,3938.000000000001
875,2018-08-06,181.6,2.2,33.3,80.9,4.9,96.1,7.4,17.9,66.8,105.7,11.1,11.6,344.1,24.9,170.8,40.7,22.0,183.2,64.9,185.4,446.0,2.2,5.6,1.4,2.2,98.2,254.8,235.1,1.0,309.6,209.1,,324.2,34.5,156.9,3743.8
876,2018-08-07,178.4,2.1,34.7,85.3,4.8,88.7,7.7,17.5,67.0,105.0,10.8,10.0,349.2,26.8,164.3,33.4,22.6,183.9,63.7,187.4,456.1,2.2,5.7,1.6,2.2,97.5,216.6,235.1,0.9,313.3,205.3,,330.9,33.7,152.1,3704.099999999999
877,2018-08-08,173.8,2.1,30.8,84.6,5.2,79.8,7.7,18.2,66.3,109.9,12.4,9.5,355.2,26.4,166.9,40.1,22.6,183.5,63.2,171.3,452.7,2.3,5.7,1.7,2.2,98.9,217.0,228.1,0.8,270.3,201.3,,336.6,36.4,159.0,3648.9
878,2018-08-09,174.8,2.2,33.1,88.5,5.5,84.4,7.6,18.3,67.1,116.9,11.5,9.5,341.4,26.9,176.0,42.5,23.0,185.0,62.2,174.9,434.2,2.4,5.7,1.5,2.5,109.5,226.2,210.5,1.3,305.3,200.2,,374.4,38.8,166.9,3737.2
879,2018-08-10,176.1,2.3,34.7,93.0,5.7,86.4,7.6,18.1,66.2,120.7,9.2,9.5,353.4,28.6,188.4,39.8,24.3,189.3,63.2,179.0,443.3,2.3,5.8,1.5,2.5,108.5,241.3,228.2,1.1,314.5,201.5,,391.0,38.6,172.5,3855.7
880,2018-08-11,158.3,2.5,32.2,92.6,5.9,85.8,7.7,18.1,67.8,117.6,10.2,9.5,352.1,28.6,191.0,38.0,24.8,180.2,61.9,178.5,441.3,2.5,5.6,1.7,2.5,104.8,249.1,226.2,1.0,301.7,171.4,,379.2,40.8,176.3,3774.9
881,2018-08-12,154.7,2.3,31.0,90.8,4.9,84.5,7.1,18.0,67.7,110.4,9.3,9.5,336.4,25.0,177.8,36.8,24.3,161.9,57.3,179.2,425.6,2.5,5.6,1.4,2.3,101.3,230.1,232.6,0.9,277.0,143.2,,337.4,35.5,166.4,3557.7000000000003
882,2024-05-27,224.4,3.3,30.0,149.8,8.3,121.4,,,74.2,161.1,,16.6,492.8,36.7,253.2,54.7,44.9,211.3,80.5,303.0,599.7,3.0,4.6,1.5,2.9,134.4,278.7,364.6,1.3,347.6,198.2,,642.3,64.9,135.8,5117.6
883,2024-05-28,237.0,2.8,17.9,152.8,8.3,122.0,,,76.9,161.7,,17.2,486.8,38.7,254.8,53.9,48.0,223.9,79.9,299.0,602.4,1.9,3.6,0.7,1.8,144.7,280.4,365.0,1.5,384.4,208.0,,638.6,66.3,200.5,5255.600000000001
884,2024-05-29,246.8,2.8,29.0,160.2,8.4,124.4,,,76.7,163.4,,17.2,484.0,39.0,257.2,53.3,50.1,235.0,79.4,308.7,627.0,2.1,4.0,1.3,2.1,146.4,282.6,375.7,1.5,392.6,218.2,,637.4,68.2,234.4,5402.999999999999
885,2024-05-30,258.3,2.7,29.2,156.0,8.6,125.9,,,75.2,162.7,,17.1,497.2,39.2,259.3,54.4,49.7,253.1,80.4,310.4,635.3,2.3,3.6,1.5,2.4,147.1,279.6,379.1,1.5,403.6,225.6,,629.7,60.3,234.8,5460.7
886,2024-05-31,262.4,2.7,32.0,125.1,8.3,125.5,,,73.6,163.8,,17.6,498.4,38.9,259.6,55.8,45.2,268.7,83.7,309.0,632.4,2.6,4.6,1.9,2.6,140.8,283.9,368.4,1.5,419.2,231.2,,632.0,60.7,182.6,5409.6
887,2024-06-01,243.1,2.6,34.5,145.0,7.1,122.0,,,69.0,154.2,,17.1,495.3,33.2,239.1,55.4,44.0,262.0,83.0,302.6,632.1,2.7,4.8,1.7,2.6,132.1,248.0,364.4,1.2,397.5,229.0,,621.1,58.0,203.9,5283.299999999999
888,2024-06-02,221.6,2.8,30.2,134.2,7.3,117.5,,,69.3,144.6,,12.8,470.7,34.5,225.8,54.5,42.5,219.8,77.7,292.4,612.4,2.8,4.7,1.9,2.5,124.4,251.2,337.1,1.0,341.4,209.8,,585.3,53.7,208.7,4967.3
889,2020-08-31,183.4,2.0,32.3,121.6,5.4,82.9,6.3,16.4,64.9,93.3,16.7,9.5,256.8,30.4,173.3,46.6,29.1,183.5,64.1,178.2,378.1,2.8,5.2,1.7,2.3,90.1,211.5,174.7,1.0,296.1,197.5,,413.8,39.7,172.1,3591.1
890,2020-09-01,178.5,2.2,32.5,120.1,5.5,87.6,6.3,16.3,64.1,97.5,14.8,10.2,261.4,30.8,185.2,43.2,28.8,179.2,65.6,188.6,382.3,2.5,5.2,1.7,2.3,86.4,226.3,180.8,1.1,289.0,209.2,,439.9,41.6,159.6,3653.999999999999
891,2020-09-02,171.7,2.2,37.8,106.9,5.9,80.0,6.6,16.7,63.8,102.1,15.5,9.2,272.4,31.8,194.5,43.2,27.2,171.6,65.3,191.1,401.1,2.4,5.3,1.6,2.1,86.9,236.9,190.8,1.1,275.8,203.7,,428.5,41.5,154.5,3655.4
892,2020-09-03,172.7,2.2,37.1,117.1,5.8,84.4,6.7,17.1,64.3,108.4,17.4,9.1,272.4,30.8,201.5,43.7,27.8,155.2,67.2,192.9,408.6,2.9,5.5,1.6,2.3,94.1,234.4,194.4,1.1,280.4,197.7,,434.8,42.6,164.5,3706.500000000001
893,2020-09-04,177.8,2.1,36.8,121.5,5.7,89.6,6.8,17.1,65.7,110.7,15.8,9.4,294.7,31.4,196.4,43.2,28.7,164.5,69.5,201.6,417.5,2.8,5.5,1.6,2.3,94.8,201.3,185.8,1.2,284.4,210.9,,451.6,42.9,175.9,3775.499999999999
894,2020-09-05,182.6,2.1,34.5,124.7,5.6,89.9,6.9,17.2,64.4,104.4,16.7,9.5,305.3,31.3,185.7,43.5,29.0,167.5,68.9,208.5,425.1,2.5,5.5,1.6,2.3,87.8,194.7,185.8,1.1,278.4,217.4,,455.9,42.3,178.5,3785.1
895,2020-09-06,184.7,2.2,30.1,122.0,4.9,90.5,6.3,16.9,64.1,96.3,17.1,8.8,293.6,27.9,162.4,41.9,28.8,158.7,58.5,210.0,415.0,2.5,5.4,1.5,2.3,87.1,190.5,173.1,1.0,255.4,217.2,,438.6,37.7,165.6,3626.2
896,2017-07-10,154.2,1.5,23.8,60.3,6.8,77.6,6.5,16.4,65.3,122.0,11.1,9.0,268.3,26.1,196.4,41.3,23.3,184.8,62.9,155.3,436.3,1.8,4.1,1.2,1.5,80.4,261.8,190.7,1.0,290.6,150.9,,328.9,37.9,145.2,3452.6
897,2017-07-11,151.9,1.8,24.6,62.9,6.1,78.2,6.9,16.5,64.8,117.1,11.4,8.4,263.4,26.3,190.9,37.0,21.0,184.2,62.4,154.1,432.8,2.0,4.1,1.3,1.8,81.2,247.6,214.5,1.6,300.6,150.3,,309.1,36.7,136.9,3417.2999999999997
898,2017-07-12,146.9,1.9,28.4,67.7,6.0,77.6,6.8,16.4,64.8,107.1,10.7,8.4,259.3,26.3,178.5,38.7,21.3,179.4,64.4,149.1,426.6,2.1,4.0,1.3,1.9,77.7,201.2,210.0,0.9,294.8,151.8,,309.5,34.5,139.8,3322.7000000000003
899,2017-07-13,145.4,1.9,30.6,72.7,5.6,86.0,6.8,16.3,62.5,109.2,11.0,8.4,263.7,26.3,184.7,42.8,21.7,176.5,62.6,134.9,405.1,1.9,4.2,1.3,2.0,76.6,208.0,193.6,1.2,293.0,148.4,,335.4,38.1,142.5,3327.8999999999996
900,2017-07-14,139.7,1.9,29.5,78.7,6.0,83.1,6.9,15.7,64.4,114.3,10.4,8.4,248.6,27.1,193.8,39.1,23.6,174.4,62.5,142.0,381.2,2.0,4.5,1.2,1.9,79.0,232.1,179.2,1.0,295.8,144.9,,363.2,39.6,146.4,3349.2999999999997
901,2017-07-15,142.5,2.3,30.7,82.4,6.5,80.4,6.9,15.3,67.1,111.6,11.6,9.4,228.1,27.0,197.4,38.9,22.9,169.2,63.3,148.5,378.3,2.0,4.5,1.2,2.3,78.6,235.7,185.8,1.0,289.6,146.2,,369.3,39.9,145.0,3348.6
902,2017-07-16,133.1,2.2,29.4,81.6,5.3,77.3,6.3,15.6,66.7,101.0,10.6,8.0,215.4,25.6,188.2,36.4,23.9,154.6,58.3,147.7,367.3,1.7,3.8,1.2,1.9,80.4,241.3,180.7,0.8,277.6,139.4,,370.3,36.7,140.5,3237.5
903,2022-01-10,185.9,2.4,25.2,82.7,3.9,77.7,6.9,19.0,67.0,72.4,16.9,11.7,342.8,32.1,111.3,58.4,28.7,220.4,76.5,199.1,471.8,3.4,7.1,1.9,2.3,86.7,119.2,219.3,1.6,295.6,205.2,,292.3,39.6,114.7,3509.1
904,2022-01-11,188.9,2.4,25.5,82.2,4.0,74.9,7.1,19.3,66.4,73.6,16.5,11.5,346.0,34.6,117.8,60.2,29.2,223.9,77.5,205.8,478.8,3.4,7.2,2.0,2.3,87.7,122.2,230.6,1.8,306.7,190.7,,298.6,41.6,112.7,3561.3999999999996
905,2022-01-12,187.3,2.4,23.9,77.7,4.0,76.1,7.1,19.4,66.5,73.1,16.7,11.3,345.1,34.8,119.4,58.4,29.0,222.6,76.8,209.6,482.0,3.2,6.9,1.9,2.4,88.1,122.7,240.6,1.8,310.9,177.7,,297.8,41.3,114.5,3560.8
906,2022-01-13,175.9,2.2,21.9,78.7,4.0,78.9,7.2,19.5,67.3,75.3,15.8,11.4,348.0,35.3,119.3,62.2,29.3,224.2,75.8,215.1,484.1,3.4,6.6,1.8,2.5,91.3,121.9,244.5,1.7,302.3,172.4,,304.4,43.6,114.4,3569.9000000000005
907,2022-01-14,166.7,2.3,23.0,83.7,4.2,78.0,6.4,18.4,66.4,79.5,15.1,11.6,269.8,35.7,121.0,65.9,30.7,227.1,75.0,219.0,477.7,3.2,7.2,1.8,2.2,92.1,124.4,243.7,1.8,260.0,175.1,,315.6,44.1,116.1,3471.1
908,2022-01-15,157.7,2.4,22.6,83.5,4.0,76.5,6.9,18.8,68.4,66.9,16.1,11.3,297.2,34.3,122.1,62.9,30.4,216.6,74.8,222.1,473.0,3.5,7.2,2.1,2.3,91.7,124.6,247.4,1.6,243.5,173.6,,313.4,42.9,112.1,3440.5000000000005
909,2022-01-16,152.8,2.3,22.7,83.3,3.9,77.6,7.2,18.9,67.4,66.4,16.8,10.6,327.6,32.0,111.1,62.9,30.9,213.3,69.0,220.1,463.6,3.3,7.0,1.9,2.2,95.6,117.2,247.9,1.5,235.2,168.5,,310.9,40.9,105.2,3403.7
910,2024-01-22,219.2,3.2,27.2,100.6,5.6,101.2,,,69.8,90.6,,12.1,372.3,37.2,159.3,65.9,31.4,280.5,86.4,323.8,562.4,3.1,6.4,2.3,2.2,91.2,165.3,321.9,1.9,327.3,255.6,4.0,417.3,46.2,149.7,4413.9
911,2024-01-23,220.8,3.0,27.0,95.7,5.7,102.5,,,70.6,91.4,,13.0,400.2,37.4,165.5,63.7,32.2,286.3,87.5,325.3,572.5,3.0,6.4,2.3,2.2,92.9,168.2,322.3,2.0,328.0,255.8,4.1,385.3,47.2,150.0,4441.0
912,2024-01-24,211.9,2.4,27.2,102.7,5.9,97.0,,,70.2,92.0,,11.5,409.2,39.3,162.7,64.7,30.4,290.1,86.3,328.0,569.0,3.0,6.5,2.3,2.3,91.3,161.1,325.1,2.0,337.8,255.2,4.0,391.3,47.7,148.2,4451.4
913,2024-01-25,225.8,3.0,26.7,98.8,5.5,97.6,,,70.7,92.0,,11.5,414.1,37.8,164.4,63.2,31.5,289.9,85.4,324.1,567.4,3.1,6.5,2.3,2.2,91.6,172.5,330.9,2.0,340.7,256.4,3.9,391.8,47.8,148.5,4483.099999999999
914,2024-01-26,209.3,3.2,26.2,103.1,4.7,98.9,,,69.0,78.7,,10.8,387.0,33.5,147.5,66.8,32.5,273.0,79.6,329.0,517.4,3.0,6.5,2.4,2.4,98.2,164.8,328.6,1.7,307.8,250.7,3.9,405.9,42.5,136.9,4291.4
915,2024-01-27,221.0,3.2,26.3,99.9,4.5,100.5,,,71.3,79.4,,11.8,399.2,35.6,152.2,63.9,33.3,273.3,80.6,326.4,553.1,3.2,6.6,2.5,2.4,101.5,161.2,328.8,1.8,325.3,250.3,3.9,373.7,46.6,143.4,4356.8
916,2024-01-28,218.9,3.1,26.6,100.4,4.4,103.5,,,71.9,81.5,,11.4,400.5,35.2,150.3,64.2,31.6,262.9,75.1,327.5,562.0,3.1,6.4,2.4,2.3,98.2,155.2,328.2,1.7,312.6,246.2,3.8,376.5,45.8,142.7,4328.7
917,2017-01-16,145.2,2.0,21.3,63.1,3.8,71.6,6.2,16.3,62.3,64.0,7.7,8.7,269.4,25.6,114.9,41.3,24.1,195.2,63.7,209.1,406.2,2.2,5.2,1.5,1.8,66.0,88.1,210.2,1.6,240.8,152.2,,288.1,34.2,104.0,3022.1
918,2017-01-17,146.4,2.0,22.6,59.5,4.0,74.7,6.5,16.4,62.4,68.2,8.0,8.8,273.5,27.0,120.3,41.3,23.2,191.7,64.2,210.4,409.4,2.4,5.6,1.5,1.9,67.3,91.9,212.4,1.5,266.0,155.2,,294.7,32.9,107.9,3087.2
919,2017-01-18,144.0,2.8,22.0,61.3,4.2,73.0,6.7,16.4,64.6,68.6,7.8,8.9,273.5,27.2,121.1,40.9,22.0,194.7,63.6,212.1,407.1,2.2,5.3,1.6,2.2,67.2,95.2,212.0,1.7,271.1,155.2,,292.9,36.1,109.5,3100.8
920,2017-01-19,143.7,2.1,22.1,62.4,4.0,74.2,6.7,16.6,65.3,67.8,7.2,8.9,277.1,26.7,118.0,42.7,22.2,195.6,62.6,207.5,408.9,2.4,5.7,1.4,2.2,68.0,105.8,204.1,1.6,273.9,157.7,,287.9,35.3,110.1,3104.6
921,2017-01-20,145.7,2.1,22.7,62.0,4.0,70.7,6.7,16.7,65.9,67.9,8.3,8.8,278.5,26.9,125.1,42.7,22.1,199.0,64.0,210.7,404.7,2.5,5.6,1.5,2.2,67.6,104.1,209.8,1.6,274.7,156.7,,292.2,35.9,110.8,3126.2999999999997
922,2017-01-21,146.5,2.1,22.9,63.9,3.9,73.5,6.7,16.6,63.3,65.8,9.7,8.6,279.7,26.0,122.5,49.4,23.9,196.8,64.7,211.0,407.2,2.4,5.9,1.6,1.9,66.1,106.4,211.6,1.5,259.8,155.5,,293.7,36.9,110.4,3124.2
923,2017-01-22,142.2,2.1,21.8,63.9,3.5,73.6,6.3,16.2,63.0,62.5,10.0,8.2,276.1,22.5,112.8,48.7,23.8,187.3,59.8,211.3,399.2,2.3,4.9,1.4,2.2,66.0,100.3,210.9,1.4,238.9,153.5,,282.8,33.4,103.5,3021.9000000000005
924,2017-12-04,152.9,2.2,22.2,61.3,3.2,69.2,7.0,16.7,67.5,60.3,9.2,8.8,300.8,26.0,112.5,42.6,23.3,186.3,64.2,231.6,414.8,2.6,5.6,1.5,2.2,65.9,100.2,197.2,1.5,238.4,144.0,,263.8,33.9,96.8,3042.2000000000003
925,2017-12-05,156.7,2.2,22.5,63.0,3.3,70.4,7.0,16.4,67.8,62.2,10.3,8.5,258.3,26.7,114.1,42.3,22.3,189.7,65.8,214.9,394.8,2.6,5.7,1.5,2.3,64.7,102.1,191.2,1.4,258.3,147.6,,262.8,35.3,101.2,3002.2000000000003
926,2017-12-06,158.9,2.2,22.4,61.0,3.3,66.6,7.2,17.0,67.0,62.9,10.3,9.7,253.0,26.9,115.6,42.2,24.2,192.6,65.8,199.0,399.2,2.7,6.1,1.4,2.2,69.4,103.2,181.7,1.6,266.2,149.8,,263.5,35.3,103.8,3000.2000000000003
927,2017-12-07,156.8,2.2,23.7,59.4,3.3,69.5,7.2,17.5,67.6,61.6,10.9,9.7,279.1,26.7,117.0,44.5,23.9,196.1,66.8,212.3,405.0,2.7,5.8,1.5,2.2,66.7,103.6,193.1,1.9,277.9,152.9,,260.3,35.1,105.6,3076.4
928,2017-12-08,160.2,2.1,23.3,62.2,3.3,70.9,7.3,17.4,67.9,62.3,11.4,9.9,293.5,27.1,118.0,43.7,23.3,200.8,68.0,224.5,401.2,2.4,6.1,1.6,2.5,62.5,105.9,196.7,1.5,278.9,154.2,,271.2,74.3,102.4,3164.9
929,2017-12-09,156.8,2.2,23.2,61.9,3.2,69.3,7.1,17.5,67.2,60.0,9.8,9.9,286.9,26.9,116.9,45.8,23.6,201.4,67.7,226.8,409.2,2.3,6.0,1.6,2.2,63.5,103.2,196.9,1.7,280.8,151.6,,263.4,34.9,102.4,3110.4
930,2017-12-10,157.8,2.3,21.9,63.9,2.9,68.7,6.5,17.4,65.8,56.0,8.6,9.3,281.9,25.4,109.2,42.6,22.7,187.6,61.9,229.4,404.0,2.4,5.3,1.5,2.1,65.9,94.6,203.8,1.7,262.2,152.1,,270.2,32.5,98.2,3044.2999999999993
931,2024-08-05,234.7,1.7,43.6,150.9,8.0,86.0,,,66.9,132.2,,13.2,378.4,35.1,252.5,51.2,40.9,224.6,77.8,208.8,485.5,2.7,5.6,1.9,3.1,113.2,337.9,217.2,1.4,349.6,282.4,,535.5,49.5,202.2,4667.400000000001
932,2024-08-06,220.9,2.9,41.9,134.4,8.1,91.1,,,68.3,134.8,,13.4,382.3,36.1,267.4,49.2,40.1,224.4,79.1,228.8,499.9,2.7,5.7,2.1,3.0,109.6,348.5,224.0,1.4,351.3,267.7,,574.4,51.8,207.4,4745.299999999999
933,2024-08-07,197.5,2.8,45.0,134.8,7.4,87.0,,,70.9,131.2,,12.6,381.3,36.3,254.9,47.9,40.5,210.3,80.5,231.0,506.3,2.5,5.8,1.8,2.8,112.1,352.7,232.7,1.3,335.5,247.4,,512.0,47.6,205.2,4609.900000000001
934,2024-08-08,200.8,2.7,43.1,139.3,7.4,91.3,,,70.9,128.3,,13.7,121.1,36.2,242.3,49.3,41.8,211.9,80.3,223.7,501.6,2.6,5.8,1.8,3.0,116.9,356.0,231.0,1.3,342.2,241.5,,509.6,49.5,209.5,4348.3
935,2024-08-09,210.1,2.6,44.3,141.0,7.6,97.1,,,70.5,130.6,,13.7,400.8,36.3,253.5,52.7,41.4,220.0,80.3,227.5,511.5,2.8,5.7,1.7,3.0,113.4,350.5,243.2,1.4,352.2,262.1,,505.8,49.7,211.5,4717.3
936,2024-08-10,213.1,2.3,44.8,141.7,7.1,104.2,,,70.6,124.6,,13.5,393.9,35.7,248.7,52.0,41.3,216.1,82.0,230.5,500.6,2.9,5.8,1.8,3.2,117.1,349.9,239.3,1.2,343.1,267.0,,502.5,50.7,208.6,4688.3
937,2024-08-11,218.0,2.4,42.2,135.1,5.4,109.6,,,69.3,114.2,,12.8,393.9,30.0,207.8,45.3,40.2,207.9,76.1,221.7,483.1,2.8,5.9,1.7,3.1,116.9,272.2,231.6,0.8,312.8,262.7,,477.3,44.6,195.2,4415.5
938,2017-06-12,151.5,2.0,25.7,82.5,6.2,71.3,6.9,17.1,66.4,113.1,6.8,8.5,310.7,26.5,152.7,38.7,24.7,150.0,60.6,154.9,388.9,1.9,4.6,1.0,1.9,74.0,153.9,197.2,0.9,308.7,118.9,,369.0,40.0,133.7,3279.0
939,2017-06-13,154.9,1.6,24.2,80.7,5.9,73.5,7.1,17.1,66.6,118.6,6.8,8.9,314.9,26.6,162.2,38.2,24.0,157.7,63.1,156.4,384.7,1.7,2.5,1.0,2.1,76.1,164.7,201.9,1.0,321.0,119.6,,383.0,42.2,138.9,3357.2
940,2017-06-14,152.8,1.9,25.4,83.5,6.1,81.9,7.2,17.3,65.4,119.3,6.8,9.4,326.5,26.3,161.5,38.4,24.9,168.7,65.0,156.9,403.0,2.1,4.4,1.0,2.2,74.8,175.7,203.2,0.9,320.1,125.0,,379.0,42.9,145.9,3432.6000000000004
941,2017-06-15,151.9,2.0,28.9,74.6,5.9,75.2,7.3,17.4,65.4,118.1,6.6,8.8,336.4,26.3,165.7,38.0,23.0,169.6,67.3,158.8,397.0,2.1,4.9,1.2,2.0,69.4,207.2,186.2,1.1,313.5,123.2,,367.2,43.2,145.9,3418.7000000000003
942,2017-06-16,139.8,2.0,27.7,76.8,5.8,73.4,7.3,16.7,65.3,106.5,9.1,8.9,338.4,26.2,143.4,41.6,21.6,164.6,67.8,156.1,384.8,2.0,4.9,1.1,1.9,71.2,213.9,201.0,1.2,316.2,120.4,,358.4,40.1,141.1,3364.7999999999993
943,2017-06-17,142.7,2.0,23.9,78.4,5.6,76.5,7.3,17.1,66.3,99.3,8.9,9.1,336.3,26.2,156.7,40.7,22.1,158.9,67.9,155.5,397.2,2.1,4.9,1.2,2.1,81.0,220.0,203.5,1.3,303.9,123.3,,361.7,41.7,146.2,3399.2999999999993
944,2017-06-18,145.6,2.0,23.6,84.1,5.3,79.1,6.8,17.1,65.4,99.3,8.1,8.3,322.5,24.5,149.3,41.6,23.9,150.1,63.0,156.9,397.2,1.9,4.7,1.1,1.9,80.9,217.5,200.8,0.9,295.1,121.6,,383.9,39.6,145.0,3375.8
945,2017-02-06,157.9,2.0,22.5,60.7,3.4,75.9,6.7,16.8,62.3,61.9,8.6,9.5,277.4,25.5,101.9,46.3,23.7,209.1,65.2,202.4,429.2,2.2,6.0,1.4,1.7,67.2,90.8,199.8,1.5,265.5,166.3,,258.1,33.1,110.1,3078.6
946,2017-02-07,158.7,2.1,22.1,60.0,3.5,76.8,4.9,16.9,63.4,61.5,8.9,9.3,275.7,27.3,110.3,46.1,22.6,211.7,67.2,204.0,434.1,2.1,6.2,1.5,1.8,70.2,94.6,203.0,1.4,281.0,170.0,,264.9,34.4,109.8,3134.0000000000005
947,2017-02-08,160.4,2.1,22.9,61.4,3.6,76.5,6.7,16.9,63.9,62.5,9.2,9.4,281.1,28.8,115.6,48.0,23.4,212.8,67.6,204.9,438.6,2.0,5.6,1.4,1.9,67.2,97.6,207.8,1.9,276.9,170.4,,273.8,34.3,112.3,3175.9000000000005
948,2017-02-09,158.6,2.1,23.5,63.7,3.5,78.3,6.9,17.0,63.6,62.0,9.3,9.5,280.6,27.2,113.1,41.9,23.8,214.9,67.5,205.0,440.1,2.2,5.2,1.5,1.9,67.6,97.9,203.5,1.8,285.1,170.2,,276.2,34.7,113.7,3179.9999999999995
949,2017-02-10,159.5,1.9,22.3,60.5,3.4,77.9,6.9,16.6,64.6,63.4,8.8,9.7,280.6,28.1,111.4,43.2,21.6,214.9,67.2,205.9,434.0,2.3,5.5,1.4,1.8,69.3,101.7,205.0,1.5,284.7,171.1,,290.4,34.9,113.5,3191.9000000000005
950,2017-02-11,154.0,2.0,23.0,59.9,3.3,75.1,6.8,16.5,63.8,58.8,9.9,9.7,280.9,27.2,109.0,44.7,23.5,210.5,66.7,190.3,431.1,2.1,6.1,1.5,2.1,68.5,102.6,203.7,1.3,283.2,164.8,,288.4,34.5,113.4,3145.1000000000004
951,2017-02-12,154.3,2.0,21.2,63.7,3.0,70.9,6.5,16.5,63.2,56.6,9.4,8.1,272.8,24.5,112.4,42.3,21.2,197.1,61.3,177.4,416.5,2.1,5.8,1.3,1.7,68.3,98.7,203.6,1.3,261.3,160.6,,283.2,33.3,107.2,3034.8
952,2023-10-30,233.1,2.9,30.6,98.9,3.5,102.0,,,72.3,79.7,,14.0,430.2,32.9,150.8,51.1,31.4,273.4,79.3,312.4,597.1,2.6,6.0,1.9,2.5,101.4,139.3,309.0,1.2,322.4,238.7,4.6,339.7,37.8,155.9,4331.8
953,2023-10-31,231.7,2.6,32.1,98.7,3.6,97.3,,,71.3,80.9,,13.8,432.5,33.3,155.0,48.2,31.6,271.6,80.8,315.5,603.3,2.6,6.0,1.9,2.4,103.0,144.2,312.5,1.2,332.4,238.5,5.0,350.6,39.3,163.0,4378.7
954,2023-11-01,230.5,2.6,33.3,98.7,3.5,99.8,,,71.4,81.5,,14.2,424.2,33.4,150.0,52.3,31.6,253.6,80.9,315.2,599.1,2.6,5.9,1.9,2.4,104.4,142.7,314.6,1.1,335.7,233.6,5.1,348.6,38.7,170.9,4354.799999999999
955,2023-11-02,230.1,2.7,32.7,100.9,3.5,99.8,,,70.5,80.9,,14.0,436.3,32.7,147.9,49.8,29.1,271.7,81.4,318.0,598.3,2.6,6.0,1.9,2.4,105.0,139.5,313.6,1.1,331.8,229.6,5.2,346.5,37.1,175.2,4368.8
956,2023-11-03,226.7,2.7,32.8,100.8,3.5,99.8,,,69.9,81.4,,14.3,435.5,33.3,149.2,52.1,28.6,275.4,80.9,320.8,599.3,2.6,6.1,1.9,2.5,105.9,141.6,313.6,1.2,322.1,228.7,5.2,348.2,39.5,174.5,4370.5
957,2023-11-04,223.9,2.4,31.2,96.2,3.5,96.8,,,68.9,76.2,,14.8,436.7,33.2,145.1,50.8,30.6,266.7,78.6,322.3,603.6,2.6,6.3,1.8,2.3,102.6,140.5,316.8,1.2,300.5,226.4,5.0,344.2,39.5,166.7,4310.0
958,2023-11-05,214.2,2.6,26.5,93.4,3.2,95.9,,,68.3,72.5,,13.7,427.9,30.7,129.7,52.6,31.0,239.0,71.5,321.2,578.5,2.6,6.1,1.9,2.3,103.6,128.5,313.5,1.1,270.9,209.7,4.7,331.2,35.7,152.3,4107.499999999999
959,2020-01-06,161.9,2.1,22.6,80.1,4.6,75.2,6.9,18.6,62.1,73.8,5.3,12.7,318.9,30.8,125.7,52.0,24.6,213.2,73.7,238.3,422.9,2.6,6.3,1.8,2.2,64.2,108.2,240.7,2.0,290.7,201.0,,294.0,40.4,106.4,3393.7
960,2020-01-07,161.3,2.2,22.4,79.7,4.7,75.8,7.3,18.9,64.3,74.5,6.5,11.0,324.5,31.3,124.7,49.9,24.2,215.4,74.4,242.4,437.2,2.6,6.4,1.7,2.2,66.0,112.0,242.6,2.1,291.7,209.3,,292.3,40.3,109.1,3438.3000000000006
961,2020-01-08,166.8,2.1,22.0,79.5,4.7,74.2,7.3,18.9,63.6,74.7,5.9,10.4,320.9,27.9,120.2,51.9,25.6,216.7,66.7,227.7,436.9,2.6,6.5,1.8,2.2,64.6,112.6,239.0,2.1,298.3,209.4,,269.2,40.1,106.8,3386.7000000000003
962,2020-01-09,168.6,2.2,23.0,70.5,4.7,69.7,7.2,19.0,62.8,77.5,5.8,13.5,317.8,28.8,126.5,53.8,23.9,225.6,73.0,231.1,428.4,2.7,6.4,1.8,2.3,65.2,113.5,231.5,2.0,298.3,212.1,,276.6,38.0,109.6,3399.7999999999993
963,2020-01-10,171.5,2.2,22.4,80.2,4.6,67.7,6.3,17.6,64.9,79.7,5.8,13.4,313.9,30.2,129.7,53.2,24.4,226.8,73.4,236.6,427.0,2.7,6.5,1.6,2.2,65.4,113.0,243.4,2.0,298.5,210.3,,295.1,40.1,110.9,3450.5
964,2020-01-11,171.3,2.4,23.1,79.9,4.4,72.9,7.3,18.6,64.4,72.7,5.8,13.6,327.6,30.3,128.5,52.5,24.6,222.3,70.9,239.8,434.1,2.7,6.3,1.6,2.4,65.2,111.8,237.6,2.0,298.1,212.3,,288.3,40.7,110.0,3453.2
965,2020-01-12,170.8,2.3,21.6,82.1,4.0,74.7,6.9,18.8,64.7,69.3,5.8,12.2,326.9,28.4,114.1,47.6,24.0,207.3,63.2,243.1,425.1,2.6,6.4,1.5,2.3,65.0,103.6,240.4,1.7,279.3,210.1,,288.0,37.2,103.3,3361.0
966,2018-05-21,178.1,2.2,28.1,92.3,5.5,85.8,7.4,18.0,68.9,111.3,7.7,10.7,352.9,25.3,145.2,39.6,24.7,169.3,72.8,200.2,513.8,2.2,4.6,1.6,1.9,90.8,172.9,225.1,1.3,317.6,158.2,,398.5,41.2,166.5,3750.3
967,2018-05-22,180.0,2.1,28.8,93.4,6.0,86.0,7.6,18.0,69.0,116.6,7.3,11.2,359.8,25.8,161.2,37.8,25.7,168.4,72.2,201.3,516.6,2.3,4.7,1.6,2.0,97.1,178.7,232.5,1.3,318.9,158.7,,413.2,41.6,166.1,3821.6
968,2018-05-23,178.0,2.3,26.2,92.6,6.2,84.1,7.7,17.5,69.0,121.6,5.6,11.2,357.7,27.4,165.4,38.4,26.6,172.5,74.1,201.5,514.6,2.4,5.1,1.7,2.0,88.1,183.4,229.3,1.2,326.1,156.5,,421.7,44.5,155.1,3825.6
969,2018-05-24,177.2,2.3,27.1,90.4,6.0,86.0,7.7,17.2,71.9,123.1,7.0,11.2,359.6,26.7,168.5,31.5,26.2,170.8,72.4,194.1,512.4,2.1,5.0,1.6,2.0,97.8,183.5,236.0,0.6,316.8,155.9,,420.6,44.1,164.5,3828.1
970,2018-05-25,183.0,2.2,25.8,93.0,6.0,86.9,6.3,18.5,71.8,119.7,5.6,11.6,360.4,26.5,170.3,39.0,24.6,171.5,65.4,195.4,511.7,2.2,4.6,1.7,2.2,92.8,186.5,234.7,0.6,300.3,157.0,,400.9,44.7,169.9,3801.4
971,2018-05-26,181.6,2.3,25.6,91.6,5.8,80.7,7.4,16.8,71.7,116.5,5.0,10.5,356.7,23.5,163.0,40.4,23.1,165.8,66.2,197.5,512.1,2.4,5.2,1.5,2.1,93.6,187.5,230.3,1.5,307.3,157.6,,406.4,44.6,166.9,3778.8000000000006
972,2018-05-27,177.1,2.6,25.2,93.0,5.3,83.4,7.1,17.6,68.6,113.0,7.4,9.0,352.0,25.9,161.2,36.4,22.8,152.8,61.2,194.7,494.7,2.2,5.3,1.3,2.2,94.5,181.9,234.8,1.5,294.6,148.3,,425.4,49.5,165.3,3725.400000000001
973,2018-11-05,192.2,2.0,22.7,79.3,3.2,85.8,7.2,15.7,60.7,65.4,10.3,10.7,334.4,27.8,115.0,39.4,23.8,210.3,70.6,269.6,477.2,2.4,5.3,1.9,2.1,90.1,117.6,219.7,1.2,254.2,202.5,,304.0,35.1,145.0,3510.9999999999995
974,2018-11-06,194.7,2.0,23.4,79.1,3.1,88.9,6.8,15.0,65.1,63.0,9.8,9.7,310.1,26.4,111.6,40.2,25.4,214.8,70.2,265.0,471.6,2.1,5.3,1.7,2.1,93.1,111.7,215.4,1.2,216.9,204.5,,300.2,34.0,147.0,3436.4
975,2018-11-07,184.9,2.0,22.3,82.9,2.7,81.3,3.7,9.5,64.5,53.9,11.2,9.7,258.4,19.5,96.3,37.9,25.0,205.4,70.1,253.7,413.7,2.5,5.3,1.4,2.0,93.4,97.3,199.4,1.0,221.4,190.9,,293.9,26.8,121.2,3170.7000000000003
976,2018-11-08,187.2,2.2,23.6,76.4,2.7,72.5,2.9,8.5,62.8,50.4,11.8,9.4,224.1,17.4,87.3,35.6,25.4,197.2,70.9,241.0,401.6,2.3,5.3,1.6,2.1,92.2,84.9,192.7,1.0,251.1,189.4,,263.7,25.5,130.5,3059.5999999999995
977,2018-11-09,194.2,2.1,24.6,75.2,3.0,75.3,4.0,11.3,63.1,55.3,11.5,9.4,239.3,21.9,93.8,38.5,25.2,210.8,70.9,247.5,409.5,2.5,5.4,1.5,2.3,91.1,98.2,205.1,1.0,272.9,192.4,,259.9,28.5,114.8,3168.8000000000006
978,2018-11-10,190.6,2.1,24.2,72.9,2.9,75.5,5.4,13.2,61.7,57.3,12.7,9.4,257.6,25.3,103.7,41.8,24.2,215.5,70.3,252.9,419.7,2.5,5.1,1.8,2.2,96.5,111.4,215.8,1.1,283.3,190.6,,260.7,29.8,105.8,3252.5000000000005
979,2018-11-11,191.6,2.1,23.3,72.9,2.9,76.0,6.0,13.7,63.0,55.5,11.1,9.8,268.5,25.3,103.4,42.5,24.2,206.8,64.7,257.8,426.6,2.5,5.2,1.7,2.1,92.7,106.8,218.1,1.5,274.5,187.2,,263.3,31.0,105.5,3246.2000000000003
980,2023-07-17,209.5,2.7,38.2,140.1,7.2,98.1,,,74.3,127.2,,12.9,380.7,33.0,218.9,53.2,34.8,215.6,79.4,226.7,499.1,2.6,5.4,1.8,2.7,123.4,299.2,275.6,1.2,357.0,246.1,5.7,502.4,45.3,201.2,4594.799999999999
981,2023-07-18,199.8,2.8,43.7,145.2,7.1,100.3,,,76.0,127.3,,12.5,389.3,32.8,218.9,52.5,36.9,207.0,80.0,232.0,495.4,2.7,5.5,1.9,2.9,116.9,308.5,285.0,1.2,365.9,210.6,5.8,509.9,44.0,215.0,4610.2
982,2023-07-19,193.7,3.0,46.7,148.6,7.0,105.8,,,76.2,130.2,,11.9,378.9,32.8,215.8,46.3,36.5,201.6,78.3,242.9,478.4,2.7,5.3,1.8,3.0,118.4,286.7,280.4,1.2,368.6,189.9,6.0,531.7,45.1,222.1,4570.3
983,2023-07-20,191.3,2.7,47.1,153.4,7.5,108.2,,,76.9,140.6,,11.9,364.8,33.3,235.6,50.8,36.0,195.9,88.0,253.5,482.3,2.6,5.8,1.9,2.8,113.3,300.8,283.6,1.3,363.5,175.2,6.2,557.4,46.4,228.2,4643.299999999999
984,2023-07-21,195.0,2.9,41.4,151.6,7.9,105.0,,,75.8,149.4,,12.0,364.3,36.0,252.5,51.9,36.1,202.4,80.6,252.1,481.8,2.7,5.6,1.8,3.0,114.3,319.3,291.7,1.1,374.9,165.4,5.9,569.4,49.5,222.1,4701.7
985,2023-07-22,197.0,2.6,44.0,148.0,6.4,103.7,,,74.9,142.8,,11.9,366.8,33.3,239.0,49.8,36.6,193.6,75.9,235.5,473.8,2.7,5.5,1.9,2.8,117.4,261.2,281.2,1.1,373.3,184.4,6.2,552.0,48.3,212.0,4560.1
986,2023-07-23,191.3,2.4,41.0,152.4,6.2,101.2,,,74.6,136.2,,10.8,339.3,26.6,225.2,49.8,36.1,170.5,67.1,241.5,463.5,2.7,5.3,1.6,2.6,131.0,265.8,277.9,0.7,336.8,203.4,6.0,548.9,45.0,206.4,4444.099999999999
987,2017-09-11,153.6,1.9,27.8,83.6,5.2,88.1,7.0,17.0,67.3,113.3,6.7,9.3,319.0,24.7,170.6,37.3,24.2,151.8,66.4,178.0,406.9,2.1,4.7,1.1,1.8,88.5,218.6,212.4,1.1,274.9,188.4,,383.1,39.9,155.8,3539.0
988,2017-09-12,154.3,2.1,29.6,87.4,5.3,87.9,7.3,17.2,68.5,112.0,6.4,9.3,322.0,26.4,178.5,38.4,24.1,161.7,68.6,172.7,407.5,2.0,4.3,1.3,2.2,78.4,213.9,199.7,1.5,284.2,193.4,,377.9,41.4,154.5,3549.2
989,2017-09-13,158.6,2.1,29.1,86.6,5.5,86.3,7.4,16.6,68.4,115.5,7.1,9.3,316.3,27.1,181.8,40.3,24.2,164.1,66.7,173.5,396.4,2.3,4.9,1.2,2.1,79.1,213.4,198.9,1.5,284.3,198.0,,384.8,42.3,156.6,3559.6000000000004
990,2017-09-14,160.5,2.1,29.5,88.4,5.6,89.7,7.4,17.4,67.2,117.3,5.7,9.8,322.6,27.1,186.5,39.7,24.3,154.4,64.8,171.7,385.9,2.3,4.7,1.4,2.3,85.2,210.0,197.7,1.1,294.4,175.3,,372.4,42.2,157.8,3531.6
991,2017-09-15,150.4,2.3,28.6,86.4,5.6,92.8,7.4,17.0,65.4,115.8,9.1,9.3,322.5,27.5,187.4,41.8,24.3,149.3,65.0,169.8,379.2,2.2,4.8,1.2,1.8,87.3,211.9,189.9,1.2,289.6,176.5,,389.6,42.4,160.5,3523.0
992,2017-09-16,151.1,2.3,30.2,86.7,5.2,93.8,7.4,17.0,67.3,106.7,7.6,9.3,307.9,27.3,181.2,40.2,26.7,146.7,64.0,170.0,378.5,2.2,4.4,1.2,2.0,91.1,209.3,200.1,1.2,277.5,170.8,,401.4,42.0,162.0,3499.1
993,2017-09-17,138.6,2.2,26.7,88.0,4.5,84.4,6.7,16.3,62.2,98.1,8.1,8.0,286.9,26.0,162.1,40.2,23.4,126.6,53.3,166.7,364.7,2.1,3.8,1.3,2.1,89.5,201.4,199.8,0.8,239.2,163.5,,397.5,36.8,145.6,3283.2
994,2016-11-28,149.6,2.0,22.3,62.0,3.2,63.9,6.1,15.4,56.9,54.7,7.3,8.3,277.6,23.0,108.7,36.3,22.7,201.2,59.7,217.8,424.0,2.4,4.7,1.3,1.9,66.9,97.6,196.8,1.5,287.8,137.4,,260.4,31.0,100.2,3018.7999999999997
995,2016-11-29,156.9,2.0,22.2,61.7,3.2,64.8,6.2,15.4,56.5,55.1,6.9,8.5,280.0,23.4,107.3,37.1,22.6,202.1,65.0,218.4,428.6,2.1,4.9,1.5,1.9,64.9,104.0,199.7,1.5,290.8,139.7,,250.1,30.7,100.8,3042.7000000000003
996,2016-11-30,153.7,2.0,21.9,59.6,3.3,64.0,6.1,15.4,57.4,52.7,6.8,8.3,274.2,24.1,112.4,36.0,20.0,200.1,65.2,218.6,427.2,2.1,4.8,1.5,1.9,64.7,87.2,197.9,1.4,287.7,140.9,,211.4,31.3,102.8,2970.7000000000003
997,2016-12-01,153.8,2.0,22.5,57.8,3.3,65.1,6.0,15.1,57.3,56.9,9.0,8.5,275.2,23.5,108.6,35.5,19.4,192.8,62.9,215.2,421.5,1.9,4.5,1.5,1.5,67.3,89.3,196.1,1.5,258.0,140.3,,238.1,31.2,103.8,2952.6
998,2016-12-02,141.6,1.9,22.5,60.9,3.3,64.9,6.0,14.2,58.7,58.3,9.5,8.4,273.8,23.9,108.8,38.2,22.2,190.3,60.6,213.9,415.5,2.4,4.1,1.3,1.5,66.4,100.3,196.6,1.6,248.7,140.8,,241.5,30.4,103.3,2942.0000000000005
999,2016-12-03,138.2,2.0,22.2,60.2,3.2,64.2,5.9,14.9,59.4,54.2,9.4,8.9,272.9,24.2,105.1,36.3,21.4,179.1,61.5,213.8,416.7,2.1,4.6,1.2,1.7,67.3,119.6,192.0,1.7,247.7,139.8,,244.9,31.0,102.2,2935.4999999999995
1000,2016-12-04,135.4,2.1,21.3,58.8,2.9,59.9,5.7,14.7,59.2,52.3,9.9,8.7,261.2,22.8,103.8,36.8,22.8,173.2,56.7,205.8,410.8,2.1,4.5,1.2,2.0,62.5,110.5,193.8,0.9,231.5,137.6,,245.4,29.8,91.3,2843.3000000000006
1001,2023-07-24,190.0,2.7,41.1,154.1,7.1,105.4,,,76.8,146.4,,11.7,352.6,33.6,253.9,52.5,37.5,177.9,70.7,256.2,478.5,2.6,5.4,1.7,2.9,135.5,293.6,286.6,1.3,337.9,200.7,6.4,577.5,47.9,223.6,4647.2
1002,2023-07-25,178.5,2.8,44.7,156.6,7.2,111.6,,,78.0,147.3,,12.3,360.2,36.1,253.4,51.2,39.6,172.3,72.1,261.5,487.0,2.7,5.3,1.8,2.9,127.7,282.7,284.7,1.1,336.0,172.8,5.6,563.0,49.1,215.5,4598.400000000001
1003,2023-07-26,170.5,2.8,45.4,160.0,6.4,116.5,,,79.4,128.0,,11.5,359.8,34.1,203.2,50.0,39.3,170.4,71.6,263.3,481.9,2.7,5.4,1.8,2.9,136.9,270.5,276.4,1.3,339.2,170.1,6.4,513.2,46.7,218.9,4462.7
1004,2023-07-27,171.2,2.6,45.4,160.4,6.7,115.5,,,76.9,128.4,,11.8,367.6,34.9,216.2,47.9,39.7,166.3,71.3,264.3,466.1,2.6,5.4,1.9,2.9,134.4,283.7,260.2,1.3,349.5,142.9,6.2,532.9,47.3,219.8,4459.500000000001
1005,2023-07-28,184.6,2.4,43.8,161.3,6.5,110.3,,,78.6,125.0,,12.3,360.9,36.3,203.8,51.5,40.9,175.3,73.8,253.9,458.8,2.9,5.5,1.9,3.0,130.9,261.4,249.4,1.1,366.8,169.1,6.1,524.1,47.0,225.9,4451.2
1006,2023-07-29,194.7,2.7,43.2,134.1,6.3,104.2,,,71.7,112.7,,12.4,344.2,35.6,199.1,49.4,33.8,173.6,75.6,242.2,457.5,2.8,5.6,2.0,3.1,124.2,273.7,234.2,1.1,376.3,197.4,6.0,469.8,46.0,224.3,4335.1
1007,2023-07-30,199.3,2.9,43.0,144.7,6.0,105.8,,,74.7,113.4,,11.5,327.1,32.9,197.1,50.0,36.6,166.3,70.7,244.0,451.0,2.8,5.4,1.7,2.6,131.9,269.1,243.9,0.8,355.7,210.1,6.2,500.7,42.9,218.1,4342.3
1008,2024-05-06,255.8,2.4,25.7,123.6,5.8,132.1,,,73.9,119.6,,17.0,490.3,29.5,200.8,53.7,46.1,316.4,110.2,301.3,646.2,1.9,4.6,1.4,2.2,127.1,185.1,313.5,1.6,430.1,224.0,,541.3,49.7,217.2,5127.2
1009,2024-05-07,215.3,2.7,25.4,110.8,6.0,113.6,,,68.4,126.9,,14.9,464.3,32.6,213.3,52.8,40.2,295.5,110.1,302.0,631.6,2.3,5.4,2.0,2.5,115.5,204.7,323.5,1.6,429.8,191.4,,523.8,50.2,183.4,4937.200000000001
1010,2024-05-08,194.9,2.8,31.5,111.0,6.5,112.0,,,71.1,128.6,,16.9,484.2,33.8,218.3,52.9,39.0,294.3,109.2,288.3,628.9,2.5,5.5,1.8,2.5,118.7,213.4,322.4,1.6,418.6,181.0,,501.5,51.7,174.1,4896.400000000001
1011,2024-05-09,214.9,3.1,31.4,103.5,6.4,114.5,,,67.7,127.3,,17.0,498.0,34.0,216.7,52.3,35.9,290.9,101.1,276.1,622.8,2.7,5.4,1.9,2.6,115.3,219.6,331.2,1.6,419.5,194.8,,518.2,52.4,176.1,4931.4
1012,2024-05-10,217.2,2.5,31.0,115.8,6.4,113.5,,,64.7,127.4,,16.7,496.2,33.3,200.2,50.3,38.7,288.1,98.8,275.1,611.1,2.6,5.5,1.9,2.5,118.0,212.2,322.2,1.7,411.2,200.3,,522.6,53.2,177.3,4894.600000000001
1013,2024-05-11,224.2,2.8,34.3,121.6,5.9,114.3,,,70.6,115.7,,15.9,492.2,32.9,163.6,50.4,38.7,264.2,95.8,281.7,599.5,2.9,5.7,1.8,2.5,119.7,181.8,293.9,1.6,406.0,199.8,,498.8,50.1,179.4,4745.3
1014,2024-05-12,224.5,3.0,36.3,122.2,5.6,110.8,,,71.2,119.5,,14.9,466.9,29.5,189.8,49.2,39.3,240.0,87.7,279.0,567.0,2.9,5.7,1.8,2.6,120.9,193.2,294.0,1.0,367.0,188.4,,521.3,47.7,175.6,4654.3
1015,2022-11-07,188.7,2.2,27.7,88.9,3.4,88.2,,,69.0,74.0,16.7,12.2,391.3,31.1,128.0,48.4,28.0,196.6,74.2,281.8,508.4,2.6,6.6,1.6,2.0,111.6,126.0,285.3,1.6,275.3,172.5,,303.3,35.0,134.5,3750.7
1016,2022-11-08,192.3,2.0,28.7,85.5,3.3,87.7,,,70.7,69.7,16.4,12.8,394.5,31.7,128.5,54.9,28.2,203.9,76.0,288.9,521.1,2.7,6.8,1.8,2.2,110.7,123.2,282.3,1.7,285.9,174.2,,303.7,36.0,133.9,3797.999999999999
1017,2022-11-09,190.9,2.0,28.9,82.8,3.4,87.8,,,69.1,72.9,15.4,12.6,393.5,32.2,127.4,53.8,27.7,207.4,77.2,292.0,525.1,2.7,6.7,1.8,2.1,111.9,125.4,283.1,1.6,294.9,171.5,,307.3,36.6,134.2,3817.8
1018,2022-11-10,188.5,1.8,28.8,85.5,3.4,86.5,,,70.6,73.3,16.5,12.7,400.5,31.5,130.4,54.8,28.7,207.8,78.0,294.0,523.3,2.8,6.5,1.8,2.1,103.1,124.5,289.2,1.5,294.7,169.4,,308.1,36.8,133.8,3827.5
1019,2022-11-11,185.8,2.0,27.7,85.3,3.3,86.0,,,71.4,74.8,16.0,12.6,401.0,32.9,129.4,56.0,28.2,203.7,76.3,298.2,519.8,2.8,6.3,1.8,2.2,97.8,124.2,286.2,1.6,273.2,168.7,,305.4,36.5,132.2,3785.499999999999
1020,2022-11-12,174.2,2.0,28.5,81.1,3.2,86.4,,,71.0,65.0,16.0,12.0,402.1,28.3,124.5,56.0,27.8,189.4,72.6,297.3,521.6,2.7,6.7,1.8,2.3,103.1,123.3,289.4,1.6,258.3,164.6,,298.0,35.7,128.9,3711.7
1021,2022-11-13,177.1,2.1,26.2,78.9,3.0,86.3,,,70.0,61.1,16.8,11.5,383.0,29.4,110.0,53.6,29.2,168.3,67.2,293.8,507.4,2.7,6.4,1.8,2.1,95.2,113.3,286.0,1.4,230.3,163.3,,286.4,33.1,115.7,3547.3999999999996
1022,2019-01-21,165.2,2.2,23.2,75.3,3.7,80.8,6.8,17.9,65.6,67.9,13.0,12.0,333.9,29.0,115.2,43.1,22.8,211.9,62.7,243.7,412.4,2.9,6.2,1.8,2.1,67.6,102.8,225.2,1.3,278.2,181.9,,259.4,35.0,120.6,3300.2
1023,2019-01-22,166.6,2.1,23.5,75.8,3.8,79.9,7.0,18.1,66.1,67.7,12.0,12.0,329.3,27.7,97.9,41.1,24.5,216.2,63.9,238.3,417.1,2.6,6.2,1.9,2.1,81.9,92.4,208.1,1.7,281.6,184.4,,231.2,28.6,124.5,3244.8
1024,2019-01-23,167.5,2.1,23.3,68.7,3.8,82.7,7.2,18.2,67.6,70.8,10.9,12.0,327.6,29.3,118.9,45.3,24.5,216.0,65.1,241.9,417.4,2.8,5.9,1.9,2.2,81.8,105.3,227.0,1.4,289.8,185.8,,242.7,37.3,125.7,3337.3999999999996
1025,2019-01-24,169.7,2.4,23.5,63.7,3.8,80.8,7.2,18.2,65.3,70.4,10.3,12.0,327.4,29.8,118.3,45.4,24.6,218.7,66.6,235.6,413.3,2.9,6.0,1.9,2.2,73.5,104.0,224.8,1.3,294.9,184.0,,259.8,38.2,127.2,3334.7999999999997
1026,2019-01-25,169.7,2.3,23.8,71.2,3.8,79.2,7.2,18.1,66.7,72.5,10.5,12.0,322.5,29.9,113.7,53.0,22.7,219.4,68.3,218.1,397.6,2.8,6.3,1.9,2.1,75.4,105.3,219.2,1.4,298.9,176.9,,246.2,38.9,124.9,3289.5999999999995
1027,2019-01-26,168.6,2.2,22.6,69.0,3.3,64.5,4.9,14.9,65.0,58.6,10.2,11.5,297.7,25.5,107.2,51.6,23.5,202.8,64.6,214.8,351.6,2.6,6.3,2.0,2.2,84.1,95.3,221.5,1.2,283.2,157.7,,239.0,33.4,114.8,3084.3000000000006
1028,2019-01-27,162.7,2.2,22.5,69.8,3.3,69.2,5.8,16.2,66.4,63.7,10.0,9.8,300.2,26.9,103.7,48.9,22.3,197.3,61.2,222.0,361.6,2.9,5.9,2.0,2.2,82.2,97.9,221.8,1.1,272.9,140.1,,249.1,35.6,112.4,3078.2999999999997
1029,2021-10-18,191.8,2.4,36.9,95.4,3.7,94.8,7.6,19.8,63.4,75.4,17.3,13.7,368.6,30.2,124.7,47.5,25.2,171.9,70.5,190.5,464.2,2.5,5.9,1.5,2.3,112.6,145.4,216.1,1.4,296.8,176.9,,283.8,33.5,129.5,3532.1000000000004
1030,2021-10-19,202.0,2.4,33.9,82.9,3.5,93.4,7.8,19.9,66.0,72.5,15.1,13.6,363.7,31.2,133.6,48.8,25.7,180.2,72.3,191.4,467.9,2.6,6.0,1.6,2.2,110.5,147.8,222.4,1.0,317.1,187.2,,279.9,31.3,130.3,3576.5000000000005
1031,2021-10-20,201.6,2.3,31.5,84.7,3.5,93.0,8.0,19.8,67.4,75.0,16.3,14.2,360.1,31.4,142.7,47.4,26.8,188.7,73.0,195.7,475.1,2.5,6.0,1.6,2.4,110.1,149.0,223.2,1.0,313.9,191.8,,298.4,34.4,134.8,3636.0
1032,2021-10-21,198.6,2.2,31.8,90.3,3.6,91.7,7.8,19.9,66.9,72.7,18.1,14.3,360.3,31.8,141.9,47.3,25.9,185.9,73.1,194.5,477.1,2.5,6.1,1.6,2.5,117.1,144.9,223.6,1.3,304.1,195.6,,298.1,35.9,138.5,3635.6
1033,2021-10-22,199.3,2.2,30.8,90.5,3.6,90.4,7.8,19.8,66.4,74.2,17.5,14.2,406.9,32.6,141.5,47.0,26.2,183.9,74.8,196.4,475.5,2.5,6.1,1.6,2.3,115.1,140.4,227.2,1.4,313.7,197.5,,288.7,36.7,139.9,3683.499999999999
1034,2021-10-23,197.8,2.2,31.0,89.5,3.4,88.6,7.8,19.9,66.9,73.3,17.8,13.8,379.1,32.5,138.9,33.1,25.7,182.8,72.7,199.6,476.0,2.5,6.0,1.5,2.3,113.8,132.8,229.4,1.4,308.5,197.8,,287.9,35.7,137.2,3617.8
1035,2021-10-24,182.6,2.3,29.8,92.7,2.9,89.3,7.6,19.5,66.6,68.5,18.2,12.5,367.7,27.6,116.7,45.4,25.7,163.4,66.7,200.1,468.8,2.5,5.6,1.5,2.4,112.8,97.2,209.9,1.3,273.7,190.1,,276.6,30.7,135.2,3421.7999999999997
1036,2021-09-06,165.7,2.1,36.5,126.6,6.7,99.5,7.4,19.3,67.4,111.9,17.6,11.3,335.2,33.8,185.8,49.5,29.5,159.7,67.7,227.7,445.8,2.8,5.7,1.6,2.8,115.5,256.3,251.3,1.4,280.1,147.0,,451.9,43.9,174.9,3950.0
1037,2021-09-07,168.6,2.5,34.1,111.6,6.5,93.3,7.6,19.7,65.9,114.1,17.0,11.7,333.7,33.2,188.4,45.9,27.7,160.3,69.9,226.1,421.8,2.8,5.6,1.6,2.8,113.5,255.7,261.0,1.4,297.2,136.3,,430.5,43.8,160.4,3880.7
1038,2021-09-08,176.9,2.2,37.1,118.1,6.4,97.1,7.6,19.9,66.2,109.1,19.2,11.7,319.1,32.5,183.4,43.3,29.0,163.7,71.5,223.0,418.9,2.7,5.6,1.5,2.4,117.6,255.8,264.5,1.5,312.0,150.1,,423.4,43.7,163.2,3908.4
1039,2021-09-09,186.6,2.3,39.2,124.7,6.2,101.7,7.6,19.8,68.3,109.5,19.3,11.4,305.6,31.4,191.2,46.0,30.7,177.5,73.1,215.1,410.4,2.6,5.7,1.5,2.4,116.6,254.1,259.4,1.5,322.0,168.2,,433.3,44.6,173.2,3971.499999999999
1040,2021-09-10,186.6,2.4,39.6,128.6,6.0,96.6,6.8,18.4,69.5,107.7,18.4,9.9,298.0,32.4,179.5,43.8,32.7,168.6,73.1,206.8,398.8,2.3,5.8,1.3,2.6,117.4,222.1,235.2,1.6,315.1,182.0,,422.5,42.6,177.8,3860.8000000000006
1041,2021-09-11,183.6,2.4,39.8,119.6,5.4,92.6,7.1,19.0,68.2,89.3,17.8,10.1,297.5,30.6,143.4,40.3,28.8,176.9,72.7,207.7,416.9,2.5,5.5,1.6,2.6,109.9,173.6,198.9,1.4,326.7,186.0,,383.8,42.1,168.7,3681.7
1042,2021-09-12,187.6,2.4,40.6,122.0,4.5,91.2,7.0,19.3,65.7,85.2,16.3,10.0,285.8,27.5,128.0,39.9,28.0,166.4,65.1,210.2,414.5,2.7,5.4,1.5,2.5,94.8,147.4,185.4,1.1,302.7,192.8,,397.4,38.6,162.7,3560.6
1043,2017-06-26,134.7,2.1,29.8,84.0,6.0,70.5,6.4,16.4,65.1,118.2,1.8,8.8,281.0,27.0,181.0,44.2,22.8,150.4,55.0,149.9,380.9,2.4,4.8,1.1,2.4,75.0,236.8,197.5,1.2,285.7,127.9,,384.5,39.1,137.0,3338.4
1044,2017-06-27,138.7,1.9,29.1,82.9,6.2,71.6,6.7,16.7,64.8,126.5,8.4,8.8,279.2,27.6,191.5,40.4,22.2,155.2,54.8,145.8,373.4,2.3,4.8,1.2,2.3,75.0,240.7,184.5,1.0,297.6,126.9,,370.0,41.1,146.4,3353.4
1045,2017-06-28,142.3,2.1,30.3,80.9,5.4,71.1,6.6,16.6,66.3,113.0,9.5,8.2,272.5,26.1,141.5,38.9,22.8,155.4,59.4,141.4,370.4,2.1,5.3,1.5,2.4,72.4,194.7,160.1,1.0,300.1,129.0,,369.4,37.8,151.6,3215.5
1046,2017-06-29,145.1,2.1,29.3,82.3,5.0,73.6,6.5,16.5,61.7,99.2,10.5,8.6,259.4,21.0,119.4,30.6,22.3,167.3,62.1,143.0,374.6,2.0,4.5,1.3,2.1,77.7,141.0,151.8,1.2,308.8,133.0,,325.3,34.0,154.4,3084.6000000000004
1047,2017-06-30,150.4,2.3,28.9,81.7,5.1,71.9,6.4,15.8,59.4,98.2,11.5,9.2,243.6,24.0,125.3,34.8,23.0,170.7,62.8,140.2,375.2,2.1,4.8,1.2,2.0,75.0,151.7,157.6,1.1,316.8,139.2,,336.5,33.8,151.8,3121.5000000000005
1048,2017-07-01,145.7,2.0,28.5,69.5,5.3,70.5,6.0,15.2,62.5,97.4,9.0,8.4,226.4,24.3,133.2,38.7,23.1,166.5,60.9,143.4,370.9,2.3,4.1,1.3,2.1,76.1,183.0,153.6,1.0,305.5,138.4,,336.6,35.7,157.4,3112.0
1049,2017-07-02,143.8,1.7,26.6,68.3,5.0,71.4,5.7,15.1,59.3,90.4,9.7,7.9,218.8,23.8,134.5,38.3,19.0,159.4,55.3,137.9,355.6,1.9,4.8,1.2,1.9,76.8,204.8,149.5,1.7,289.3,137.1,,304.4,32.5,136.6,2996.9000000000005
1050,2019-11-11,173.2,2.1,23.6,74.8,3.3,72.1,6.9,17.7,62.8,63.2,5.3,12.2,308.7,27.3,107.9,36.2,23.9,168.5,67.9,209.1,402.5,2.3,5.9,1.8,2.2,73.3,99.0,212.4,1.2,286.3,160.5,,269.0,32.9,109.0,3131.5000000000005
1051,2019-11-12,176.0,2.0,23.8,71.3,3.2,71.7,7.3,18.1,63.5,59.9,5.2,12.5,314.2,26.8,114.1,38.1,23.6,173.2,69.7,214.7,408.4,2.4,5.9,1.7,2.1,78.4,98.0,214.4,1.3,293.5,174.7,,267.4,33.0,115.2,3192.9
1052,2019-11-13,173.3,2.2,23.7,69.1,3.5,70.8,7.3,18.1,62.4,62.0,5.8,12.4,314.5,27.9,113.3,39.3,23.9,177.3,70.8,218.5,414.3,2.4,6.0,1.8,2.1,70.4,102.6,215.3,1.5,295.1,176.6,,268.7,33.7,115.8,3210.0
1053,2019-11-14,171.9,2.1,23.5,69.7,3.4,71.2,7.2,18.0,61.4,63.2,6.0,12.4,309.8,28.5,114.0,39.2,24.7,175.6,71.4,221.1,409.9,2.4,5.7,1.7,2.2,65.0,104.0,196.9,1.4,297.1,183.5,,276.1,34.0,112.3,3194.1
1054,2019-11-15,165.5,2.0,24.7,72.7,3.5,71.2,7.3,18.0,61.2,60.6,5.6,12.4,307.0,27.8,114.4,38.8,24.7,172.8,72.6,222.6,410.3,2.4,5.6,1.7,2.1,65.2,101.8,194.3,1.3,288.3,194.0,,277.4,34.3,117.8,3189.3
1055,2019-11-16,168.3,2.1,24.1,71.2,3.3,70.8,7.2,18.2,59.8,60.4,5.5,12.9,313.7,27.6,110.5,41.8,23.8,172.0,72.1,224.7,416.2,2.5,5.8,1.9,2.2,66.7,101.3,200.5,1.4,273.6,192.5,,272.1,33.3,115.7,3183.1
1056,2019-11-17,168.3,2.0,22.4,69.4,3.0,70.8,7.6,17.7,61.3,58.5,5.6,12.0,299.7,25.3,101.8,42.0,23.9,164.1,65.4,227.0,406.7,2.5,5.7,1.7,2.1,64.2,93.0,203.7,1.1,260.2,189.2,,257.1,30.9,106.1,3078.6999999999994
1057,2020-02-17,193.5,2.5,22.6,75.3,3.5,85.3,6.8,18.3,64.5,62.6,10.4,10.2,352.8,27.0,138.4,49.1,24.0,240.0,77.3,270.2,484.7,2.7,6.7,1.8,2.3,71.6,130.8,247.1,1.8,311.3,247.4,,289.7,35.7,121.0,3695.7999999999993
1058,2020-02-18,197.3,2.2,22.5,74.8,3.5,86.9,7.4,18.7,63.7,64.0,10.3,10.3,353.0,26.9,142.3,48.8,23.9,244.1,77.4,272.0,493.9,2.6,6.2,1.6,2.3,71.1,129.7,250.9,1.8,317.5,252.5,,292.4,36.7,125.4,3741.9
1059,2020-02-19,198.1,2.2,22.4,76.1,3.7,86.5,7.6,18.7,65.1,65.1,10.7,10.7,356.3,28.0,138.8,51.6,23.6,247.8,76.5,272.3,497.9,2.7,6.3,1.6,2.2,73.3,120.4,250.6,1.9,321.5,254.3,,291.2,35.7,124.2,3753.099999999999
1060,2020-02-20,197.4,2.3,23.1,76.5,3.6,88.6,7.6,18.5,66.1,63.6,11.1,10.9,363.5,26.9,127.1,47.0,23.7,246.6,75.3,271.7,499.8,2.8,6.3,1.6,2.1,74.6,110.3,246.9,1.8,319.1,250.3,,279.7,36.5,124.8,3715.2
1061,2020-02-21,194.6,2.1,22.9,76.2,3.4,88.7,5.9,18.4,66.2,64.3,10.8,10.6,334.7,26.2,107.8,50.2,24.5,243.4,74.7,264.2,491.7,2.8,6.1,1.6,2.1,71.5,105.7,248.9,1.8,314.8,254.3,,234.2,32.8,130.0,3595.8
1062,2020-02-22,194.6,2.0,22.8,64.0,3.3,88.1,6.8,18.5,65.2,60.7,10.8,10.6,349.9,26.8,115.6,49.5,24.3,236.8,76.9,255.9,489.1,2.6,6.0,1.7,2.1,71.6,118.0,247.3,1.7,316.4,252.2,,247.1,34.6,124.9,3605.8
1063,2020-02-23,191.3,2.1,20.0,70.2,3.1,86.0,7.1,18.4,64.4,59.4,11.0,9.4,341.7,25.8,112.1,47.6,23.6,230.0,71.1,252.0,477.6,2.6,5.9,1.6,2.2,70.6,114.3,236.3,1.4,291.0,249.5,,250.7,32.7,113.2,3503.0999999999995
1064,2018-01-29,166.8,1.9,22.2,69.2,3.7,74.1,7.3,17.5,69.1,67.4,10.1,9.6,297.1,26.7,115.5,46.7,23.8,207.6,66.5,213.4,417.7,2.6,5.5,1.7,2.0,77.5,101.2,209.1,1.9,281.2,176.7,,295.9,37.5,105.9,3238.9000000000005
1065,2018-01-30,169.2,2.3,22.1,69.5,3.6,74.4,7.4,17.7,65.3,66.5,9.7,9.9,301.7,27.0,117.9,45.7,23.9,209.6,67.8,215.9,421.0,2.6,5.6,1.8,2.0,73.2,101.5,215.3,1.5,284.0,183.7,,288.4,36.4,115.0,3265.7
1066,2018-01-31,168.2,2.4,22.8,69.6,3.5,73.1,7.3,17.4,67.2,66.5,9.4,9.7,297.9,27.5,118.5,46.5,22.0,211.4,67.9,214.6,418.1,2.7,5.8,1.9,2.0,73.5,106.1,214.1,1.6,290.0,181.8,,288.8,37.7,118.7,3272.8
1067,2018-02-01,163.6,2.4,23.7,66.7,3.5,73.8,7.1,17.4,67.7,64.8,9.6,10.0,302.2,26.8,121.5,44.7,22.9,207.9,67.1,215.7,419.0,2.8,5.8,1.8,2.0,73.9,105.8,208.2,2.0,286.5,182.4,,296.1,35.2,123.2,3270.2999999999997
1068,2018-02-02,164.7,2.4,23.9,67.4,3.5,76.0,7.1,17.6,67.6,64.8,10.3,10.0,302.2,26.5,122.1,43.3,22.3,214.8,66.7,215.7,419.0,2.6,5.9,1.8,1.9,77.3,108.2,208.4,1.7,285.2,185.2,,295.7,36.8,122.5,3287.7
1069,2018-02-03,167.6,2.4,23.8,69.7,3.3,77.9,7.2,17.1,67.9,61.0,9.8,10.0,299.8,27.2,125.0,42.2,24.7,207.2,65.4,215.9,424.8,2.6,6.0,1.9,2.0,75.0,109.2,213.3,1.8,278.6,186.2,,293.3,36.0,120.1,3282.5
1070,2018-02-04,163.1,2.4,23.4,64.9,3.0,73.3,6.8,17.2,67.5,59.7,9.7,9.6,288.4,25.3,118.5,40.8,26.0,190.5,60.6,212.7,412.4,2.5,5.3,1.7,2.0,78.4,104.7,208.8,1.7,261.2,180.7,,291.5,34.2,113.3,3167.6
1071,2022-08-15,192.2,2.5,36.0,100.5,5.4,73.0,,,67.2,96.7,18.0,10.9,295.3,26.3,182.0,43.8,25.4,158.2,70.3,174.3,382.7,2.6,6.2,1.9,2.6,120.8,252.1,218.4,0.9,307.4,162.2,,406.3,39.7,149.6,3660.5
1072,2022-08-16,201.9,2.5,41.2,132.6,6.4,81.1,,,72.9,109.3,16.8,12.2,312.4,27.6,193.8,47.2,31.2,180.7,76.0,169.8,422.5,2.7,6.2,1.7,2.9,125.8,277.1,206.9,1.4,343.9,186.7,,397.4,44.8,177.5,3946.3
1073,2022-08-17,210.0,2.7,45.7,137.6,6.8,91.3,,,74.5,113.3,18.6,12.6,301.8,30.6,205.6,48.6,33.5,211.8,78.3,199.6,446.2,2.8,6.3,1.8,2.9,129.8,293.7,188.4,1.6,353.7,204.7,,482.2,48.3,197.7,4219.8
1074,2022-08-18,211.6,2.6,47.2,143.4,7.0,100.4,,,75.1,119.9,19.0,12.7,287.8,31.4,221.6,51.1,33.6,219.0,79.3,213.5,454.9,2.6,5.9,1.7,2.8,138.3,302.7,204.1,1.6,343.3,220.4,,510.4,49.4,205.6,4357.0
1075,2022-08-19,209.0,2.7,45.6,129.6,6.3,104.3,,,71.4,118.2,19.2,12.5,262.2,32.8,226.8,53.7,31.3,226.9,79.1,227.5,456.1,2.5,5.6,1.7,2.8,130.0,311.3,225.0,1.5,349.2,221.8,,547.4,47.8,164.9,4363.2
1076,2022-08-20,211.9,2.7,45.7,108.1,6.1,94.3,,,65.6,119.4,19.2,12.6,278.6,32.1,227.8,50.4,18.9,205.8,78.5,195.1,461.9,2.8,5.8,1.7,2.8,124.4,305.8,237.3,1.3,332.0,223.5,,466.3,43.3,152.4,4171.1
1077,2022-08-21,215.3,2.5,44.7,120.1,5.8,89.3,,,70.0,117.8,18.8,11.2,289.3,25.9,220.1,50.5,25.4,184.8,70.9,172.7,446.7,2.6,5.8,1.6,2.7,125.3,308.4,237.2,1.1,312.0,212.1,,463.2,43.2,166.1,4098.9
1078,2016-09-26,138.4,2.0,27.7,63.7,4.9,73.9,7.0,17.6,63.2,102.0,12.7,7.9,316.8,24.6,163.7,31.9,20.2,172.4,64.0,152.1,352.3,1.9,4.8,1.2,1.8,75.3,184.9,206.3,1.5,308.1,112.7,,299.0,41.9,140.5,3206.0
1079,2016-09-27,141.7,2.0,26.7,66.8,5.1,69.5,7.3,17.5,62.6,102.9,12.4,7.9,314.3,25.8,163.4,33.3,20.6,177.3,65.2,156.2,361.7,2.0,5.2,1.2,1.9,72.9,188.4,210.7,1.4,317.2,117.6,,276.8,38.9,145.9,3227.5000000000005
1080,2016-09-28,143.0,2.1,29.0,60.1,5.1,71.2,7.2,17.5,59.5,106.4,11.6,9.0,319.2,26.1,160.8,33.0,19.6,170.0,65.8,155.8,366.8,2.0,5.7,1.3,2.0,70.3,182.6,209.5,1.4,311.9,123.5,,280.0,39.4,151.1,3226.1000000000004
1081,2016-09-29,144.3,2.0,29.1,63.4,5.3,71.7,7.0,17.7,63.9,108.9,12.0,9.1,329.3,26.3,169.6,33.0,20.1,172.8,65.0,154.3,369.0,1.9,4.3,1.2,2.0,72.2,181.3,205.2,1.5,295.3,128.9,,272.9,38.5,147.7,3232.8999999999996
1082,2016-09-30,143.9,2.0,28.8,68.4,5.4,72.6,6.7,17.6,61.1,109.7,10.8,8.3,329.4,25.9,167.6,34.6,21.6,175.7,65.3,152.2,364.4,1.9,4.3,1.2,1.8,72.4,189.4,203.7,1.3,293.8,133.6,,274.3,32.3,150.4,3239.1000000000004
1083,2016-10-01,135.2,2.0,29.1,73.2,5.3,72.1,6.7,17.5,64.1,107.5,9.7,8.6,320.4,25.9,165.5,34.8,23.3,182.2,65.0,151.0,349.7,2.0,4.2,1.2,1.9,71.5,179.1,207.5,1.1,294.7,126.6,,289.4,39.1,156.7,3230.5
1084,2016-10-02,138.7,2.1,29.8,70.3,4.7,73.1,6.0,16.2,63.9,99.2,11.7,7.5,288.6,23.5,154.6,35.6,22.4,165.4,58.0,150.3,328.1,2.0,4.5,1.1,1.9,75.3,170.9,196.2,1.0,271.6,120.5,,308.5,34.8,147.0,3090.8
1085,2016-12-19,136.2,2.3,21.7,59.6,3.5,65.3,4.0,15.7,61.7,58.2,9.4,7.7,273.6,24.6,117.5,37.0,21.3,183.9,64.0,221.2,408.1,2.5,4.6,1.5,2.2,64.6,102.0,199.9,1.7,258.7,147.0,,273.5,32.5,91.2,2984.2
1086,2016-12-20,138.8,2.3,22.3,60.5,3.5,67.7,5.6,15.8,59.8,59.6,8.6,8.3,274.6,25.2,117.4,35.7,22.4,186.8,64.8,221.6,410.6,2.6,4.7,1.5,2.2,62.4,103.3,209.5,1.6,262.8,148.3,,276.4,33.3,99.2,3025.7999999999997
1087,2016-12-21,142.3,2.0,22.4,58.6,3.6,68.3,6.4,15.9,62.0,61.1,10.0,8.6,271.6,26.8,120.5,38.5,22.7,191.6,66.5,222.2,412.8,2.5,4.7,1.6,2.2,64.3,104.1,209.3,1.8,280.0,148.6,,277.3,33.4,103.1,3073.6000000000004
1088,2016-12-22,140.6,2.0,22.2,64.8,3.6,67.9,6.4,15.9,63.6,58.6,9.8,8.6,275.9,26.4,122.3,26.8,21.6,195.4,67.4,222.0,411.6,2.5,4.8,1.6,2.1,63.0,103.1,210.2,1.5,281.8,150.3,,274.9,34.0,98.9,3068.2000000000003
1089,2016-12-23,142.7,2.0,23.1,64.8,3.5,72.4,6.4,15.1,62.7,61.6,10.5,8.7,280.0,26.6,118.2,35.1,24.2,195.8,67.4,224.4,404.5,2.1,4.8,1.6,1.9,62.7,104.3,207.1,1.6,286.4,150.8,,269.0,33.5,99.0,3080.7
1090,2016-12-24,141.8,1.9,22.0,61.1,3.4,70.1,6.5,15.7,62.5,56.7,10.2,8.4,277.9,26.2,116.1,37.0,23.6,194.6,64.9,217.9,402.2,2.1,5.2,1.6,1.8,64.6,102.9,204.1,1.3,282.0,150.0,,277.3,32.4,99.8,3052.0000000000005
1091,2016-12-25,138.6,1.8,21.2,60.7,3.0,70.1,6.5,15.7,61.8,55.1,10.2,8.4,277.9,23.7,109.4,36.5,20.0,178.6,58.2,217.9,402.2,2.1,5.8,1.3,1.5,68.2,92.2,206.0,1.6,261.7,145.2,,272.8,28.8,95.7,2966.4000000000005
1092,2018-10-01,184.4,2.2,29.1,98.9,4.2,102.4,6.5,17.1,53.1,94.4,5.9,13.2,386.4,26.2,135.5,38.9,23.4,175.6,72.1,208.6,491.5,2.2,5.2,1.4,2.4,114.8,157.0,211.7,1.1,295.0,213.9,,362.5,37.7,171.2,3752.6
1093,2018-10-02,189.1,2.0,28.3,104.0,3.6,101.4,6.0,16.5,57.9,83.7,4.9,13.2,398.2,23.3,133.7,40.0,24.2,168.7,65.0,209.8,486.1,2.4,5.2,1.4,2.4,123.5,151.8,211.5,0.9,277.0,208.6,,357.2,32.5,174.7,3715.4
1094,2018-10-03,192.5,2.3,27.6,98.4,4.2,102.0,6.5,17.1,58.0,95.7,6.0,12.2,398.2,26.3,146.0,27.8,24.2,186.0,66.8,212.4,499.4,2.4,4.9,1.4,2.4,114.7,170.9,214.4,1.2,280.2,209.7,,362.4,36.7,181.7,3799.8
1095,2018-10-04,188.6,2.3,29.3,98.4,4.2,103.7,6.9,16.4,55.5,98.7,5.9,13.2,401.6,26.1,154.4,39.3,22.4,183.1,66.9,213.7,485.8,2.2,5.0,1.6,2.3,115.8,174.7,217.7,1.2,268.2,218.0,,359.6,38.4,181.9,3809.6
1096,2018-10-05,182.5,2.2,29.8,93.8,4.1,104.4,5.6,17.0,58.0,97.3,6.7,14.0,396.2,27.4,156.1,40.1,21.1,181.4,68.5,216.1,488.3,2.3,5.0,1.6,2.3,117.8,177.1,219.9,1.1,262.2,227.6,,358.9,38.1,192.6,3823.8
1097,2018-10-06,183.7,2.1,28.7,97.4,3.9,103.9,6.8,17.5,61.3,91.9,6.6,14.2,397.2,27.2,154.3,40.1,24.6,176.9,68.3,219.9,494.8,2.3,4.9,1.5,2.3,115.3,177.9,216.7,1.2,254.1,229.4,,352.1,38.5,173.3,3797.2
1098,2018-10-07,186.5,2.3,27.0,95.0,3.3,103.9,7.2,17.3,62.7,84.9,6.2,14.0,385.5,25.3,140.9,38.9,24.3,166.8,63.1,219.3,491.1,3.1,4.8,1.6,2.3,116.0,165.2,209.5,0.9,244.2,228.3,,360.7,35.2,162.7,3705.999999999999
1099,2023-10-09,242.3,2.5,34.6,126.1,5.2,116.9,,,73.0,114.6,,14.5,413.1,34.8,204.2,46.3,34.1,256.5,84.1,284.2,582.8,2.6,5.4,1.9,2.7,123.8,214.8,307.5,0.9,354.9,278.4,5.3,447.7,43.8,201.8,4735.0
1100,2023-10-10,228.8,2.6,38.5,125.5,5.0,118.8,,,73.1,115.2,,13.0,409.0,32.1,205.2,39.2,34.3,255.7,85.1,290.4,603.5,2.8,5.2,1.9,2.8,124.1,198.0,309.1,1.0,360.6,281.1,4.9,474.0,44.1,205.4,4763.9
1101,2023-10-11,235.1,2.8,40.2,132.3,4.7,120.0,,,74.1,108.7,,12.7,414.2,32.9,201.8,47.4,34.7,254.4,83.6,293.0,610.3,2.9,5.4,1.9,2.7,119.7,208.6,304.0,1.1,358.4,272.8,5.8,467.1,44.0,208.2,4778.8
1102,2023-10-12,237.9,2.7,40.2,132.9,4.6,119.8,,,71.3,101.7,,14.9,427.2,34.2,198.9,48.4,35.0,247.3,81.4,291.5,607.2,2.9,5.2,1.9,2.7,114.8,207.2,307.6,1.1,353.3,284.6,5.8,450.2,42.9,208.8,4758.7
1103,2023-10-13,238.7,2.7,38.4,132.7,4.5,121.2,,,69.6,104.4,,14.8,425.8,34.1,199.2,48.1,33.6,252.8,79.9,294.3,612.3,2.8,5.4,1.9,2.6,115.6,197.5,311.3,1.0,357.8,293.8,5.6,451.9,42.9,204.7,4773.399999999999
1104,2023-10-14,236.4,2.8,38.0,129.3,4.3,120.8,,,72.2,102.8,,14.7,426.5,33.7,198.4,45.4,32.9,259.8,79.0,297.5,610.8,2.8,5.5,1.9,2.8,113.3,189.7,303.4,1.0,349.9,289.7,5.6,436.9,42.4,199.9,4721.499999999998
1105,2023-10-15,239.6,2.6,35.4,126.6,3.8,119.1,,,71.3,96.1,,13.5,407.7,29.9,173.7,43.7,33.2,246.6,72.1,294.7,597.0,2.6,5.5,1.9,2.7,111.7,148.2,303.3,0.9,300.2,283.4,5.1,430.2,37.7,184.2,4494.599999999999
1106,2024-01-01,196.8,2.8,24.8,93.7,4.7,96.7,,,70.6,79.6,,12.8,380.2,35.8,142.4,64.4,31.6,261.6,84.1,320.4,527.0,2.8,6.0,1.8,2.3,87.7,148.6,312.7,1.5,303.6,223.1,3.7,344.5,41.9,125.3,4101.1
1107,2024-01-02,199.6,2.9,25.8,86.9,4.7,96.3,,,69.2,80.1,,13.5,366.0,35.6,150.7,64.4,30.4,271.1,85.2,316.4,548.7,3.1,6.2,1.9,2.3,88.6,148.5,309.1,1.8,325.5,231.2,3.9,347.8,42.1,132.0,4162.200000000001
1108,2024-01-03,202.5,2.9,26.5,86.8,4.7,98.8,,,70.5,84.9,,13.9,384.5,36.9,156.9,63.1,30.8,271.5,85.8,307.3,557.1,3.2,6.3,2.1,2.4,87.8,154.1,322.4,1.9,336.7,237.8,3.8,345.1,42.7,135.8,4239.1
1109,2024-01-04,202.9,2.8,27.3,91.1,4.8,101.6,,,70.8,87.6,,13.8,398.4,37.5,159.3,62.9,31.1,262.8,83.6,303.9,564.6,3.0,6.4,2.1,2.3,87.1,150.3,317.8,1.9,332.7,237.8,4.4,342.6,43.5,139.6,4248.700000000001
1110,2024-01-05,202.1,2.6,26.0,93.1,5.0,103.4,,,71.5,90.4,,14.5,399.7,38.9,163.3,63.7,30.8,261.7,81.0,291.5,557.2,3.0,6.4,2.1,2.3,88.1,156.0,317.2,2.0,326.0,242.3,4.1,356.3,45.3,142.3,4262.400000000001
1111,2024-01-06,203.3,2.8,26.3,88.5,4.7,102.5,,,70.9,85.5,,14.3,401.5,38.0,160.6,65.7,30.9,257.4,81.8,272.4,560.0,3.2,6.3,2.2,2.4,86.6,162.8,325.2,1.9,320.1,239.5,3.9,356.9,45.9,141.4,4236.599999999999
1112,2024-01-07,197.9,2.9,25.4,91.0,4.7,102.1,,,71.6,81.7,,13.1,391.3,34.4,148.6,64.4,30.7,228.7,75.2,272.4,543.9,3.2,6.4,2.0,2.3,89.3,154.1,320.6,1.7,290.3,233.6,3.6,351.3,42.9,129.9,4080.6
1113,2018-06-11,153.7,1.8,32.5,90.1,6.2,71.9,7.5,18.0,70.4,126.4,7.9,10.6,364.1,26.5,161.5,42.0,22.1,147.4,62.5,164.7,429.4,1.7,5.2,1.4,2.3,91.8,174.3,220.2,1.2,313.5,124.9,,408.5,43.6,164.7,3578.4999999999995
1114,2018-06-12,153.3,1.9,29.0,87.4,6.5,70.7,7.8,18.2,67.6,135.5,9.8,8.9,359.4,27.7,179.1,42.3,23.2,151.1,66.8,161.9,447.6,1.8,5.5,1.7,2.3,89.1,181.7,224.4,1.6,322.8,126.8,,419.5,45.1,156.2,3642.4
1115,2018-06-13,162.2,1.9,25.8,85.9,6.8,67.4,7.8,18.3,70.3,137.9,10.0,9.9,352.7,28.3,185.0,46.2,22.7,162.1,66.0,163.3,462.3,1.9,5.6,1.7,2.3,87.5,188.5,218.7,1.2,323.4,136.9,,394.1,45.0,166.1,3673.8
1116,2018-06-14,172.2,1.7,24.2,83.3,7.2,72.1,7.8,18.3,67.3,134.9,10.7,10.8,359.2,27.6,187.4,43.8,23.4,166.2,64.1,165.2,475.6,1.6,5.3,1.8,2.2,93.9,194.5,219.0,1.2,322.5,146.7,,389.7,44.4,176.3,3730.3
1117,2018-06-15,173.0,2.1,24.8,88.7,6.6,80.6,7.6,18.0,67.9,132.4,11.2,10.6,362.7,28.8,189.9,41.4,23.4,167.6,62.4,177.3,471.7,2.2,5.4,1.9,2.2,89.1,192.8,222.1,1.0,335.7,152.1,,412.6,43.6,178.6,3795.6
1118,2018-06-16,172.9,2.2,25.7,90.5,4.7,83.7,7.3,17.0,69.8,124.7,11.0,10.2,355.0,23.8,181.0,39.1,25.5,168.8,64.9,182.1,454.5,2.3,5.3,1.9,2.2,91.0,163.6,231.1,1.0,318.2,147.6,,433.9,40.5,180.1,3741.1
1119,2018-06-17,172.9,2.1,24.9,89.7,3.8,83.1,6.9,17.2,70.8,113.1,11.4,9.0,342.9,23.4,148.0,35.7,25.1,155.9,60.6,180.6,424.7,2.1,5.1,1.4,2.0,92.3,136.1,230.9,0.9,293.0,145.1,,370.0,35.4,167.7,3491.1
1120,2021-01-04,163.6,2.3,23.7,84.4,4.0,86.6,7.1,19.0,63.5,73.2,17.8,10.4,339.5,32.6,112.3,44.2,25.6,208.1,70.9,281.4,452.6,3.2,7.0,1.7,2.2,70.6,112.6,227.2,2.3,251.7,207.1,,276.8,39.8,109.6,3441.5000000000005
1121,2021-01-05,166.1,2.3,24.4,82.0,4.0,87.0,7.4,18.8,65.2,70.5,18.1,10.8,341.8,33.5,104.0,40.2,25.7,208.8,72.4,274.7,444.8,3.0,6.7,1.6,2.3,74.8,109.5,215.3,2.3,259.4,211.7,,278.3,40.8,118.6,3433.9
1122,2021-01-06,164.3,2.3,24.2,82.3,3.8,85.0,7.5,19.3,65.9,71.6,18.1,10.9,334.6,32.0,114.6,32.4,25.7,203.8,70.9,283.8,455.9,3.0,6.7,1.7,2.2,84.2,113.1,223.1,2.0,258.7,209.2,,274.2,37.9,121.4,3453.3
1123,2021-01-07,156.2,2.2,24.1,82.2,3.8,88.8,7.4,19.2,66.7,70.6,18.7,10.8,344.9,32.8,118.0,48.2,26.2,174.5,69.9,284.5,451.1,2.9,6.8,1.7,2.2,83.7,116.1,230.6,2.0,255.1,197.1,,280.7,40.0,123.3,3449.9
1124,2021-01-08,162.6,1.9,24.3,84.2,3.8,88.0,7.4,19.5,65.8,73.8,18.6,11.5,344.3,32.9,120.3,54.0,26.7,180.6,70.1,282.6,433.5,2.8,6.8,1.6,2.0,72.8,117.7,235.0,1.9,259.9,208.0,,281.1,40.8,124.0,3468.1
1125,2021-01-09,159.6,2.1,24.0,81.7,3.6,88.9,7.5,19.5,66.7,68.3,18.0,12.6,341.9,32.8,119.8,55.1,26.3,172.7,69.2,256.1,440.8,2.9,6.6,1.7,2.1,72.3,120.0,231.5,1.9,258.0,211.0,,273.3,40.1,121.1,3416.7
1126,2021-01-10,163.0,2.2,23.2,83.6,3.8,89.6,6.9,19.2,64.2,67.9,18.6,11.3,338.5,30.8,109.6,54.3,26.0,165.3,63.7,259.7,435.5,2.9,6.9,1.7,2.2,70.0,114.1,230.2,1.8,238.7,211.1,,274.3,38.0,117.4,3352.7
1127,2019-04-29,194.9,2.2,22.5,101.7,4.8,105.7,7.3,18.9,71.6,109.3,6.2,13.5,391.4,27.3,150.5,44.3,27.5,230.1,82.3,219.7,499.4,1.8,5.6,1.8,2.2,97.1,136.0,227.2,1.1,340.6,175.0,,395.8,41.5,183.4,3949.1
1128,2019-04-30,193.7,2.3,21.3,105.0,5.0,105.9,7.5,18.8,69.1,111.9,7.2,13.5,385.3,27.6,154.7,43.9,25.9,214.8,79.5,219.7,508.9,2.5,5.6,1.6,2.2,98.0,132.5,231.6,1.2,332.7,177.3,,410.9,41.8,175.5,3944.0
1129,2019-05-01,176.4,2.2,18.7,102.1,5.1,103.7,5.4,17.4,62.3,114.2,6.7,13.5,380.2,25.7,155.2,43.7,23.2,180.6,74.8,218.4,456.0,2.4,4.9,1.7,2.1,97.1,134.3,232.4,0.9,298.4,160.9,,408.7,40.2,161.2,3737.2999999999993
1130,2019-05-02,172.4,2.2,22.3,100.1,4.7,105.8,6.1,18.1,64.2,112.7,5.0,13.5,380.6,26.2,143.2,43.1,25.0,209.6,80.7,219.8,485.9,2.4,5.6,1.6,2.2,87.7,135.9,229.6,1.2,330.0,165.2,,373.4,35.5,169.5,3788.4
1131,2019-05-03,181.0,2.2,23.6,82.8,4.7,98.3,7.0,18.2,61.1,105.0,5.5,13.5,379.4,27.0,138.9,45.3,21.4,223.4,81.9,212.8,485.2,2.4,5.6,1.8,2.3,51.1,141.2,226.9,1.3,347.2,168.4,,341.6,37.9,135.6,3690.1
1132,2019-05-04,189.4,2.0,18.7,80.4,4.4,94.8,7.1,18.3,59.5,100.5,6.3,11.6,377.9,26.9,148.6,46.2,18.7,224.5,80.8,210.0,485.1,2.3,4.7,1.5,2.0,55.8,144.5,222.4,1.1,346.6,168.8,,393.3,41.8,103.6,3708.9
1133,2019-05-05,189.8,1.8,18.3,87.9,4.1,94.7,6.7,18.2,65.6,96.4,6.3,10.7,362.8,24.7,141.8,43.9,23.8,215.5,75.3,208.6,475.9,1.9,5.0,1.5,1.9,62.0,139.6,223.8,1.0,329.5,163.0,,365.3,37.8,131.5,3645.0
1134,2017-11-13,158.3,2.5,21.5,62.2,3.1,69.1,7.0,17.1,58.5,62.1,10.3,8.6,318.3,24.8,101.2,41.1,20.2,189.0,65.6,232.9,422.5,2.3,5.5,1.4,2.5,71.7,108.1,201.0,1.4,264.2,152.5,,271.0,32.2,112.9,3128.7
1135,2017-11-14,158.3,2.3,22.8,59.2,3.2,68.9,7.2,17.2,57.5,62.8,9.8,8.6,318.3,25.2,105.2,39.1,22.4,202.8,66.1,238.5,425.5,2.1,5.4,1.4,2.3,72.4,94.4,203.1,1.6,275.2,154.3,,270.1,33.2,118.7,3161.4999999999995
1136,2017-11-15,157.5,2.2,22.9,60.8,3.2,67.2,7.2,17.1,61.4,62.3,10.0,8.6,315.6,26.1,108.5,32.4,23.4,197.6,66.8,237.4,431.5,2.2,5.5,1.5,2.0,65.7,86.6,203.6,1.3,275.1,153.6,,271.7,33.5,115.7,3144.2999999999997
1137,2017-11-16,163.5,2.2,23.8,64.0,3.2,66.5,7.1,17.0,60.1,63.1,10.5,8.9,314.8,24.6,105.1,40.0,21.9,202.5,66.4,237.1,429.6,2.3,5.1,1.5,2.0,65.9,90.1,207.4,1.5,283.4,158.7,,276.3,33.9,112.5,3179.100000000001
1138,2017-11-17,167.8,2.2,23.8,61.4,3.1,68.2,7.1,17.0,60.4,64.7,11.3,8.9,316.2,26.5,112.2,42.2,23.3,205.2,67.7,240.2,425.2,2.3,5.0,1.5,2.0,67.0,93.1,200.0,1.6,292.9,157.6,,276.8,33.6,113.8,3208.0000000000005
1139,2017-11-18,167.6,2.1,23.8,63.3,3.1,68.9,7.1,17.2,62.8,60.3,11.2,9.0,314.5,26.1,110.8,40.8,24.1,199.9,68.4,236.8,427.8,2.3,5.4,1.3,2.0,67.7,91.6,192.6,1.5,287.1,152.8,,273.4,33.2,116.8,3180.1000000000004
1140,2017-11-19,164.5,2.0,22.1,64.9,2.8,68.3,6.7,17.0,65.8,57.2,10.3,8.3,303.1,24.3,95.2,40.4,22.9,184.1,61.8,231.8,417.8,2.1,5.8,1.4,2.0,64.4,85.1,189.4,1.2,277.9,148.2,,270.9,30.8,111.8,3068.7000000000007
1141,2022-11-21,176.1,2.2,26.0,77.3,3.2,83.6,,,67.9,64.0,17.3,10.5,398.2,32.8,127.7,55.4,27.1,214.5,73.6,304.1,510.5,2.8,6.7,1.8,2.1,98.3,124.5,299.0,1.7,283.1,162.9,,301.0,35.9,120.0,3746.000000000001
1142,2022-11-22,178.4,2.1,26.3,79.2,3.3,85.1,,,70.2,66.0,17.1,11.0,397.5,33.1,131.6,56.0,27.3,214.3,74.7,305.4,522.7,2.9,6.7,1.8,2.2,97.3,128.9,299.4,1.8,291.5,166.7,,304.5,36.7,122.6,3799.9
1143,2022-11-23,174.6,2.3,26.5,80.5,3.4,86.0,,,70.0,65.2,17.2,11.5,390.6,33.9,133.9,56.7,27.3,207.3,74.5,309.5,530.9,2.9,6.8,1.9,2.2,102.2,131.1,293.6,1.8,301.5,170.7,,305.4,37.9,122.2,3817.7
1144,2022-11-24,178.5,2.2,26.8,78.5,3.4,86.8,,,69.6,65.7,16.5,13.2,400.5,33.2,135.0,55.1,27.0,199.0,74.8,309.4,531.8,2.9,6.8,1.9,2.2,101.0,135.7,298.0,1.8,303.9,172.9,,307.7,37.7,121.9,3837.4
1145,2022-11-25,182.2,2.2,26.7,82.6,3.4,86.4,,,69.0,68.0,16.9,13.6,398.0,33.4,134.9,56.9,25.9,206.2,75.9,309.4,537.5,2.9,6.9,1.8,2.2,100.8,138.2,303.4,1.8,312.5,174.7,,305.3,38.4,121.6,3874.8
1146,2022-11-26,184.2,2.2,26.4,78.6,3.3,85.7,,,69.8,63.1,17.7,12.2,395.0,33.6,134.7,55.7,27.6,204.4,76.9,308.3,539.7,2.9,7.0,1.9,2.2,103.9,136.3,301.3,1.7,312.0,170.8,,300.4,37.2,120.2,3853.099999999999
1147,2022-11-27,181.4,2.1,24.7,78.4,3.0,86.2,,,66.6,61.0,17.6,11.1,380.1,31.7,122.2,55.9,26.9,192.7,69.9,305.6,526.7,2.9,6.9,1.8,2.0,104.3,128.7,301.4,1.4,279.3,163.5,,296.0,34.4,111.4,3712.400000000001
1148,2018-09-17,162.6,2.6,31.5,97.8,4.9,92.0,7.2,17.6,49.8,106.1,10.9,11.0,381.6,26.9,182.1,39.6,23.7,193.0,69.6,202.5,488.0,2.2,4.5,1.7,2.4,92.9,219.8,218.8,1.0,284.9,209.6,,374.5,37.9,159.1,3817.2
1149,2018-09-18,162.0,2.4,34.1,97.9,5.0,94.4,7.4,18.3,49.1,107.5,10.5,12.1,388.0,29.1,184.9,39.5,24.2,195.6,70.5,209.3,491.0,2.4,5.2,1.7,2.5,96.5,224.9,226.2,1.1,295.6,189.1,,383.6,39.1,169.5,3877.3
1150,2018-09-19,165.1,2.4,33.0,97.9,4.9,98.9,7.3,18.5,50.5,108.6,10.5,12.7,395.7,30.4,188.9,38.5,24.7,200.3,70.3,210.6,484.5,2.2,4.8,1.8,2.4,96.5,226.3,229.0,1.1,292.6,195.1,,392.2,39.0,177.3,3921.5
1151,2018-09-20,163.5,2.4,33.7,84.5,5.5,96.4,7.3,18.6,61.3,108.9,9.8,12.7,399.3,28.5,189.3,40.9,23.8,201.9,69.2,212.3,482.1,2.4,5.0,1.5,2.2,89.5,215.4,233.7,0.6,295.2,201.0,,382.6,42.6,152.5,3883.4
1152,2018-09-21,153.3,2.4,32.8,65.8,5.2,75.3,7.5,18.3,60.7,104.2,10.7,12.6,403.2,30.0,181.5,42.8,19.1,199.2,68.8,199.5,474.0,2.3,4.9,1.4,2.3,90.0,238.2,230.1,1.2,310.6,182.5,,333.9,40.7,133.6,3746.1
1153,2018-09-22,158.6,2.2,31.9,81.3,4.1,77.4,7.6,18.6,62.8,91.8,11.1,12.5,393.3,27.4,121.7,39.4,21.2,199.1,69.6,164.4,447.0,2.2,5.0,1.7,2.1,100.9,167.4,204.2,1.2,312.1,180.0,,289.7,36.4,145.9,3499.3
1154,2018-09-23,169.4,2.2,31.5,94.0,3.4,86.5,7.3,18.2,64.4,83.9,12.7,12.3,332.1,24.3,100.4,33.1,24.6,196.2,66.3,170.9,436.1,2.4,5.3,1.6,2.1,106.4,106.9,176.9,1.0,290.8,194.1,,292.1,32.9,147.9,3337.3
1155,2023-08-14,233.6,3.0,42.7,141.7,6.6,128.1,,,74.6,128.9,,13.4,422.3,29.9,247.5,47.9,39.7,268.2,83.4,269.2,551.2,2.7,5.4,2.0,2.9,111.8,324.1,341.3,1.2,333.2,271.9,5.2,521.5,39.9,191.3,4959.9
1156,2023-08-15,232.5,2.9,42.7,148.9,6.0,130.1,,,73.1,112.7,,12.1,401.5,24.9,229.8,50.5,38.9,258.0,79.7,265.8,507.3,3.0,5.3,1.7,2.9,118.0,305.4,341.5,0.7,313.8,255.6,5.5,558.6,36.9,194.9,4827.8
1157,2023-08-16,235.6,3.0,42.4,148.3,7.3,130.7,,,74.9,134.4,,13.2,427.4,30.5,250.2,51.4,39.3,271.2,83.9,277.7,552.2,2.5,5.4,1.7,2.9,116.5,305.6,332.8,1.2,347.9,265.2,5.5,543.8,43.9,210.6,5031.1
1158,2023-08-17,237.1,3.1,45.7,137.3,7.6,127.2,,,73.3,139.1,,13.3,441.9,33.9,262.1,52.2,36.4,282.1,86.5,274.3,564.9,2.7,5.2,1.9,3.0,111.1,314.2,342.8,1.2,366.7,268.6,5.0,552.7,46.0,208.2,5122.4
1159,2023-08-18,231.6,3.1,46.7,142.8,7.7,114.6,,,75.1,144.3,,13.4,447.6,35.3,273.1,52.2,36.7,280.1,86.8,255.8,558.7,2.7,5.0,1.9,2.8,109.4,315.3,351.8,1.2,374.5,254.1,6.1,547.5,46.2,202.6,5098.7
1160,2023-08-19,224.8,2.8,44.8,143.0,7.4,106.8,,,75.4,138.9,,13.1,458.7,35.6,254.2,52.2,38.1,257.4,83.3,237.9,540.3,2.8,5.1,2.0,2.8,115.9,328.4,343.3,1.1,363.8,210.6,6.1,537.2,49.4,205.4,4960.399999999999
1161,2023-08-20,225.3,2.8,43.6,150.0,6.6,109.2,,,73.9,132.8,,12.0,426.8,31.0,246.6,51.4,38.9,236.3,76.7,235.8,518.9,2.7,5.6,1.9,3.0,115.2,323.4,325.2,0.8,344.9,209.7,5.8,548.1,46.5,199.7,4824.5
1162,2018-11-26,167.2,2.2,23.0,69.6,3.2,75.7,6.7,16.1,60.3,60.9,11.7,10.3,334.2,27.1,116.3,46.6,25.0,199.5,71.8,265.9,445.6,2.4,6.1,1.5,2.1,84.6,123.3,230.5,1.7,259.7,169.3,,257.2,34.9,106.7,3325.1999999999994
1163,2018-11-27,167.7,2.2,24.1,69.8,3.2,75.8,6.8,15.9,58.4,62.0,11.5,10.4,330.8,28.2,121.5,46.7,24.8,201.0,71.2,265.8,446.2,2.5,6.2,2.0,2.2,87.0,124.2,230.9,1.6,267.6,170.0,,244.4,36.4,105.8,3331.100000000001
1164,2018-11-28,172.2,2.2,24.7,69.1,3.3,77.3,7.0,16.1,55.7,62.5,11.2,10.2,326.7,28.9,122.7,43.5,25.8,203.5,70.6,257.8,440.9,2.5,6.6,2.0,2.2,86.4,126.2,231.5,1.5,275.7,169.9,,267.5,36.0,112.2,3358.7000000000003
1165,2018-11-29,172.6,2.2,24.5,68.5,3.2,76.9,6.9,16.0,56.7,62.3,12.3,9.8,329.5,28.2,121.9,47.3,23.0,206.5,71.7,258.6,442.5,2.7,6.6,1.8,2.3,85.5,126.2,227.8,1.4,269.7,170.2,,259.6,35.0,114.3,3350.7999999999997
1166,2018-11-30,174.7,2.1,23.7,73.3,3.4,76.5,7.0,16.0,58.8,64.2,12.0,9.9,331.4,28.6,124.7,45.2,24.1,211.3,71.2,259.0,431.3,2.6,6.5,2.0,2.2,85.6,123.5,230.8,1.4,267.2,167.7,,263.5,35.5,119.8,3363.3
1167,2018-12-01,172.5,2.3,24.6,72.4,3.1,75.6,6.6,15.3,57.9,59.8,11.0,9.8,327.4,27.1,125.4,45.0,23.8,209.4,71.7,257.3,425.3,2.7,6.3,1.5,2.1,82.8,126.2,228.9,1.4,265.6,166.7,,260.4,35.2,108.9,3318.6
1168,2018-12-02,169.3,2.2,22.7,68.4,2.9,76.0,6.0,15.8,59.9,56.8,10.5,9.6,311.8,25.3,116.1,41.4,25.1,195.6,64.7,257.1,414.7,2.7,6.4,1.6,2.2,81.6,123.3,225.6,1.2,248.9,160.6,,249.9,32.7,100.7,3195.0999999999995
1169,2019-02-18,190.1,2.2,20.9,70.0,3.5,84.3,6.9,17.5,63.5,64.2,12.8,11.9,324.5,29.0,115.0,47.8,22.0,220.3,72.7,218.2,419.4,2.9,6.3,1.7,2.2,74.6,96.6,217.7,1.5,319.7,195.8,,256.7,36.6,120.4,3356.8999999999996
1170,2019-02-19,192.8,2.2,21.9,68.5,3.2,84.5,7.2,18.0,63.7,65.0,13.7,11.9,327.9,27.3,116.6,47.9,22.9,233.1,75.2,223.4,425.1,2.3,6.7,1.8,2.2,76.8,96.3,232.5,1.5,330.9,203.3,,257.1,36.1,127.1,3434.4
1171,2019-02-20,187.7,2.2,22.2,69.4,3.4,88.5,7.3,18.4,64.8,65.3,14.1,11.8,329.9,29.0,116.2,47.6,22.1,234.9,76.6,227.2,436.2,2.9,6.5,1.7,2.1,77.0,101.0,231.1,1.0,326.0,205.3,,261.5,37.7,116.3,3452.6000000000004
1172,2019-02-21,193.6,2.2,23.6,71.1,3.4,91.1,7.2,18.5,65.1,65.0,14.9,11.2,335.8,30.8,113.4,42.9,23.0,231.5,76.9,222.8,442.4,2.6,6.5,1.8,2.2,78.0,97.9,233.4,1.4,323.0,205.5,,263.7,37.0,137.0,3484.1
1173,2019-02-22,192.6,2.2,23.4,73.0,3.4,92.1,7.2,18.4,65.4,65.6,13.6,10.9,335.9,27.5,118.2,43.0,22.3,229.0,75.1,231.0,443.5,2.6,6.4,1.8,2.2,80.6,102.1,235.0,1.6,321.0,212.4,,263.8,37.4,139.4,3507.4000000000005
1174,2019-02-23,191.9,2.2,23.9,70.6,3.2,92.2,7.1,18.2,65.5,61.1,12.9,10.9,328.5,28.3,119.6,43.4,22.9,228.6,74.0,232.4,441.3,2.6,6.3,2.0,2.1,83.1,102.4,235.3,1.6,318.7,211.4,,265.3,37.2,139.5,3494.0
1175,2019-02-24,190.2,2.0,22.6,73.1,3.0,92.7,6.5,18.1,64.6,59.2,12.2,10.9,313.7,24.7,110.4,42.3,23.7,215.4,68.0,229.2,424.4,2.1,6.1,1.8,1.9,82.0,98.4,231.4,1.1,294.7,209.9,,263.6,34.4,131.2,3372.7
1176,2020-05-24,194.0,1.6,22.9,109.2,4.5,83.8,4.1,8.7,55.0,98.0,17.3,10.0,312.2,22.4,154.3,46.2,27.7,192.6,69.7,216.2,447.4,2.4,4.6,1.6,2.1,85.0,168.3,245.8,0.9,302.2,172.3,,426.9,34.6,118.4,3670.500000000001
1177,2020-05-25,191.6,1.5,20.0,105.8,5.0,85.8,4.4,9.0,55.3,101.5,17.3,10.6,319.8,24.5,162.7,47.4,28.3,200.9,75.9,220.3,457.9,2.4,4.3,1.7,2.1,85.8,175.9,249.6,1.1,306.3,177.1,,426.5,36.1,113.4,3735.8
1178,2020-05-26,193.5,1.3,15.7,108.9,5.4,87.1,4.7,9.3,56.7,106.9,17.5,10.9,323.1,25.4,167.8,44.4,27.9,187.3,77.4,218.0,462.7,1.8,3.7,1.3,1.6,86.7,184.3,253.8,1.2,318.9,176.3,,425.3,36.3,120.2,3771.6
1179,2020-05-27,194.8,1.4,17.8,79.3,5.5,86.7,4.8,9.2,53.8,110.4,17.3,10.8,321.1,25.6,168.2,41.3,24.4,187.0,77.7,218.3,460.7,1.8,4.2,1.6,1.8,88.2,182.7,260.7,1.2,324.6,176.9,,395.3,35.5,104.6,3703.4
1180,2020-05-28,195.4,1.6,23.4,79.0,5.0,90.0,4.6,9.4,51.7,105.6,16.8,10.7,321.5,24.2,139.3,43.3,22.2,192.1,74.3,210.9,457.3,2.2,4.8,1.3,2.1,79.3,150.3,249.4,1.3,307.0,180.5,,350.0,34.1,89.8,3538.2000000000003
1181,2020-05-29,193.3,1.9,24.0,95.5,4.3,82.5,4.8,8.9,53.7,88.4,17.4,10.9,323.9,24.7,109.0,44.1,23.4,192.8,69.8,203.7,462.6,2.5,5.2,1.4,2.1,73.6,134.0,250.1,1.2,298.8,182.4,,337.1,33.8,113.9,3483.6000000000004
1182,2020-05-30,186.4,1.9,25.6,91.0,3.4,74.6,4.8,9.3,53.2,73.3,17.6,10.6,326.5,19.6,96.1,41.8,24.9,183.5,70.5,206.0,461.2,2.5,5.4,1.7,2.0,75.1,127.5,186.9,1.2,306.6,164.0,,282.0,28.2,129.5,3302.3999999999996
1183,2018-02-26,173.9,2.3,21.3,69.8,3.4,78.4,7.4,17.7,66.4,61.2,9.5,8.8,320.0,24.8,121.7,43.2,19.4,218.6,72.4,195.3,445.3,2.4,5.3,1.5,2.1,79.2,115.6,206.2,1.6,302.9,210.5,,288.8,34.7,120.1,3358.7999999999997
1184,2018-02-27,173.0,2.3,22.0,70.0,3.1,77.5,7.5,17.9,67.7,65.2,10.3,8.8,325.1,26.2,124.8,43.4,22.3,220.9,74.0,198.3,452.7,2.4,5.1,1.5,2.1,77.4,118.0,206.5,1.8,314.7,211.6,,295.5,34.0,134.1,3425.1
1185,2018-02-28,178.6,2.3,23.1,70.7,3.2,80.4,7.7,17.5,68.3,63.4,10.1,9.6,324.5,27.0,125.2,43.0,23.5,221.6,74.6,201.5,454.9,2.4,5.1,1.3,2.0,82.0,116.1,210.5,1.6,317.0,213.2,,300.3,33.3,133.9,3456.6000000000004
1186,2018-03-01,179.3,1.9,23.4,71.8,3.0,79.3,7.3,17.3,67.3,59.6,9.9,9.9,306.3,25.8,123.8,42.7,24.2,225.9,75.1,201.0,454.8,2.2,5.2,1.5,1.9,78.2,121.3,203.7,1.6,315.7,210.9,,307.7,33.2,122.9,3422.7999999999997
1187,2018-03-02,170.5,1.9,20.5,74.0,2.5,68.5,3.8,11.3,59.1,46.1,10.2,8.3,241.6,18.2,101.2,38.3,23.3,223.2,73.7,185.1,409.3,2.4,5.6,1.5,2.1,75.7,91.2,181.1,1.1,309.5,203.1,,301.6,25.3,122.6,3120.1000000000004
1188,2018-03-03,173.4,2.0,17.5,68.7,2.9,70.9,5.0,12.9,60.4,53.2,10.3,9.1,275.4,20.7,103.7,41.8,22.8,225.1,73.6,184.7,441.3,2.2,5.3,1.4,2.1,83.4,94.6,184.3,0.8,309.4,206.2,,269.3,26.6,122.2,3190.1
1189,2018-03-04,173.7,2.3,20.1,70.1,2.7,77.9,6.8,16.1,63.7,55.6,8.8,8.4,297.8,23.6,108.8,43.0,23.7,213.7,68.0,255.5,438.8,2.1,5.8,1.3,2.3,83.3,107.0,186.3,1.1,292.7,206.6,,270.0,32.6,116.7,3293.4999999999995
1190,2022-08-01,196.9,2.5,35.3,119.0,5.9,117.9,,,72.6,113.0,17.6,12.5,346.7,28.3,172.9,46.9,32.3,169.2,69.8,238.2,479.0,2.7,6.1,1.7,2.7,137.6,217.0,235.0,1.5,303.3,216.6,,446.1,43.4,182.4,4108.5
1191,2022-08-02,191.5,2.5,39.8,116.9,6.5,120.0,,,73.3,121.3,18.4,12.6,355.5,31.9,198.1,50.6,31.1,156.8,67.2,240.7,493.4,2.6,5.9,1.8,2.6,138.3,262.0,246.6,1.5,308.9,209.3,,463.0,45.3,190.3,4242.8
1192,2022-08-03,185.3,2.4,40.4,131.3,6.8,121.2,,,72.6,125.9,18.4,12.7,357.5,33.0,213.0,53.4,29.9,162.3,66.9,238.1,495.1,2.6,6.0,1.6,2.6,142.1,282.2,254.8,1.6,295.4,200.5,,463.5,44.4,187.0,4287.2
1193,2022-08-04,187.8,2.6,42.8,128.3,6.5,115.7,,,71.1,122.9,18.6,12.1,364.6,32.9,206.8,53.6,29.9,160.2,65.4,234.9,483.8,2.7,5.9,1.7,2.8,142.0,274.0,251.9,1.5,289.8,194.8,,463.9,44.2,189.0,4241.5
1194,2022-08-05,183.4,2.6,43.7,139.3,6.5,119.7,,,72.9,117.5,18.7,12.5,350.7,33.4,191.4,49.2,32.6,159.2,64.9,237.1,466.1,2.6,6.2,1.7,2.8,139.0,268.4,244.7,1.6,286.9,193.8,,463.2,43.5,197.9,4190.4
1195,2022-08-06,171.2,2.3,43.2,137.7,6.4,113.5,,,74.1,115.2,19.0,12.4,345.9,33.3,193.4,49.3,33.8,150.3,66.0,239.8,465.5,2.7,6.1,1.8,2.7,127.5,268.5,245.6,1.4,282.6,197.0,,484.8,45.1,191.2,4166.2
1196,2022-08-07,168.4,2.2,43.1,136.0,5.7,105.3,,,73.6,104.9,19.4,11.1,328.7,31.4,177.4,50.2,33.6,156.6,61.6,225.1,442.9,2.7,5.8,1.8,2.7,127.3,270.4,248.3,1.1,269.3,181.3,,423.6,40.9,179.0,3966.4
1197,2021-01-18,173.5,2.2,24.1,89.0,4.1,93.2,7.3,19.4,67.6,76.2,17.6,10.3,352.2,31.7,129.1,55.9,26.0,214.0,70.7,287.9,475.5,2.7,6.7,1.5,2.2,86.5,122.3,249.4,1.9,235.4,224.3,,299.2,40.8,124.6,3631.6
1198,2021-01-19,179.7,2.3,24.0,86.1,3.9,92.9,7.6,19.6,68.7,75.6,17.1,10.9,353.0,32.5,134.8,56.2,25.9,220.3,71.5,289.2,485.9,3.0,7.0,1.7,2.6,86.1,128.4,257.3,1.7,254.1,226.5,,300.7,40.7,127.9,3702.499999999999
1199,2021-01-20,181.3,2.3,23.4,91.9,3.9,93.1,7.7,19.6,68.3,76.7,16.3,11.8,348.8,33.3,135.4,56.8,26.7,223.2,73.1,290.8,491.7,2.5,6.9,1.7,2.2,77.3,133.1,266.1,1.5,269.5,234.1,,301.0,41.8,130.1,3751.1
1200,2021-01-21,185.6,2.3,23.3,89.0,4.0,93.9,7.6,19.6,66.6,73.3,16.0,10.6,352.5,32.6,134.2,55.6,26.2,224.4,75.3,290.7,486.3,2.7,6.9,1.6,2.2,74.5,131.2,263.8,1.7,277.5,244.3,,301.2,42.0,131.9,3758.4
1201,2021-01-22,184.6,2.3,24.5,91.2,4.1,94.2,7.8,19.4,69.2,77.1,16.9,10.3,353.5,33.5,136.7,56.1,26.4,228.0,76.1,294.2,486.7,2.7,6.7,1.7,2.2,75.3,128.0,265.6,1.9,287.5,251.0,,310.3,42.8,130.3,3806.3
1202,2021-01-23,183.9,2.3,23.9,89.3,3.8,94.1,7.8,19.6,68.1,72.4,17.1,10.3,353.5,33.0,135.0,53.4,25.6,228.5,75.5,293.0,489.4,2.8,6.6,1.7,2.2,74.2,130.2,266.2,1.6,288.7,252.7,,306.5,41.6,128.8,3790.900000000001
1203,2021-01-24,182.2,2.2,23.4,89.4,3.8,94.1,7.4,19.3,66.0,72.9,16.0,9.9,338.5,31.0,127.3,53.0,26.0,219.2,68.5,292.5,478.6,2.9,6.7,2.0,2.1,74.4,124.2,262.7,1.5,268.7,239.0,,303.3,39.6,122.7,3677.9
1204,2022-02-07,200.1,2.5,25.0,85.0,4.0,93.1,7.3,19.7,69.1,69.2,17.6,11.9,354.8,33.8,123.4,59.8,29.9,246.1,76.7,300.5,518.7,3.6,7.7,1.9,2.8,102.7,116.8,278.9,1.9,316.5,212.5,,315.7,41.2,113.1,3870.999999999999
1205,2022-02-08,199.6,2.5,25.7,84.4,4.1,94.2,7.6,19.9,70.2,69.6,17.9,12.0,363.7,33.8,125.4,61.3,29.6,249.8,79.0,303.1,528.2,3.6,7.7,2.1,2.8,104.7,116.9,282.8,2.0,328.1,217.4,,315.9,42.0,117.2,3932.7
1206,2022-02-09,202.9,2.5,25.9,84.0,3.9,94.3,7.8,19.9,69.0,69.0,18.8,12.0,357.8,34.8,120.3,61.3,29.9,250.6,79.5,299.6,517.5,3.6,7.7,2.0,2.4,108.5,118.2,266.6,1.9,327.2,217.9,,308.6,44.4,117.8,3896.0
1207,2022-02-10,201.0,2.6,25.8,80.3,3.7,86.8,7.7,19.9,68.5,67.8,19.4,12.0,354.9,33.9,124.8,60.1,28.6,249.2,79.2,292.5,527.7,3.7,7.5,2.0,2.5,109.3,118.5,272.8,1.9,330.0,218.3,,305.8,42.1,117.3,3885.8000000000006
1208,2022-02-11,199.4,2.5,25.3,82.1,3.7,91.0,7.5,19.8,70.5,69.3,17.5,12.4,359.7,33.8,125.9,61.7,29.6,248.2,78.3,293.3,521.8,3.5,7.4,1.8,2.4,108.4,120.5,278.7,1.9,319.0,219.3,,306.0,42.4,116.7,3888.8
1209,2022-02-12,190.9,2.4,24.9,81.6,3.5,90.3,7.5,19.7,70.2,64.1,17.0,12.1,357.6,33.0,125.9,59.4,29.6,250.1,77.8,294.8,528.2,3.3,7.4,1.8,2.4,107.9,120.3,276.8,1.8,312.0,215.2,,308.3,40.7,115.9,3862.2
1210,2022-02-13,197.5,2.4,23.6,82.9,3.1,92.6,7.1,19.3,70.3,61.5,17.2,11.4,350.5,29.7,114.5,57.5,29.8,237.2,71.9,293.8,516.2,3.4,7.0,1.9,2.5,107.1,110.6,274.3,1.5,284.9,213.5,,308.2,38.9,109.8,3761.1
1211,2023-05-15,237.5,2.5,31.3,108.4,5.6,107.5,,,75.1,115.4,,15.8,445.7,29.5,181.5,55.7,34.4,245.9,96.5,255.7,591.3,2.1,4.9,1.6,2.3,136.0,193.2,272.7,1.4,372.9,190.4,4.8,476.4,46.9,182.2,4595.999999999999
1212,2023-05-16,245.1,2.6,27.0,130.3,5.8,108.6,,,77.5,117.7,,15.5,444.4,31.1,182.2,55.4,33.8,263.6,98.0,262.4,591.1,2.2,4.4,1.6,2.4,118.5,198.0,276.9,1.0,384.9,195.9,5.2,479.0,48.4,185.1,4669.3
1213,2023-05-17,249.0,2.7,26.6,121.9,6.0,109.0,,,77.7,118.6,,14.5,439.4,31.4,198.3,54.4,34.5,274.4,99.4,261.4,594.6,2.2,4.6,1.5,2.3,120.6,202.8,310.4,1.5,396.7,198.4,4.2,492.5,48.2,205.1,4778.2
1214,2023-05-18,251.0,2.7,30.0,107.7,5.0,108.8,,,76.3,110.8,,16.2,446.2,30.5,153.0,55.8,34.5,283.5,98.2,265.4,596.7,2.3,4.8,1.7,2.4,132.8,144.4,287.3,1.4,397.1,200.8,3.6,442.2,37.9,178.9,4584.999999999999
1215,2023-05-19,247.9,2.7,31.9,126.0,5.6,106.0,,,78.5,111.9,,16.0,443.6,32.3,188.1,57.6,35.3,286.2,98.2,271.7,593.5,2.4,4.7,1.7,2.4,125.6,187.4,307.8,1.4,391.3,204.1,4.8,486.7,47.9,177.0,4752.899999999999
1216,2023-05-20,235.8,2.3,31.8,132.0,5.8,104.2,,,78.4,110.9,,16.5,447.8,31.7,193.4,56.0,36.6,287.5,96.9,271.2,596.0,2.2,4.8,1.7,2.4,121.5,197.3,318.0,1.3,387.7,195.5,5.2,501.3,48.7,191.4,4787.7
1217,2023-05-21,225.7,2.4,27.2,131.7,5.5,105.3,,,73.2,110.2,,12.5,422.7,28.7,184.0,55.8,36.6,243.3,86.9,255.9,579.3,2.3,4.5,1.8,2.5,119.4,212.0,315.0,1.1,350.1,181.2,4.9,501.7,46.1,200.4,4602.0
1218,2021-04-12,216.3,2.2,29.1,110.5,3.8,109.1,7.2,19.0,69.9,83.6,18.4,11.9,407.7,29.1,131.4,51.1,30.4,261.2,79.2,221.5,532.9,2.5,4.8,1.7,1.9,98.2,126.4,212.6,1.0,355.0,236.3,,341.6,37.5,186.5,4040.5
1219,2021-04-13,210.9,2.0,29.5,111.7,3.8,111.2,7.5,19.1,69.9,85.8,15.9,11.3,402.9,29.9,137.6,52.7,30.9,242.6,78.4,238.7,519.4,2.3,4.7,1.7,1.9,99.2,125.6,222.8,0.9,355.9,219.9,,354.5,36.1,195.4,4041.9
1220,2021-04-14,205.1,2.2,25.7,114.4,3.9,111.1,6.8,19.2,70.3,85.9,17.7,10.7,399.5,29.7,137.5,52.7,30.6,230.7,73.2,227.8,511.4,2.6,5.6,1.6,2.2,99.2,132.7,223.0,0.8,330.7,190.6,,358.6,38.7,191.9,3953.0
1221,2021-04-15,177.5,2.2,26.6,118.7,4.2,108.4,7.2,19.1,69.7,88.7,17.4,10.9,400.4,27.3,141.4,51.6,30.0,219.0,77.8,230.5,510.4,2.5,5.6,1.6,2.3,98.0,126.8,223.4,0.8,308.9,196.5,,372.3,39.4,189.9,3915.5
1222,2021-04-16,196.2,2.1,27.5,117.2,4.1,109.7,7.6,18.8,70.8,86.0,17.3,12.0,401.3,29.1,122.8,52.5,30.5,234.9,78.9,236.7,527.5,2.4,5.2,1.3,2.1,97.9,123.2,209.2,0.6,326.0,209.8,,340.5,39.0,188.1,3937.8
1223,2021-04-17,201.0,2.4,22.6,105.6,3.3,109.2,7.3,18.5,68.1,66.4,17.0,12.5,397.7,26.5,122.6,48.6,29.3,241.3,80.0,236.6,535.2,2.4,4.6,1.4,2.1,99.1,123.1,209.2,0.6,334.6,214.5,,325.1,39.1,160.0,3876.599999999999
1224,2021-04-18,206.0,2.3,24.4,113.0,3.1,109.5,6.6,18.1,68.4,67.6,17.0,10.2,383.3,24.9,121.7,50.7,29.9,230.5,74.6,239.6,529.7,2.4,5.4,1.4,2.1,94.2,114.9,213.5,0.6,319.9,208.0,,340.0,36.4,152.8,3831.4
1225,2021-10-11,182.6,2.3,40.0,111.1,4.9,100.9,7.4,19.8,65.6,101.9,17.5,13.8,359.0,31.9,171.5,41.9,30.6,164.7,71.1,239.1,441.7,2.6,5.8,1.5,2.3,119.0,179.1,239.6,1.5,288.1,198.3,,407.2,39.1,173.6,3884.599999999999
1226,2021-10-12,185.4,2.4,41.5,108.2,4.8,101.4,7.5,19.7,62.5,101.5,17.7,13.5,358.7,30.5,175.2,47.6,29.7,166.4,69.0,238.9,457.8,2.8,5.6,1.7,2.4,111.3,186.5,240.8,1.5,287.2,204.9,,413.4,39.1,167.2,3912.0
1227,2021-10-13,184.5,2.3,40.8,115.0,4.6,101.6,6.9,20.0,64.2,95.4,18.1,13.9,360.4,32.1,167.1,47.0,28.6,164.3,70.7,238.5,465.3,2.6,5.5,1.7,2.4,111.4,195.3,240.5,1.4,291.2,206.2,,392.6,40.0,159.4,3899.2
1228,2021-10-14,191.0,2.3,37.3,117.7,4.3,101.4,7.4,20.1,66.8,89.0,18.6,13.7,363.9,32.5,156.8,48.4,29.1,162.8,69.7,234.7,470.9,2.6,5.3,1.7,2.3,105.3,179.0,241.6,1.2,265.3,204.9,,393.1,40.6,144.8,3832.9
1229,2021-10-15,185.6,2.2,35.0,113.9,3.8,98.6,5.3,17.2,64.6,78.3,18.1,13.3,343.4,29.1,140.9,47.2,29.4,149.9,71.4,226.5,424.0,2.6,5.2,1.6,2.3,110.8,177.2,238.5,1.0,286.0,192.5,,370.9,37.1,146.5,3677.7
1230,2021-10-16,182.0,2.3,37.5,111.3,4.1,97.3,6.5,18.3,62.7,84.5,18.8,13.5,355.0,31.2,145.4,47.6,27.4,159.2,69.4,227.6,450.3,2.8,5.7,1.7,2.5,110.6,161.2,230.5,1.1,290.1,169.3,,389.7,39.6,141.5,3706.7
1231,2021-10-17,182.9,2.3,37.1,107.2,3.6,95.3,7.6,19.4,63.5,80.1,17.7,13.2,359.8,30.2,132.7,44.4,26.2,155.8,63.3,213.0,448.0,2.5,5.5,1.6,2.2,110.6,151.5,236.4,1.1,267.9,157.4,,335.9,35.0,137.7,3556.6999999999994
1232,2022-10-31,192.4,2.1,27.6,84.6,3.4,89.2,,,69.0,69.2,15.3,10.9,354.5,31.4,126.6,51.1,28.7,187.2,75.7,237.9,464.4,2.6,6.4,1.7,2.1,107.9,123.0,268.0,1.6,290.5,177.5,,314.1,34.8,139.7,3624.8
1233,2022-11-01,179.9,2.1,29.5,88.2,3.4,89.3,,,68.0,71.3,14.8,11.3,359.7,31.8,131.4,53.6,29.2,174.8,76.8,242.9,469.6,2.6,6.5,1.7,2.0,114.2,127.4,272.8,1.6,295.0,173.1,,299.1,35.7,148.2,3641.5
1234,2022-11-02,179.1,2.2,30.5,87.8,3.5,89.9,,,67.5,72.3,15.3,11.8,364.4,32.8,132.1,53.2,28.9,182.3,76.9,254.4,480.5,2.7,6.5,1.7,2.3,116.7,130.0,276.6,1.6,284.5,171.6,,302.4,36.1,148.9,3681.3
1235,2022-11-03,181.6,2.1,30.0,87.4,3.5,89.6,,,69.2,72.4,16.0,12.3,372.7,32.3,129.8,53.1,30.6,185.2,75.5,263.3,483.2,2.6,6.4,1.8,2.3,108.6,128.1,281.3,1.7,279.4,174.3,,304.2,36.0,143.0,3694.499999999999
1236,2022-11-04,183.7,2.3,30.1,88.2,3.5,90.1,,,69.0,73.5,14.5,12.4,382.5,32.5,130.7,53.4,30.9,188.4,75.8,271.1,487.9,2.7,6.5,1.8,2.0,106.2,130.3,285.9,1.6,284.3,177.0,,306.9,36.0,141.6,3738.3
1237,2022-11-05,187.6,2.3,29.8,87.5,3.4,89.7,,,70.6,71.6,15.7,12.7,388.5,32.1,132.1,51.3,28.1,189.9,74.8,276.7,493.5,2.6,6.5,1.8,2.0,113.0,127.3,286.1,1.5,273.3,174.0,,304.8,35.4,139.8,3740.500000000001
1238,2022-11-06,185.0,2.3,27.6,88.4,3.1,88.3,,,68.3,68.7,16.3,11.7,376.7,28.8,120.2,41.9,29.0,177.7,67.0,278.1,486.0,2.5,6.6,1.7,2.0,109.4,113.9,286.4,1.2,249.5,166.2,,297.6,33.7,125.9,3594.6
1239,2019-08-12,186.0,2.2,33.9,110.7,6.0,92.7,7.4,18.5,60.7,115.5,4.1,10.3,270.6,29.1,206.9,42.9,24.5,154.5,55.0,195.4,379.0,2.4,5.2,1.7,2.4,94.1,256.1,211.5,0.8,306.7,196.4,,449.7,39.9,164.8,3746.1
1240,2019-08-13,183.4,2.2,32.6,96.5,6.3,87.9,7.8,18.9,57.8,117.8,3.0,10.5,292.7,29.6,204.7,38.7,22.9,160.5,58.6,186.9,396.2,2.4,5.1,1.8,2.4,91.3,229.1,214.5,0.8,312.4,191.9,,420.6,41.4,150.5,3688.3
1241,2019-08-14,183.6,2.1,33.4,99.9,6.0,80.5,7.8,18.5,60.6,113.9,2.7,10.5,293.4,29.4,192.2,35.7,23.2,161.3,59.4,169.4,399.4,2.5,5.5,1.7,2.2,93.9,233.8,207.5,0.7,306.8,200.8,,393.0,42.3,152.2,3633.9
1242,2019-08-15,184.7,2.2,30.3,104.7,5.2,80.3,4.8,14.9,61.0,98.7,2.8,10.5,231.5,22.8,170.6,40.3,24.5,149.9,58.1,140.7,344.5,2.5,5.6,1.6,2.3,96.6,220.4,171.0,0.5,286.0,190.6,,379.2,33.8,138.2,3318.6
1243,2019-08-16,183.3,2.0,33.2,108.1,5.6,88.3,6.3,16.2,61.4,107.7,2.5,11.3,258.5,26.6,177.7,38.5,25.2,164.2,62.5,149.7,378.1,2.4,5.5,1.3,2.2,103.9,226.5,156.0,0.8,301.6,213.1,,377.1,36.1,157.1,3497.5
1244,2019-08-17,174.0,2.0,35.2,107.8,5.0,97.4,7.6,18.2,62.0,99.2,3.0,11.7,281.8,29.6,150.9,33.5,24.4,158.1,63.8,164.8,399.9,2.3,5.5,1.4,2.2,104.5,176.1,147.3,0.9,272.1,218.9,,370.6,37.5,151.0,3427.1
1245,2019-08-18,164.1,2.3,33.3,104.9,3.6,96.0,7.1,18.4,60.6,89.1,4.7,11.7,282.4,34.0,125.4,38.8,21.8,142.7,60.0,169.2,399.2,2.3,5.3,1.7,2.2,89.8,124.2,163.0,0.6,260.2,217.0,,353.2,30.0,144.9,3270.2
1246,2023-12-11,178.6,2.7,26.5,78.2,3.7,84.6,,,68.1,71.3,,14.2,392.3,35.4,142.1,55.8,27.5,252.2,83.9,258.4,518.4,2.9,6.5,2.0,2.3,90.2,138.2,292.8,1.7,307.5,200.2,3.8,301.6,40.3,129.2,3883.1
1247,2023-12-12,182.5,2.9,25.5,79.6,3.8,86.4,,,70.5,70.7,,14.3,393.2,37.4,145.5,56.4,28.4,254.2,84.3,270.6,533.2,3.0,6.4,2.0,2.3,102.0,140.7,290.6,1.7,315.4,208.0,3.9,305.5,42.0,132.1,3966.7
1248,2023-12-13,185.8,2.6,26.3,79.2,3.8,87.6,,,70.9,70.3,,14.0,391.7,37.8,149.6,56.3,29.7,256.1,82.9,280.3,546.7,2.9,6.6,1.9,2.3,100.4,141.6,298.3,1.7,317.7,213.0,3.9,313.9,42.3,130.8,4021.2
1249,2023-12-14,188.5,2.6,26.4,79.3,3.8,88.3,,,69.7,68.3,,13.2,397.4,37.3,149.3,56.4,28.4,256.0,82.2,288.9,544.5,2.9,6.3,2.0,2.3,102.0,148.3,306.1,1.8,319.2,216.1,4.0,315.8,40.0,132.6,4053.600000000001
1250,2023-12-15,186.6,2.9,26.1,81.2,3.9,87.5,,,69.8,70.7,,14.0,399.8,38.2,149.1,57.4,28.2,259.4,83.3,297.9,534.4,2.9,6.5,1.9,2.3,92.0,147.9,312.9,1.8,317.3,218.2,4.1,324.1,43.9,133.0,4072.9
1251,2023-12-16,184.9,2.9,26.4,82.8,3.8,86.7,,,70.1,70.5,,13.6,403.0,37.2,148.1,58.6,28.2,256.8,83.2,304.0,536.6,3.1,6.4,2.1,2.4,88.0,147.8,309.5,1.8,295.8,217.4,3.8,321.5,43.2,131.3,4043.8
1252,2023-12-17,184.7,2.7,25.6,84.3,3.6,87.1,,,70.7,68.7,,10.1,378.9,35.1,135.0,58.5,29.3,235.2,75.3,308.4,518.2,2.9,6.4,1.9,2.4,86.5,147.9,308.8,1.5,270.6,210.8,3.7,325.7,37.7,117.6,3907.6
1253,2017-11-06,152.6,2.4,23.1,66.7,3.2,68.8,7.0,16.7,61.4,66.0,8.8,9.2,319.8,24.4,113.0,39.5,21.2,167.7,63.0,235.8,430.5,2.2,5.5,1.3,2.1,73.1,92.9,208.5,1.3,238.4,156.5,,281.9,35.8,122.3,3128.5000000000005
1254,2017-11-07,151.6,2.3,22.1,65.3,3.2,69.7,7.3,17.1,62.7,66.4,8.4,9.2,324.2,25.2,114.4,39.2,21.3,163.0,64.2,237.4,443.9,2.2,5.7,1.2,2.1,72.1,80.5,207.2,1.4,241.3,163.7,,283.6,33.8,121.9,3141.2
1255,2017-11-08,157.1,2.4,24.2,66.6,3.2,70.1,7.4,17.3,63.6,65.7,8.6,9.8,324.3,25.3,112.4,37.7,21.1,180.0,63.1,238.0,444.9,2.3,5.0,1.4,2.2,71.5,93.0,208.8,1.9,251.1,161.9,,281.7,33.6,122.1,3185.7999999999993
1256,2017-11-09,160.0,2.5,24.3,63.6,3.1,69.4,7.3,17.4,63.5,64.1,9.7,10.0,328.7,23.9,113.4,40.0,21.8,185.6,64.8,238.0,442.9,2.4,5.3,1.4,2.2,69.0,101.1,213.4,1.4,268.1,160.1,,275.6,33.4,120.6,3214.5
1257,2017-11-10,160.3,2.5,24.6,65.3,3.2,69.3,7.3,17.1,57.2,64.5,9.9,9.5,328.6,24.5,113.9,40.6,22.2,190.6,66.2,237.6,433.0,2.5,5.6,1.6,2.5,70.2,102.1,210.2,1.3,270.2,158.6,,277.7,33.7,118.4,3208.8999999999996
1258,2017-11-11,156.2,2.1,23.1,62.7,3.1,66.9,7.3,17.0,60.3,60.2,9.3,9.0,323.3,25.7,110.7,40.3,22.8,186.9,66.4,236.4,427.4,2.2,5.5,1.5,2.0,68.1,101.1,208.8,1.3,269.0,152.6,,277.0,33.0,117.0,3162.5
1259,2017-11-12,154.3,2.5,22.1,61.7,2.8,66.7,6.8,16.9,59.9,57.4,10.0,8.4,311.4,14.6,94.1,40.2,20.8,175.9,60.8,278.5,411.8,2.3,5.1,1.4,2.4,68.0,109.2,202.5,1.1,249.1,145.4,,273.5,31.0,106.3,3080.5000000000005
1260,2019-12-23,166.1,2.4,22.8,72.2,4.4,78.0,7.2,18.9,66.9,74.2,7.4,12.9,326.4,30.0,125.5,50.8,25.9,203.7,71.9,246.6,447.6,2.5,6.0,1.9,2.1,65.7,112.8,232.5,1.9,277.7,218.6,,280.7,38.8,106.8,3416.6
1261,2019-12-24,167.7,2.2,21.7,71.6,4.5,78.2,7.4,19.0,63.5,76.9,5.6,13.1,329.8,30.4,131.1,51.4,24.1,209.0,72.5,239.7,456.7,2.7,6.0,1.8,2.2,66.9,118.6,232.8,2.0,285.9,223.4,,276.6,39.1,111.8,3452.6000000000004
1262,2019-12-25,164.5,2.2,22.5,75.4,4.5,78.6,7.5,19.0,65.7,76.9,5.7,10.9,325.4,30.0,132.1,52.5,25.1,204.1,66.9,237.4,447.8,2.7,6.4,1.8,2.2,65.6,121.2,235.6,2.0,261.1,225.7,,277.3,40.0,110.3,3413.0000000000005
1263,2019-12-26,168.2,2.2,22.4,75.2,4.9,74.5,7.4,18.9,63.1,79.2,6.1,13.1,324.4,30.6,134.5,52.4,24.0,207.2,72.7,242.8,427.8,2.6,6.3,1.9,2.3,65.3,123.3,232.7,2.2,272.4,222.7,,293.2,42.2,109.6,3435.099999999999
1264,2019-12-27,172.6,2.3,22.8,77.7,4.9,75.3,7.4,18.7,64.9,82.0,6.5,13.5,320.9,30.4,133.6,52.5,25.1,211.6,74.4,245.1,428.5,2.7,6.2,1.7,2.3,66.2,120.9,235.0,2.1,271.4,225.7,,304.8,41.4,107.0,3464.9000000000005
1265,2019-12-28,170.1,2.2,22.4,76.1,4.7,75.8,7.2,18.7,62.7,80.4,6.5,13.4,317.6,30.0,133.0,53.4,24.5,208.1,73.6,246.2,425.5,2.6,6.4,1.7,2.3,70.3,122.1,234.6,2.1,276.3,208.3,,297.0,41.5,111.1,3435.1
1266,2019-12-29,163.0,2.1,21.4,80.2,4.4,77.2,6.7,18.4,64.8,78.0,5.8,13.3,306.7,27.5,124.6,52.7,25.2,193.3,66.5,246.9,415.3,2.4,6.2,1.7,2.1,71.6,113.8,231.0,1.9,259.2,204.8,,308.0,39.1,100.7,3342.6999999999994
1267,2019-07-01,169.9,2.3,33.0,104.7,7.2,80.8,6.6,17.4,64.6,145.2,4.7,10.0,330.7,29.6,228.1,44.4,23.4,184.6,76.4,172.7,376.7,2.5,5.6,1.9,2.3,76.5,290.1,247.9,1.1,334.9,144.8,,454.3,46.5,167.6,3897.4
1268,2019-07-02,171.9,2.2,31.7,92.6,7.2,73.1,7.1,17.8,63.2,147.1,5.1,10.0,339.0,30.6,223.9,45.6,20.2,192.6,77.1,167.2,380.3,2.6,6.0,1.7,2.2,74.6,282.1,237.5,1.2,339.7,145.5,,441.3,45.4,164.7,3858.7
1269,2019-07-03,171.4,2.2,30.9,99.3,7.4,73.8,7.5,18.5,65.3,145.3,4.7,10.0,331.1,31.8,237.2,45.9,21.9,195.9,75.2,156.6,387.0,2.4,6.2,1.7,2.6,80.4,300.0,242.7,1.2,342.8,146.3,,433.9,47.0,164.8,3899.8
1270,2019-07-04,179.4,2.4,35.0,106.2,6.1,79.8,7.5,18.8,66.3,139.2,5.3,10.0,318.1,30.0,208.2,41.6,22.7,195.4,73.4,161.1,392.8,2.5,5.9,1.7,2.5,81.6,289.9,237.3,1.2,346.7,152.5,,441.2,45.2,176.1,3892.999999999999
1271,2019-07-05,169.3,2.2,34.0,107.8,6.5,81.1,7.6,18.6,65.5,126.4,5.1,10.0,322.7,29.9,205.8,41.9,23.4,191.5,72.8,157.7,386.3,2.6,5.8,2.0,2.2,81.0,284.4,220.9,1.2,347.2,152.5,,403.0,45.1,177.9,3801.4
1272,2019-07-06,179.4,2.1,30.9,101.6,6.0,77.9,7.5,18.6,64.0,122.3,5.5,10.0,321.8,29.9,210.4,41.0,22.6,183.5,72.7,154.9,382.6,2.3,5.6,1.7,2.0,79.7,271.4,218.1,1.0,336.3,150.4,,364.9,44.2,161.8,3694.1
1273,2019-07-07,175.1,2.2,26.8,83.7,5.6,79.0,6.7,17.3,65.3,119.6,6.7,10.5,305.1,25.0,199.5,43.0,21.5,172.9,65.4,157.1,367.1,2.4,5.9,1.4,2.1,80.6,270.0,201.3,0.8,317.2,147.3,,377.9,42.2,144.9,3557.8
1274,2021-08-30,173.4,2.0,34.7,111.2,5.4,109.6,7.2,19.7,65.1,105.9,19.8,12.0,355.7,31.1,210.4,49.0,29.0,167.7,66.2,219.8,465.8,2.8,5.9,1.6,2.5,101.6,275.5,286.4,1.4,298.5,154.1,,422.9,39.1,161.3,4022.2
1275,2021-08-31,178.1,2.4,37.5,116.1,6.1,109.6,7.4,19.6,65.5,104.6,19.3,12.2,325.4,32.5,204.1,48.1,29.7,176.6,71.2,219.3,435.9,2.7,5.9,1.5,2.6,102.1,280.5,270.0,1.3,317.8,152.7,,398.7,42.2,168.2,3975.599999999999
1276,2021-09-01,181.5,2.4,36.5,123.1,6.1,110.1,7.3,18.6,65.7,92.2,17.5,12.0,304.7,32.7,179.8,48.4,30.6,185.4,72.5,223.1,443.2,2.7,5.8,1.6,2.5,105.8,277.8,245.3,1.4,320.5,161.0,,401.3,42.4,173.8,3943.6
1277,2021-09-02,179.8,2.2,34.2,121.3,5.9,115.1,7.3,19.5,67.5,95.9,16.2,12.3,307.3,32.6,181.8,50.0,30.1,185.6,72.2,227.3,450.5,2.6,6.0,1.5,2.4,106.7,273.2,235.6,1.3,308.8,178.0,,419.6,42.7,178.3,3979.4
1278,2021-09-03,176.9,2.3,37.2,119.1,5.9,115.1,7.5,19.3,67.0,102.7,16.4,12.5,316.7,30.6,172.8,48.0,29.1,178.9,71.8,231.5,456.1,2.7,5.8,1.6,2.3,118.5,246.3,222.2,1.4,296.6,171.7,,422.1,43.1,182.8,3942.5
1279,2021-09-04,178.6,2.5,40.0,125.9,5.6,107.8,7.6,19.6,67.8,97.9,18.0,12.1,324.4,32.8,160.8,47.4,30.3,169.3,69.3,220.3,455.0,2.7,5.8,1.5,2.6,119.2,235.9,234.8,1.4,289.0,165.6,,408.8,42.5,184.4,3895.000000000001
1280,2021-09-05,172.1,2.5,39.5,128.3,5.4,103.6,7.1,19.3,68.1,96.4,17.9,11.0,317.7,30.0,160.6,48.5,30.5,150.6,61.2,222.5,424.8,2.8,5.6,1.6,2.7,120.0,241.8,241.7,1.2,259.8,150.1,,421.2,38.4,179.3,3790.9
1281,2018-10-22,188.7,2.2,24.5,81.3,3.3,97.5,7.4,17.3,59.6,72.8,10.7,9.3,366.7,26.1,132.1,38.7,24.4,185.0,66.8,243.7,514.0,2.3,4.9,1.9,2.1,100.9,132.3,210.9,1.2,280.7,224.5,,290.9,35.0,156.4,3622.8
1282,2018-10-23,191.3,2.3,25.6,84.8,3.3,96.7,7.2,17.3,54.9,72.7,10.2,9.3,367.3,26.8,135.0,37.6,24.3,199.9,69.6,255.3,513.4,2.5,5.2,1.4,2.2,100.6,128.7,216.2,1.3,292.3,223.9,,296.0,34.8,148.5,3665.3
1283,2018-10-24,194.3,2.2,25.5,79.7,3.3,93.3,7.3,17.0,59.2,73.8,7.4,9.3,363.6,27.9,134.7,39.0,22.5,204.0,69.9,257.4,509.2,2.2,5.3,1.6,2.3,110.8,122.4,219.3,1.4,300.4,216.0,,293.0,35.9,144.1,3662.2
1284,2018-10-25,198.7,2.1,28.0,77.5,3.2,92.2,7.5,17.0,61.9,73.5,11.3,9.3,368.2,27.3,132.0,38.8,22.6,206.0,70.8,257.1,503.1,2.4,5.1,1.6,2.0,106.5,129.9,219.9,1.3,302.6,222.6,,291.3,34.2,135.8,3670.3000000000006
1285,2018-10-26,196.4,1.9,27.2,76.1,3.2,90.6,7.6,16.4,62.0,73.2,7.9,10.6,365.6,28.0,129.4,40.4,22.5,205.2,71.4,259.4,497.5,2.3,5.3,1.8,2.0,99.7,133.2,222.4,1.5,307.7,219.9,,293.6,24.4,132.7,3646.2
1286,2018-10-27,192.7,2.1,26.9,74.0,3.1,88.9,7.5,15.8,63.2,68.9,7.0,10.5,360.1,28.5,126.0,39.3,22.3,204.0,71.8,260.3,496.1,2.3,5.3,1.8,2.0,94.2,137.1,219.4,1.3,309.7,216.7,,285.3,35.8,129.8,3616.8000000000006
1287,2018-10-28,188.8,1.9,25.1,78.3,2.9,88.1,6.9,15.7,63.4,64.4,4.9,9.2,351.7,25.9,114.0,37.5,23.0,194.8,65.2,257.3,477.5,2.3,5.4,1.8,2.1,89.6,127.7,218.1,1.0,286.0,212.1,,277.9,31.4,121.8,3480.3
1288,2022-09-19,200.1,2.5,43.2,116.8,5.9,98.6,,,74.6,111.5,13.8,11.3,356.0,34.9,213.3,49.0,31.4,191.2,76.7,221.1,441.6,2.7,6.1,1.5,2.9,124.0,265.5,298.6,1.6,336.6,221.0,,414.7,42.3,178.2,4225.400000000001
1289,2022-09-20,202.1,2.5,43.2,116.5,6.0,96.0,,,75.9,110.8,13.7,11.7,367.6,34.1,211.6,50.7,31.1,195.4,78.4,218.3,446.2,2.8,6.1,1.4,2.9,123.2,278.5,302.1,1.7,343.7,201.0,,411.2,44.7,177.4,4245.799999999999
1290,2022-09-21,209.3,2.4,43.6,117.0,5.8,94.6,,,74.7,106.8,13.1,12.2,374.7,31.9,186.9,49.7,31.5,199.0,78.5,204.1,444.3,2.7,6.2,1.6,2.8,135.9,273.1,295.1,1.7,350.6,206.2,,379.3,43.8,179.8,4196.8
1291,2022-09-22,210.7,2.2,42.4,126.0,5.4,97.5,,,73.9,98.7,13.3,12.1,387.9,31.0,156.7,49.9,33.3,205.4,79.2,195.6,443.7,2.8,5.9,1.6,2.8,138.0,239.9,282.5,1.7,351.8,205.9,,354.9,43.7,186.6,4120.3
1292,2022-09-23,212.3,2.3,40.4,129.9,5.2,98.3,,,75.1,92.3,13.4,12.5,396.9,29.6,131.5,50.0,33.6,212.7,75.7,192.6,444.6,2.8,6.1,1.6,2.8,137.3,209.2,259.1,1.8,352.3,214.7,,359.4,41.2,189.1,4064.1
1293,2022-09-24,217.4,1.8,39.1,125.9,4.5,97.0,,,73.5,85.1,13.5,11.5,400.5,30.2,120.5,46.9,31.8,209.7,77.9,195.0,450.2,2.7,6.3,1.6,2.9,145.2,157.6,248.8,1.7,358.0,224.7,,344.6,38.8,188.4,3991.0
1294,2022-09-25,217.6,2.3,36.1,120.4,3.5,104.9,,,71.8,83.1,13.5,10.9,392.9,27.6,114.6,46.0,33.7,200.5,72.2,201.4,455.3,2.6,6.2,1.5,2.6,145.5,118.6,244.5,1.5,329.8,226.3,,347.1,33.6,182.9,3887.0
1295,2023-06-12,251.7,2.7,37.1,133.8,6.6,112.4,,,76.9,135.2,,14.3,374.1,30.6,212.0,58.8,37.4,245.2,77.2,261.7,610.0,2.3,5.1,1.8,2.6,122.0,207.1,325.1,1.4,376.0,205.2,4.9,554.8,52.6,204.4,4816.9
1296,2023-06-13,250.7,2.9,39.5,139.0,6.9,111.9,,,78.3,143.6,,15.0,397.1,29.7,226.6,53.4,37.3,256.3,76.8,264.5,615.2,2.4,4.8,1.9,2.7,116.0,220.3,332.2,1.5,374.0,212.8,5.3,551.2,53.5,217.7,4914.7
1297,2023-06-14,254.6,2.4,36.8,127.5,6.5,110.4,,,79.9,142.6,,15.2,367.4,30.4,222.9,51.7,36.1,261.1,78.9,257.8,611.2,2.1,4.9,1.7,2.6,120.7,205.5,331.5,1.4,379.1,217.3,5.1,532.9,52.8,225.8,4851.500000000001
1298,2023-06-15,257.9,2.5,27.1,123.5,5.9,111.9,,,79.6,138.5,,15.3,321.3,31.3,222.8,52.2,38.1,271.7,81.7,261.5,613.4,2.2,4.2,1.7,2.5,120.1,177.8,315.4,1.4,394.7,219.3,4.1,523.2,53.7,238.5,4789.799999999999
1299,2023-06-16,263.8,2.7,27.4,135.0,6.4,117.0,,,79.7,136.8,,15.3,276.5,32.5,223.8,53.9,41.7,276.6,83.8,265.2,604.2,2.2,4.1,1.4,2.3,130.2,219.4,292.3,1.6,405.6,225.2,3.9,544.5,53.9,238.4,4843.5
1300,2023-06-17,261.0,2.3,26.5,148.3,6.6,117.8,,,80.1,132.1,,15.0,296.3,33.0,230.1,52.7,43.3,274.3,81.9,257.8,613.8,2.2,4.4,1.7,2.3,130.2,240.4,254.8,1.2,383.2,224.6,3.7,568.5,55.8,227.6,4850.7
1301,2023-06-18,251.5,2.5,25.4,146.6,6.2,118.0,,,78.2,126.7,,13.1,312.3,30.2,208.5,50.5,40.4,259.4,73.0,247.0,599.3,2.1,4.4,1.6,2.3,127.5,244.7,203.6,0.9,345.6,210.7,3.7,543.4,48.6,206.7,4607.1
1302,2018-11-19,181.0,2.1,22.8,69.4,3.1,78.6,6.8,14.9,64.7,61.0,11.1,10.5,330.3,27.7,112.8,44.9,23.4,203.1,68.7,269.4,453.9,2.5,6.0,1.7,2.1,87.0,113.2,225.8,1.4,265.8,176.4,,261.4,34.9,109.7,3355.0
1303,2018-11-20,182.4,2.2,24.0,70.0,3.2,76.2,7.1,15.2,63.5,61.7,12.0,10.6,327.1,27.8,116.0,45.7,23.7,204.3,69.2,271.2,449.6,2.6,6.1,1.7,2.2,86.3,116.8,226.8,1.5,268.9,179.1,,269.4,36.0,107.3,3374.2000000000003
1304,2018-11-21,174.9,2.4,23.9,70.8,3.2,76.4,7.2,15.5,62.4,61.3,13.0,10.6,331.5,28.3,116.9,36.6,24.9,205.3,71.1,272.3,449.5,2.5,6.2,1.7,2.2,86.3,115.3,227.1,1.4,266.6,176.7,,270.4,35.2,116.4,3372.3999999999996
1305,2018-11-22,165.8,2.0,23.1,71.5,3.2,77.8,7.1,15.1,63.1,62.1,13.5,10.4,338.7,28.0,118.7,44.8,24.1,194.8,71.7,271.5,450.5,2.3,6.1,1.8,2.2,83.2,114.3,230.1,1.4,256.0,177.7,,267.2,35.8,104.8,3346.8
1306,2018-11-23,166.5,2.0,23.6,68.8,3.0,77.0,7.0,14.3,63.3,61.6,10.1,10.3,337.5,28.2,116.6,45.8,24.5,192.8,70.4,271.1,438.1,2.4,6.0,2.0,2.2,86.0,113.8,233.0,1.4,257.1,176.0,,264.6,35.5,104.8,3324.0000000000005
1307,2018-11-24,167.9,2.1,24.2,68.3,3.1,74.1,7.0,15.7,61.6,58.4,11.0,10.3,335.2,27.8,115.6,40.9,24.7,193.4,69.9,269.7,443.3,2.5,6.1,2.2,2.3,83.5,118.0,230.7,1.3,256.6,173.9,,262.9,36.0,107.5,3314.4
1308,2018-11-25,165.1,1.9,22.8,68.5,2.9,74.3,6.5,15.6,60.9,58.3,11.2,10.3,324.1,25.7,108.4,40.9,24.1,186.1,64.9,267.2,431.0,2.7,6.0,1.3,2.1,82.5,116.1,225.5,1.1,239.2,169.6,,259.3,32.8,104.9,3219.9000000000005
1309,2017-06-19,144.5,2.0,24.5,75.5,5.6,76.0,7.0,16.8,64.1,109.7,9.8,8.5,335.1,25.4,147.6,39.8,21.9,161.1,68.6,158.8,420.0,2.0,4.4,1.1,1.8,81.5,194.8,205.2,1.1,311.1,117.2,,369.5,40.7,143.0,3403.3
1310,2017-06-20,144.1,2.0,27.1,69.8,5.1,75.5,7.2,17.2,60.8,95.9,10.1,8.5,333.2,26.6,139.0,40.3,18.8,165.2,69.3,158.0,426.8,1.9,4.6,1.2,2.0,78.5,164.2,210.2,1.0,299.3,123.8,,339.3,40.5,116.4,3290.8
1311,2017-06-21,146.0,2.5,27.9,72.3,5.0,71.8,7.3,17.2,61.5,96.5,4.5,9.3,325.8,26.7,149.0,34.8,19.2,168.9,67.1,156.6,430.4,2.1,4.4,1.3,2.6,69.9,175.0,176.6,0.9,301.2,131.3,,340.1,40.2,139.0,3292.1
1312,2017-06-22,151.5,1.7,29.8,76.0,5.8,70.0,7.2,18.1,62.8,100.1,3.1,9.2,328.1,26.3,162.0,41.4,21.2,172.5,66.5,151.0,420.7,2.0,4.6,1.3,2.1,74.0,186.1,167.8,0.8,308.8,133.3,,351.8,39.2,143.0,3347.3999999999996
1313,2017-06-23,148.3,1.9,30.2,77.3,5.5,72.7,7.2,16.5,64.6,105.1,2.7,9.6,323.2,26.1,172.1,42.5,22.6,171.2,64.9,154.8,413.3,2.5,4.6,1.2,2.2,76.2,198.1,176.3,1.1,307.0,128.8,,372.5,42.5,143.9,3397.0000000000005
1314,2017-06-24,140.2,1.8,28.3,79.9,5.6,75.0,6.2,16.4,64.6,108.9,2.5,9.2,303.3,27.2,180.9,42.4,22.0,164.2,60.9,156.8,408.3,2.4,4.5,1.3,2.4,73.2,224.6,183.2,1.5,292.7,129.2,,377.0,44.2,139.9,3388.2
1315,2017-06-25,133.3,2.0,28.3,79.7,5.6,66.2,5.9,15.0,66.0,109.9,3.0,9.2,280.3,26.0,173.3,42.8,21.5,146.5,54.8,152.7,380.3,2.4,4.8,1.3,2.5,70.7,231.0,195.3,0.9,277.6,128.3,,379.7,43.0,136.5,3283.1
1316,2020-10-19,159.7,2.1,32.8,110.1,3.5,86.1,7.5,18.4,65.4,75.8,17.6,9.5,354.9,28.6,154.0,39.9,29.7,156.9,69.6,243.8,410.3,2.5,,1.6,2.3,103.6,144.7,244.1,1.3,281.2,139.4,,335.0,36.4,172.7,3553.7999999999997
1317,2020-10-20,155.0,2.2,34.3,109.1,3.5,85.9,7.8,18.6,68.3,74.6,17.6,11.3,358.7,28.9,152.5,46.6,28.6,147.7,69.3,246.4,419.9,2.5,,1.6,2.2,104.6,142.8,242.3,1.2,288.6,134.4,,328.0,36.2,173.4,3557.9
1318,2020-10-21,151.7,2.2,33.9,110.8,3.4,84.6,7.8,16.5,65.8,76.0,17.6,11.3,357.1,29.3,150.4,44.8,29.3,142.0,69.8,245.6,424.7,2.5,,1.7,2.4,95.1,137.6,240.6,1.3,286.4,134.3,,322.6,36.8,170.3,3519.600000000001
1319,2020-10-22,154.0,2.1,30.3,109.7,3.4,84.1,7.8,16.7,65.6,75.9,17.7,10.6,359.7,29.5,148.5,47.4,29.4,146.2,67.6,245.7,419.3,2.6,,1.6,2.4,95.0,131.6,242.2,1.3,287.4,139.4,,324.9,37.0,155.0,3505.0000000000005
1320,2020-10-23,155.2,2.2,23.7,108.0,3.3,83.1,7.9,18.3,65.3,74.4,18.0,9.6,354.2,29.7,146.2,45.4,29.9,146.6,67.5,249.9,414.8,2.8,,1.6,2.5,92.4,131.8,241.3,1.4,293.7,143.8,,321.2,36.3,124.4,3460.0
1321,2020-10-24,162.2,1.9,20.2,102.9,3.2,80.5,7.4,17.3,65.9,70.8,19.3,9.6,344.3,29.5,143.1,46.9,28.4,143.3,65.8,252.2,415.6,2.4,,1.3,2.4,93.5,120.5,239.5,1.2,287.3,144.9,,308.3,35.6,121.1,3401.3999999999996
1322,2020-10-25,158.4,1.9,21.8,91.5,2.9,78.9,4.1,16.0,60.3,62.6,18.9,8.4,324.4,25.2,126.0,45.0,27.1,135.1,62.0,247.7,376.1,2.5,,1.4,2.2,89.1,112.1,233.1,1.0,263.4,137.0,,292.1,31.6,118.4,3189.9
1323,2023-10-02,207.3,3.0,42.2,111.4,4.5,100.4,,,68.1,89.5,,10.3,399.5,27.4,173.5,46.1,29.7,214.4,71.0,254.3,481.6,2.8,5.8,1.8,3.0,119.0,230.6,284.2,0.9,302.7,235.2,5.8,436.5,39.4,172.0,4245.2
1324,2023-10-03,217.1,3.0,41.1,112.9,5.0,97.7,,,68.5,98.3,,11.4,427.9,32.4,191.4,45.2,29.8,247.0,76.5,255.2,506.1,2.8,5.7,1.7,3.0,117.0,218.9,289.5,1.3,355.7,249.5,5.5,421.2,42.0,172.6,4426.6
1325,2023-10-04,222.7,3.1,39.9,105.7,5.1,99.4,,,69.1,101.4,,13.7,423.8,34.1,195.6,48.0,30.0,264.2,79.6,258.9,520.4,2.8,5.8,1.9,2.9,118.6,217.9,291.7,0.9,373.0,269.0,5.0,425.7,44.5,169.4,4517.799999999999
1326,2023-10-05,228.4,3.1,37.9,103.2,5.0,104.9,,,69.5,100.9,,14.1,417.8,34.3,195.9,47.2,30.4,265.7,81.4,263.7,528.1,2.8,5.7,1.9,3.0,121.7,221.0,295.1,0.8,369.2,278.0,5.0,432.0,43.8,172.2,4558.4
1327,2023-10-06,235.2,3.0,32.6,113.7,5.0,109.7,,,70.8,102.6,,14.0,431.0,34.8,197.4,48.1,31.4,256.7,82.0,272.1,540.3,2.7,5.3,2.0,2.6,127.8,223.1,302.2,0.9,374.5,284.2,4.8,440.9,44.2,180.0,4651.599999999999
1328,2023-10-07,240.5,3.0,34.7,122.4,4.8,109.8,,,72.0,103.8,,14.1,420.6,35.0,201.8,48.1,34.2,245.1,82.0,275.3,551.1,2.6,5.7,2.1,2.7,130.8,215.4,304.0,0.9,365.2,286.9,5.2,437.3,44.5,185.7,4662.5
1329,2023-10-08,238.8,2.7,34.0,126.7,4.4,114.9,,,72.8,105.0,,13.0,408.3,30.8,191.1,48.8,31.9,247.2,77.3,277.2,549.2,2.6,5.8,1.6,2.6,130.2,227.2,304.9,0.7,337.2,277.4,5.2,450.3,40.7,185.4,4618.199999999999
1330,2021-11-29,142.3,2.3,23.8,73.5,3.1,74.3,7.2,19.0,64.1,61.7,19.9,12.0,355.5,30.9,123.5,56.0,27.9,142.9,70.7,286.7,480.1,2.9,6.7,1.8,2.1,89.8,120.7,251.9,1.8,244.5,148.1,,280.0,36.1,117.1,3387.2
1331,2021-11-30,143.2,2.4,24.0,75.5,3.2,75.0,7.5,18.6,63.2,62.5,20.0,12.8,352.5,31.4,126.1,58.0,26.7,141.1,71.8,287.1,481.3,2.9,6.7,1.8,2.0,89.7,123.6,254.1,1.8,255.9,149.6,,282.6,36.6,117.3,3415.1
1332,2021-12-01,145.0,2.3,24.4,73.4,3.3,72.1,7.2,18.7,61.0,63.1,16.2,12.0,323.6,32.9,125.5,56.2,26.2,153.5,72.8,273.5,459.2,3.1,6.8,1.8,2.2,88.2,126.1,247.1,1.8,258.1,153.0,,280.4,36.4,116.8,3350.4000000000005
1333,2021-12-02,147.8,2.3,24.6,75.0,3.4,73.0,7.0,18.5,62.0,63.3,16.0,11.9,313.6,32.6,125.8,55.9,27.3,155.3,73.8,241.7,421.3,3.0,6.9,1.8,2.3,85.4,122.1,244.8,1.7,265.8,158.4,,274.5,36.6,114.9,3277.0
1334,2021-12-03,148.5,2.2,24.4,73.3,3.3,75.0,7.2,18.8,63.4,64.2,17.2,11.9,325.8,33.1,124.1,56.5,26.8,159.3,74.6,255.2,427.9,3.1,6.9,1.7,2.6,88.0,116.5,249.8,1.7,274.7,162.9,,272.7,36.8,117.5,3334.7
1335,2021-12-04,150.2,2.3,24.7,71.6,3.2,74.3,7.4,19.1,64.5,60.8,18.9,12.4,340.0,31.8,124.9,57.0,27.2,155.6,74.4,266.1,438.6,3.0,7.0,1.8,2.5,85.6,123.0,248.5,1.7,263.3,161.9,,270.5,35.6,116.2,3352.8999999999996
1336,2021-12-05,152.3,2.2,23.8,72.3,2.9,75.0,6.8,18.7,63.4,58.9,19.2,11.0,331.9,30.4,113.1,52.4,26.7,137.6,67.7,273.5,430.6,3.1,6.9,1.7,2.4,85.5,133.4,255.4,1.4,249.1,158.7,,276.3,33.8,101.4,3286.3
1337,2019-11-25,169.5,2.2,22.6,66.6,3.2,71.6,7.0,18.3,61.4,62.5,6.3,12.3,334.9,27.9,114.5,44.5,24.4,196.3,72.0,248.2,438.0,2.5,5.9,1.7,2.1,72.1,101.7,216.7,1.5,269.1,178.7,,260.8,33.1,107.5,3264.4
1338,2019-11-26,169.5,2.1,22.7,68.3,3.4,72.8,7.3,18.5,59.8,63.5,6.5,12.3,339.2,28.4,114.2,44.2,24.7,182.1,73.0,250.9,442.3,2.4,5.7,1.7,2.1,74.4,100.3,214.5,1.6,280.8,180.8,,258.2,34.1,110.8,3280.1
1339,2019-11-27,169.9,2.0,23.3,68.7,3.5,71.5,7.4,18.6,61.3,62.6,5.6,12.3,336.5,28.6,108.2,40.1,24.2,185.8,73.5,253.4,441.0,2.6,5.8,1.8,2.2,73.8,98.0,218.6,1.6,280.3,170.8,,258.4,34.6,113.4,3267.1000000000004
1340,2019-11-28,168.6,2.1,23.1,69.3,3.5,71.4,7.4,17.7,61.3,62.4,5.7,12.5,334.7,28.2,100.3,37.9,24.1,190.8,73.8,252.8,443.7,2.6,5.5,1.8,2.2,74.5,99.4,213.0,1.6,265.8,169.0,,238.2,30.2,113.0,3215.1999999999994
1341,2019-11-29,167.7,2.1,22.9,69.0,3.5,71.9,7.4,18.4,60.2,63.5,5.9,12.9,336.7,29.2,109.9,44.3,24.3,195.3,74.2,250.3,443.7,2.4,5.5,1.8,2.2,74.9,102.8,212.3,1.5,264.7,168.6,,236.2,34.2,114.1,3241.7999999999993
1342,2019-11-30,170.0,2.2,23.0,69.0,3.3,71.7,7.3,18.3,60.9,60.4,5.4,12.9,333.5,29.1,108.5,44.1,24.5,190.9,72.0,250.7,445.0,2.5,6.0,1.8,2.2,77.5,101.4,213.3,1.4,250.0,167.3,,240.5,34.2,115.6,3223.2999999999997
1343,2019-12-01,151.7,2.1,20.4,66.8,3.1,70.5,6.5,17.7,58.0,57.2,5.3,12.9,318.3,25.8,97.7,43.8,23.6,162.3,64.2,246.0,424.4,2.6,5.9,1.8,2.1,83.8,92.9,210.3,1.2,211.8,159.2,,232.6,30.9,102.1,3021.2999999999997
1344,2018-09-03,182.6,2.4,31.4,79.2,6.4,91.7,7.6,16.9,66.6,117.2,9.9,11.6,338.0,28.9,198.7,42.3,21.3,191.1,66.7,181.0,442.6,2.4,5.8,1.4,2.3,102.2,268.2,234.3,1.1,312.0,209.4,,315.4,37.9,147.0,3781.2
1345,2018-09-04,185.4,2.4,32.9,82.3,5.9,92.9,7.5,17.5,69.1,115.5,10.2,11.6,342.9,28.4,201.8,43.0,22.6,187.1,65.7,186.3,440.6,2.4,5.9,1.4,2.2,107.9,273.6,237.5,1.3,299.7,212.0,,334.5,38.4,152.1,3828.2
1346,2018-09-05,180.2,2.2,32.3,83.5,5.1,98.4,6.9,17.5,66.7,109.6,10.8,11.6,332.3,26.0,191.9,41.7,22.6,175.6,61.2,185.4,430.1,2.2,5.7,1.5,2.2,102.9,263.2,234.4,1.0,294.8,203.5,,328.5,32.0,148.1,3718.7
1347,2018-09-06,181.6,2.2,33.3,80.9,4.9,96.1,7.4,17.9,66.8,105.7,11.1,11.6,344.1,24.9,170.8,40.7,22.0,183.2,64.9,185.4,446.0,2.2,5.6,1.4,2.2,98.2,254.8,235.1,1.0,309.6,209.1,,324.2,34.5,156.9,3743.8
1348,2018-09-07,178.4,2.1,34.7,85.3,4.8,88.7,7.7,17.5,67.0,105.0,10.8,10.0,349.2,26.8,164.3,33.4,22.6,183.9,63.7,187.4,456.1,2.2,5.7,1.6,2.2,97.5,216.6,235.1,0.9,313.3,205.3,,330.9,33.7,152.1,3704.099999999999
1349,2018-09-08,173.8,2.1,30.8,84.6,5.2,79.8,7.7,18.2,66.3,109.9,12.4,9.5,355.2,26.4,166.9,40.1,22.6,183.5,63.2,171.3,452.7,2.3,5.7,1.7,2.2,98.9,217.0,228.1,0.8,270.3,201.3,,336.6,36.4,159.0,3648.9
1350,2018-09-09,174.8,2.2,33.1,88.5,5.5,84.4,7.6,18.3,67.1,116.9,11.5,9.5,341.4,26.9,176.0,42.5,23.0,185.0,62.2,174.9,434.2,2.4,5.7,1.5,2.5,109.5,226.2,210.5,1.3,305.3,200.2,,374.4,38.8,166.9,3737.2
1351,2020-05-31,184.1,2.0,25.1,78.0,3.4,74.0,4.4,9.1,48.3,73.3,16.0,9.1,319.2,19.6,96.1,41.8,21.2,168.5,63.5,204.8,443.5,2.2,5.5,1.7,2.2,84.9,127.5,186.9,0.9,288.5,145.9,,282.0,28.2,120.4,3188.9999999999995
1352,2020-06-01,178.2,1.6,24.2,94.1,3.9,72.7,4.5,9.2,54.9,74.6,15.9,9.1,325.4,22.7,109.4,41.3,20.3,164.5,68.3,200.7,388.3,2.5,5.2,1.5,2.2,80.3,134.9,197.4,1.2,303.3,138.5,,331.0,29.4,123.1,3242.0
1353,2020-06-02,172.0,2.0,24.8,99.6,4.0,73.7,4.6,9.2,57.9,81.1,17.8,8.2,314.4,24.3,119.1,42.7,23.6,155.9,65.6,184.4,374.1,2.4,5.0,1.6,2.2,75.6,141.5,201.2,1.3,305.1,140.2,,348.7,33.2,130.9,3255.8
1354,2020-06-03,175.3,2.0,23.2,106.7,4.1,76.8,2.8,7.1,59.6,85.7,17.4,7.7,301.9,24.6,127.1,43.3,26.6,144.6,65.6,182.9,288.2,2.6,5.2,1.4,2.3,77.0,140.0,203.8,1.3,311.9,139.7,,365.4,35.3,138.6,3205.5
1355,2020-06-04,174.3,2.0,23.9,100.7,4.1,76.4,4.1,8.9,59.5,85.1,17.7,8.4,298.3,24.9,126.0,44.4,25.0,166.4,66.3,143.2,283.6,2.4,5.1,1.7,2.3,79.6,146.5,201.2,1.4,319.5,142.8,,342.0,35.1,148.8,3179.4
1356,2020-06-05,181.6,1.9,26.0,74.0,3.9,74.9,4.9,10.0,61.1,81.0,17.4,8.8,288.9,25.3,121.4,42.8,24.7,177.3,66.4,149.8,335.2,2.5,5.3,1.7,2.2,84.5,151.0,198.0,1.4,321.4,149.2,,284.9,32.9,141.3,3161.2000000000007
1357,2020-06-06,186.6,1.7,24.2,85.3,3.9,76.5,5.1,10.0,62.3,80.2,12.4,8.4,279.5,24.7,129.4,35.0,26.5,175.2,64.2,162.3,357.0,2.4,4.5,1.7,2.1,93.9,143.4,206.1,1.4,299.3,153.9,,324.9,34.2,157.4,3243.2
1358,2017-01-09,150.0,2.0,21.2,61.7,3.6,72.2,6.4,16.4,60.8,61.5,7.8,8.3,275.4,23.2,110.0,43.1,22.1,198.0,63.6,207.5,408.3,2.2,4.4,1.3,1.9,67.8,93.9,208.6,1.8,279.7,156.1,,267.8,32.1,102.7,3049.5
1359,2017-01-10,153.8,2.3,21.5,59.2,3.7,66.4,6.5,16.6,56.9,63.3,7.6,8.9,274.6,25.7,117.8,44.4,19.6,199.1,64.2,200.3,407.9,2.5,5.0,1.6,2.1,70.9,97.5,208.9,2.1,287.3,157.7,,269.1,35.2,107.8,3074.2
1360,2017-01-11,143.5,2.1,21.8,61.3,3.9,70.7,6.6,16.5,62.2,63.7,8.0,8.5,273.9,26.2,119.7,44.6,21.8,201.1,63.6,207.6,406.8,2.2,4.9,1.5,2.1,69.8,98.6,207.7,2.0,295.4,159.3,,277.8,34.1,103.3,3099.1
1361,2017-01-12,152.8,1.9,23.2,62.7,3.9,70.4,6.3,16.5,62.7,65.3,8.3,8.5,272.4,25.7,121.2,43.8,22.9,203.2,63.9,207.3,410.6,2.4,4.8,1.5,2.2,70.9,101.7,203.4,2.0,292.2,158.0,,284.9,33.9,103.6,3121.2000000000003
1362,2017-01-13,146.2,2.1,22.2,61.6,3.9,71.8,6.5,16.5,68.2,67.5,9.3,8.5,268.8,26.0,121.8,49.0,21.1,201.2,64.1,208.1,400.3,2.3,4.8,1.5,2.2,70.7,99.2,217.0,1.7,285.9,159.2,,288.2,34.9,104.0,3122.4
1363,2017-01-14,141.3,2.1,21.6,62.7,3.8,71.1,5.7,15.4,61.7,64.2,9.0,8.6,213.8,25.8,119.2,48.4,23.2,189.9,63.2,207.5,397.4,2.3,4.8,1.5,2.2,69.5,99.5,208.2,1.5,244.5,145.1,,288.8,33.2,104.3,2966.2000000000003
1364,2017-01-15,134.3,2.1,21.2,63.7,3.5,71.1,5.8,15.7,61.8,60.3,8.7,7.7,213.8,24.6,108.0,47.7,24.3,178.7,57.8,207.5,389.1,2.3,4.8,1.4,2.2,66.7,95.7,206.0,1.9,223.9,140.8,,286.4,33.9,98.8,2876.8000000000006
1365,2019-09-30,163.0,2.1,25.8,56.4,3.9,77.2,7.0,18.0,59.4,89.2,5.8,12.1,260.0,25.3,148.2,37.9,19.2,173.6,67.9,162.5,400.9,2.3,,1.7,2.4,86.6,132.5,197.0,1.1,280.4,167.5,,258.6,35.9,131.7,3126.7
1366,2019-10-01,168.8,2.1,25.8,69.9,3.9,79.0,7.0,17.8,58.6,92.8,6.5,12.1,268.3,26.5,157.0,31.7,21.8,176.0,68.9,159.6,409.7,2.4,,1.7,2.1,78.8,131.5,199.9,1.1,290.8,173.4,,284.2,35.3,140.1,3219.2000000000003
1367,2019-10-02,167.7,2.1,27.9,76.2,3.4,80.7,6.3,16.9,60.2,79.5,5.8,12.1,275.0,23.9,145.3,37.3,23.3,157.0,67.4,154.3,405.2,2.4,,1.8,2.1,78.4,130.3,187.7,0.8,270.5,166.7,,281.4,30.1,149.8,3142.8
1368,2019-10-03,168.1,2.1,30.1,82.3,4.0,85.2,6.2,17.6,60.7,92.6,5.6,12.2,294.1,26.4,151.9,34.6,24.3,163.5,69.9,161.1,421.8,2.5,,1.8,2.0,82.4,137.9,189.9,1.0,298.4,173.2,,298.6,34.7,154.7,3305.399999999999
1369,2019-10-04,164.9,2.1,30.1,87.7,3.8,87.6,7.6,17.6,63.5,89.4,5.5,12.4,301.2,26.4,141.4,32.7,24.8,162.4,72.4,168.6,408.3,2.5,,1.8,2.2,84.3,135.8,186.9,1.0,314.1,176.9,,310.0,36.7,155.3,3332.2
1370,2019-10-05,163.3,2.1,31.7,88.2,3.5,89.6,7.5,18.5,62.4,82.2,6.1,12.4,305.6,26.9,143.8,37.6,24.8,156.7,69.6,170.7,406.3,2.5,,1.8,2.1,85.7,139.3,195.2,0.9,305.9,177.0,,319.5,35.5,143.9,3332.5
1371,2019-10-06,160.7,2.2,29.2,93.7,3.2,88.0,7.3,17.3,59.7,77.8,6.4,12.4,290.5,25.6,142.9,39.5,24.8,138.7,64.2,170.2,392.1,2.5,,1.7,2.2,82.1,141.1,185.4,0.7,288.7,174.3,,326.7,34.3,143.4,3242.1
1372,2016-11-21,152.9,1.8,22.4,60.8,3.2,58.8,6.1,15.8,56.6,54.8,7.6,8.5,272.9,23.9,103.9,36.7,22.1,200.0,65.7,215.4,403.2,2.0,4.6,1.4,1.8,65.7,89.0,191.5,1.2,288.8,133.0,,251.6,31.1,104.2,2965.2
1373,2016-11-22,151.6,1.5,23.5,61.9,3.3,60.9,6.3,15.8,55.0,55.5,8.0,8.7,275.8,24.0,106.5,37.1,19.7,202.5,67.1,218.0,418.2,2.1,4.9,1.4,1.8,69.9,93.5,197.9,1.3,300.4,135.0,,252.7,31.3,98.2,3017.8
1374,2016-11-23,156.3,2.1,23.0,61.4,3.3,61.7,6.4,15.7,56.5,56.1,8.4,8.7,273.5,25.1,107.2,37.5,21.8,202.2,67.4,217.7,419.1,2.2,4.6,1.5,1.6,66.7,93.6,193.9,1.5,298.4,137.3,,256.0,31.9,97.2,3023.9
1375,2016-11-24,154.6,2.1,23.0,61.0,3.2,61.7,6.4,15.8,48.3,56.7,8.9,8.8,276.0,24.7,107.1,37.5,21.8,202.7,67.2,217.7,416.8,2.2,4.7,1.5,1.7,66.8,94.9,200.2,1.8,299.6,137.5,,262.2,32.1,96.4,3030.0
1376,2016-11-25,153.6,2.1,22.6,59.3,3.3,61.8,6.4,15.4,56.8,57.5,7.2,8.5,277.3,26.4,105.1,38.2,21.0,201.5,66.8,214.8,419.0,2.0,4.7,1.4,1.7,67.7,95.0,200.5,1.6,293.8,138.6,,248.0,32.0,100.6,3019.2000000000003
1377,2016-11-26,153.1,2.0,22.5,60.4,3.1,62.2,6.3,15.0,56.1,54.0,7.4,8.5,273.6,24.6,105.0,36.8,23.1,197.6,65.0,217.7,416.8,2.2,4.6,1.4,1.7,67.1,95.9,199.1,1.5,290.8,136.6,,251.7,31.1,100.5,3001.2999999999997
1378,2016-11-27,149.8,1.9,21.7,60.8,2.9,63.0,5.8,15.2,56.7,52.4,7.5,7.6,267.4,22.7,102.9,37.9,22.9,190.9,60.3,215.3,406.8,2.1,4.7,1.4,1.7,67.8,94.6,198.5,1.3,277.1,132.5,,246.1,29.4,94.7,2930.1
1379,2020-12-28,167.1,2.2,24.2,86.7,4.2,85.5,7.1,18.7,65.1,69.2,19.6,13.2,338.2,32.0,129.2,54.4,27.6,212.2,70.5,298.0,456.0,3.1,6.8,2.0,2.5,70.8,118.2,258.8,2.3,280.0,199.6,,306.8,41.0,111.1,3590.5000000000005
1380,2020-12-29,166.0,2.3,24.0,86.7,4.2,87.3,7.3,19.0,65.7,70.6,18.4,10.2,335.1,35.0,135.6,55.0,27.9,216.3,72.2,298.0,459.0,3.0,6.6,1.6,2.3,72.8,124.0,264.2,2.4,284.9,204.0,,312.1,41.8,116.1,3638.1
1381,2020-12-30,165.9,2.3,24.0,86.4,4.6,86.2,6.8,19.1,65.0,76.0,18.2,10.3,330.7,34.9,135.9,57.2,27.6,216.7,74.5,300.2,458.1,3.1,6.8,1.6,2.4,81.6,124.7,265.9,2.3,285.1,206.9,,316.6,42.3,115.9,3662.8
1382,2020-12-31,162.6,2.2,24.3,87.2,4.4,87.7,7.1,18.8,66.7,76.0,19.2,10.4,337.0,34.2,133.0,56.4,27.2,212.3,72.9,300.8,453.7,3.1,6.8,1.6,2.3,81.1,120.2,263.9,2.1,264.8,208.6,,308.7,41.8,116.9,3622.7
1383,2021-01-01,156.4,2.2,24.0,87.7,4.5,85.3,6.1,17.3,65.5,77.0,17.8,10.3,334.5,33.2,127.8,57.6,26.9,207.0,68.7,295.4,442.4,3.0,6.7,1.6,2.3,68.4,124.3,264.4,1.8,246.3,204.8,,313.6,40.2,113.8,3545.2999999999997
1384,2021-01-02,163.0,2.2,23.0,82.7,4.5,85.1,6.7,18.2,63.5,70.5,15.2,10.4,339.7,33.8,123.9,54.3,26.3,208.5,68.8,293.1,454.0,3.0,6.8,1.7,2.2,70.4,116.3,258.3,2.0,251.7,206.4,,304.6,41.5,113.2,3532.1999999999994
1385,2021-01-03,157.6,2.2,22.9,85.1,3.8,86.6,6.7,18.6,64.6,67.9,17.5,10.5,330.9,31.1,110.0,48.8,25.8,198.9,64.5,286.9,448.4,3.3,6.6,1.7,2.3,70.7,108.6,245.4,2.0,233.6,202.1,,264.2,36.7,103.9,3376.6
1386,2022-03-07,215.5,2.3,26.3,85.0,3.2,106.8,7.7,20.1,72.4,63.9,16.7,12.9,386.8,32.4,130.5,55.5,25.4,268.1,84.2,277.2,563.9,2.8,6.6,1.6,2.3,110.4,129.9,269.3,1.7,315.9,263.0,,315.1,36.5,133.4,4052.6
1387,2022-03-08,220.2,2.3,26.5,87.9,3.1,107.3,8.0,20.2,76.4,65.6,16.8,13.7,394.0,31.8,139.2,56.2,26.6,269.5,85.2,265.3,566.2,2.9,6.7,1.5,2.4,103.0,144.7,269.2,1.7,323.1,263.2,,317.5,37.9,137.3,4101.099999999999
1388,2022-03-09,222.8,2.3,28.0,88.5,3.1,107.4,8.1,20.5,72.7,63.3,17.0,13.5,390.1,31.3,141.8,54.1,27.6,276.4,86.6,261.0,559.2,3.0,6.7,1.8,2.4,102.9,153.4,260.1,1.7,329.4,266.7,,324.5,38.1,139.4,4113.5
1389,2022-03-10,224.6,2.4,28.4,89.2,3.1,109.8,7.8,20.3,72.8,65.8,16.7,14.6,389.0,30.7,138.9,56.0,27.0,280.0,86.7,247.5,560.9,2.9,6.6,1.8,2.6,110.2,152.4,260.7,1.7,335.0,269.2,,326.8,38.5,139.7,4128.700000000001
1390,2022-03-11,222.3,2.3,28.3,89.0,3.1,110.4,8.0,20.7,72.5,67.0,16.6,14.6,402.2,31.0,141.3,55.2,29.0,284.6,87.3,264.7,556.7,2.8,6.6,1.9,2.6,111.1,152.6,261.3,1.7,343.2,260.0,,331.2,37.5,142.6,4170.400000000001
1391,2022-03-12,216.2,2.4,28.1,90.7,3.1,106.9,8.1,20.4,73.2,63.8,17.4,14.1,398.7,30.4,138.0,54.5,30.1,279.7,87.5,268.2,549.4,2.7,6.5,1.9,2.2,112.6,150.1,266.6,1.5,343.9,254.0,,334.7,36.6,143.8,4146.299999999999
1392,2022-03-13,218.1,2.4,27.3,93.0,2.9,109.4,7.5,20.0,73.8,62.4,17.1,12.7,385.3,25.7,130.4,52.2,30.2,261.7,80.5,266.2,550.1,2.6,6.7,1.8,2.3,114.3,147.1,263.4,1.4,311.6,256.2,,333.5,36.2,135.6,4049.3
1393,2022-01-03,177.0,2.4,24.6,82.9,4.0,78.5,7.0,19.2,66.2,71.8,18.0,12.4,358.1,35.0,128.0,61.4,27.4,209.3,76.3,271.4,490.0,3.5,7.3,1.9,2.4,103.2,123.4,262.5,1.8,264.7,201.0,,310.9,40.9,110.4,3661.6
1394,2022-01-04,177.5,2.3,24.8,85.4,4.2,80.4,7.1,19.6,67.0,70.0,19.4,11.9,375.8,36.4,129.8,59.0,27.3,214.9,77.1,273.7,500.1,3.6,7.4,1.9,2.4,99.8,120.7,267.2,1.8,275.8,202.5,,312.2,42.9,113.5,3722.6999999999994
1395,2022-01-05,179.3,2.3,25.0,86.2,4.2,79.8,7.3,19.9,65.8,73.4,17.5,13.0,354.4,36.6,118.2,59.2,27.2,216.6,76.6,272.4,505.5,3.6,7.3,1.9,2.4,98.4,114.3,215.9,2.0,286.7,202.9,,313.9,41.6,114.2,3652.5
1396,2022-01-06,182.9,2.3,25.3,86.1,3.9,83.6,7.2,19.7,67.0,71.2,17.3,12.4,337.6,34.2,113.7,58.7,29.9,219.8,76.8,243.7,508.3,3.5,7.5,1.9,2.4,99.6,113.9,207.0,1.8,291.7,205.8,,280.9,38.9,112.8,3576.3
1397,2022-01-07,183.5,2.5,24.4,87.4,4.1,83.5,7.3,19.7,67.3,72.0,18.5,12.3,336.6,36.2,119.3,54.1,30.4,221.3,77.9,218.8,501.1,3.5,7.2,2.0,2.3,100.9,117.1,208.8,1.8,297.0,211.9,,294.5,41.1,115.5,3588.9999999999995
1398,2022-01-08,180.8,2.4,24.6,83.7,3.7,83.7,7.2,19.7,66.2,58.0,18.0,12.1,339.8,33.6,97.3,38.8,30.5,225.5,77.0,208.3,493.9,3.5,7.0,1.9,2.3,88.5,103.0,192.0,1.8,298.4,210.1,,274.2,40.1,115.2,3450.1999999999994
1399,2022-01-09,182.1,2.4,24.1,84.0,3.6,82.2,7.1,18.9,66.4,59.9,17.5,10.8,328.6,31.2,98.4,53.7,32.0,209.7,70.4,187.5,461.7,3.2,6.9,1.9,2.2,92.8,109.6,203.9,1.5,269.6,206.8,,273.7,36.2,108.0,3355.3999999999996
1400,2023-04-17,244.4,2.6,35.6,127.2,4.9,128.1,,,77.1,101.1,,15.0,456.1,31.5,155.4,57.5,35.2,301.3,100.6,266.2,584.9,2.8,5.3,2.0,2.4,128.8,159.7,281.3,1.6,380.5,250.6,,425.5,42.4,234.8,4714.8
1401,2023-04-18,246.4,2.6,37.7,131.9,5.2,129.7,,,79.3,109.1,,16.6,461.7,31.8,164.8,50.3,32.9,305.6,103.1,269.5,602.6,2.7,5.3,2.0,2.4,139.7,160.5,277.0,1.6,404.0,251.3,,439.7,43.9,245.7,4829.7
1402,2023-04-19,246.5,2.4,32.9,127.7,4.8,129.8,,,80.6,107.1,,15.8,458.1,29.3,153.6,58.2,35.9,307.8,103.3,266.2,606.7,2.9,4.8,2.0,3.0,141.7,135.6,271.4,1.6,409.4,251.7,,435.8,42.2,242.1,4785.2
1403,2023-04-20,247.8,2.3,29.1,127.4,4.8,123.7,,,80.9,103.9,,15.7,459.9,28.9,161.0,57.5,35.9,309.5,102.6,247.8,596.5,2.0,4.4,2.0,2.2,124.8,141.7,273.5,1.4,415.4,242.5,,443.2,44.3,237.9,4745.9
1404,2023-04-21,241.3,2.4,27.8,122.7,4.8,110.7,,,79.3,98.8,,16.1,452.4,29.2,157.3,59.3,35.1,298.1,99.5,239.5,581.9,1.4,5.0,1.3,2.3,111.0,138.6,274.2,1.3,405.4,219.2,,420.3,42.8,220.4,4575.3
1405,2023-04-22,228.7,2.2,26.6,102.4,4.6,104.6,,,76.9,89.3,,14.9,439.3,30.3,150.9,59.0,31.8,278.4,94.2,250.3,563.4,2.1,5.1,1.5,2.0,111.0,139.9,262.9,0.9,394.0,200.4,,418.1,43.0,189.2,4392.700000000001
1406,2023-04-23,211.8,2.1,22.1,111.4,4.6,95.7,,,74.4,81.1,,13.0,416.5,27.9,125.4,55.7,32.0,267.0,88.7,229.3,549.1,2.2,4.9,1.6,1.8,106.5,131.9,247.2,0.9,344.9,189.4,,359.0,38.9,170.8,4079.8000000000006
1407,2021-09-20,202.1,2.4,37.6,118.6,6.1,85.2,7.3,19.7,67.3,106.5,17.9,12.6,307.8,31.6,186.4,44.4,28.4,219.4,76.7,210.3,463.6,2.5,5.5,1.5,2.5,105.2,257.4,224.7,1.4,313.2,216.5,,407.9,43.5,148.3,3990.7
1408,2021-09-21,205.8,2.4,35.8,118.6,5.3,88.3,7.7,19.9,67.9,108.4,18.0,12.8,314.3,30.4,189.0,43.6,27.9,205.7,77.7,212.0,452.3,2.6,5.3,1.6,2.6,101.1,228.4,219.7,1.5,314.9,190.4,,413.5,44.5,147.4,3926.0
1409,2021-09-22,197.2,2.3,36.4,112.8,5.2,89.4,7.8,18.5,67.6,100.3,18.2,12.6,314.9,32.0,156.7,44.3,26.5,205.0,77.8,215.7,443.0,2.6,5.6,1.6,2.5,103.9,206.7,193.0,1.4,326.3,182.9,,380.6,41.8,148.3,3790.2
1410,2021-09-23,197.7,2.5,39.5,107.3,4.4,89.7,7.6,19.8,67.3,98.9,17.7,12.3,319.5,29.5,140.9,43.0,26.2,204.0,77.5,219.3,442.5,2.7,5.8,1.6,2.5,108.3,161.6,187.6,1.5,321.9,185.7,,367.0,40.9,160.7,3723.6
1411,2021-09-24,192.0,2.4,40.6,113.8,4.5,88.5,7.5,19.7,69.5,97.6,17.4,12.4,322.7,30.0,140.3,46.5,27.4,207.9,77.1,215.7,440.0,2.7,5.7,1.6,2.5,109.6,160.2,189.2,1.4,318.5,191.5,,346.4,40.9,170.9,3723.5
1412,2021-09-25,194.7,2.2,41.6,119.7,4.8,90.9,7.5,19.8,70.0,94.5,18.0,12.4,323.2,31.3,149.0,47.2,30.3,206.7,77.7,207.7,445.0,2.7,5.5,1.5,2.4,111.0,173.7,201.0,1.5,319.1,201.9,,349.5,41.4,172.8,3787.3
1413,2021-09-26,182.9,2.3,38.9,122.6,4.6,89.8,7.4,19.4,67.5,90.2,18.1,11.8,305.6,29.2,140.5,48.3,30.4,192.6,70.7,203.5,429.0,2.6,5.4,1.5,2.5,106.9,180.9,199.9,1.3,288.9,183.4,,357.4,38.8,162.0,3644.2
1414,2024-01-29,221.6,3.2,27.4,97.1,4.8,105.4,,,72.0,85.4,,13.1,411.5,36.8,157.5,63.4,30.1,282.8,82.8,327.6,582.1,3.2,6.5,2.3,2.2,109.3,150.8,330.9,2.0,333.2,250.8,4.1,371.9,45.8,150.2,4440.5
1415,2024-01-30,222.5,3.1,26.8,95.5,4.7,108.4,,,74.6,86.8,,13.3,411.6,37.1,156.6,63.2,30.7,291.2,84.5,323.4,587.8,3.2,6.5,2.4,2.2,107.3,156.5,329.2,2.1,337.3,252.8,4.1,363.4,45.5,151.9,4460.099999999999
1416,2024-01-31,221.5,3.1,26.8,94.2,4.9,109.7,,,71.0,88.7,,12.8,407.9,36.9,144.6,59.0,31.3,293.0,85.8,323.9,586.0,3.1,6.8,2.5,2.2,98.7,140.0,325.0,2.1,354.8,254.8,4.0,351.6,47.0,154.2,4420.7
1417,2024-02-01,225.3,3.1,27.3,94.3,4.9,109.4,,,70.4,84.7,,12.4,413.5,33.4,132.4,45.1,31.0,293.4,85.6,320.1,573.5,3.2,6.7,2.4,2.6,95.1,136.2,319.8,2.1,360.2,256.8,3.5,314.6,38.1,146.6,4319.600000000001
1418,2024-02-02,227.8,2.9,27.0,92.3,4.7,111.4,,,70.4,87.3,,12.0,415.8,35.3,146.4,60.2,30.8,296.6,86.9,324.0,573.5,2.8,6.6,2.3,2.3,101.3,144.5,324.5,2.1,363.3,262.1,3.8,337.3,44.7,145.2,4421.2
1419,2024-02-03,229.8,3.0,26.0,89.6,4.6,110.1,,,72.5,80.7,,12.2,413.8,37.9,142.7,64.7,31.5,294.6,87.0,320.0,572.9,2.7,6.4,2.1,2.3,98.6,148.5,320.8,1.9,348.3,262.2,3.9,334.3,45.7,146.1,4392.0
1420,2024-02-04,224.4,3.2,26.7,92.9,4.4,111.3,,,70.3,75.7,,11.3,395.7,34.9,121.6,63.2,30.2,275.2,80.0,313.3,568.1,3.2,7.0,2.4,2.4,94.7,136.9,287.3,1.7,319.3,251.8,3.0,312.1,42.7,136.7,4176.1
1421,2022-10-17,173.2,2.2,35.0,105.1,3.9,97.2,,,72.4,79.0,12.2,12.2,405.9,30.9,146.4,48.2,31.0,160.5,75.5,199.2,465.0,2.6,6.0,1.5,2.3,122.8,159.2,247.0,1.6,290.2,161.7,,315.7,38.1,165.3,3705.599999999999
1422,2022-10-18,178.7,2.3,35.6,105.4,3.9,95.7,,,73.6,80.0,13.1,12.4,420.3,31.5,149.8,49.1,31.0,166.4,74.5,204.2,464.2,2.5,6.2,1.6,2.4,121.5,152.8,250.9,1.7,302.8,169.2,,320.5,38.0,172.0,3771.1
1423,2022-10-19,178.7,2.3,35.2,104.5,3.9,93.9,,,73.6,80.8,12.6,12.7,415.1,29.9,148.6,52.2,30.0,172.1,74.7,204.8,474.0,2.6,6.0,1.7,2.5,117.1,150.6,251.6,1.7,304.3,171.4,,322.6,38.0,171.3,3778.4
1424,2022-10-20,178.3,2.3,34.8,102.6,3.8,96.3,,,71.5,80.7,14.3,12.5,418.6,31.6,148.5,44.1,29.2,171.9,75.0,205.7,472.0,2.6,6.4,1.8,2.4,118.1,147.9,256.9,1.6,298.1,170.3,,326.7,38.3,167.3,3769.2
1425,2022-10-21,181.1,2.3,34.1,101.6,3.8,94.9,,,71.6,81.6,15.0,12.2,405.8,30.9,148.2,51.4,30.8,166.8,74.6,209.0,467.6,2.7,6.1,1.8,2.4,113.4,145.7,255.7,1.6,292.3,175.2,,328.6,37.8,164.9,3748.2
1426,2022-10-22,178.1,2.2,33.2,101.0,3.5,94.2,,,71.9,76.2,14.9,11.7,380.3,30.3,142.7,52.1,31.0,157.0,74.5,210.2,451.3,2.6,6.4,1.7,2.4,118.6,140.7,254.8,1.4,287.4,170.5,,340.6,37.3,164.4,3679.8
1427,2022-10-23,177.5,2.2,30.8,99.8,3.1,92.6,,,71.6,67.7,15.4,10.9,343.1,26.9,122.8,53.4,31.6,145.1,69.5,204.1,418.7,2.6,6.7,1.6,2.3,124.5,133.2,244.3,1.1,248.8,167.1,,327.0,32.8,153.8,3465.1000000000004
1428,2019-02-11,172.2,2.0,22.5,70.9,3.5,85.4,6.9,18.2,64.4,66.8,9.7,12.3,316.8,28.4,118.1,50.0,23.8,207.9,72.9,231.6,403.7,2.8,6.0,2.0,2.0,72.0,101.4,233.3,1.2,301.7,190.9,,256.7,37.3,118.7,3321.1
1429,2019-02-12,174.8,2.1,23.2,72.1,3.6,86.6,7.1,18.1,64.1,67.1,10.9,12.3,323.4,29.0,123.0,49.4,24.2,212.3,73.2,236.3,420.1,2.5,6.0,2.0,2.1,73.7,105.8,236.5,1.3,309.9,193.1,,257.5,37.8,126.9,3395.4
1430,2019-02-13,174.5,2.2,23.4,68.5,3.5,82.8,7.2,17.5,64.9,66.5,11.9,12.6,324.3,28.0,122.9,46.9,23.8,219.5,74.3,236.7,428.0,2.4,6.1,1.8,2.1,74.1,104.8,236.6,1.4,310.6,192.6,,267.0,37.9,128.7,3413.2999999999997
1431,2019-02-14,174.2,2.2,23.9,69.8,3.5,89.0,7.2,18.3,64.0,67.0,11.4,11.9,328.1,27.5,111.5,46.7,23.9,223.2,74.8,213.6,431.0,2.7,6.0,1.8,2.2,83.9,102.9,227.5,1.4,313.9,194.7,,246.1,37.0,129.3,3379.5
1432,2019-02-15,175.9,2.2,24.0,70.8,3.5,85.9,7.3,18.3,64.3,68.5,10.4,11.9,324.4,26.9,116.5,38.6,22.2,226.2,75.9,198.8,418.4,2.8,6.1,1.9,2.1,83.6,105.3,230.5,1.5,321.4,192.1,,236.4,35.8,130.4,3348.3
1433,2019-02-16,178.1,2.2,23.4,66.3,3.5,70.7,7.3,18.0,61.4,64.9,11.2,11.9,320.9,28.3,118.4,42.8,19.5,226.8,76.1,210.3,413.0,2.5,6.3,1.9,2.1,68.2,103.6,233.4,1.3,315.8,189.8,,246.0,35.6,124.7,3313.6999999999994
1434,2019-02-17,184.3,2.0,19.2,68.4,3.1,82.1,6.7,17.4,63.8,61.6,13.6,11.9,311.7,27.9,107.4,42.2,22.4,210.2,70.1,216.8,404.0,2.4,5.9,1.7,2.0,74.9,98.7,227.8,1.3,301.0,194.5,,250.5,35.7,114.6,3264.7
1435,2017-09-04,150.7,2.0,28.0,82.7,5.3,93.6,6.7,16.9,64.7,104.2,2.0,8.3,258.4,23.9,141.2,39.2,24.1,174.7,58.2,170.3,415.1,2.1,5.1,1.3,2.1,78.0,154.6,188.5,0.7,271.8,182.0,,353.0,36.5,151.9,3305.1000000000004
1436,2017-09-05,148.9,2.1,31.0,84.6,5.3,92.9,6.9,16.9,62.4,105.1,1.8,9.6,249.7,25.0,147.3,41.6,25.9,175.5,61.7,176.1,405.9,2.2,5.2,1.4,2.2,80.1,161.2,192.8,1.3,275.9,180.5,,373.0,38.3,160.0,3356.8
1437,2017-09-06,145.7,2.1,30.7,84.1,5.5,94.9,6.9,17.1,64.8,108.0,1.2,9.6,264.9,26.1,156.2,38.2,24.8,165.3,63.6,175.2,428.4,2.1,5.1,1.3,2.2,80.0,175.3,198.6,1.2,268.6,170.0,,376.8,39.5,162.3,3403.4000000000005
1438,2017-09-07,146.1,2.1,28.8,83.5,5.1,91.5,6.9,17.3,66.3,103.1,1.4,9.9,285.1,24.9,149.3,37.9,23.9,157.1,65.2,178.4,435.8,2.2,4.4,1.3,2.1,82.8,193.4,200.3,1.2,278.0,168.9,,367.1,38.3,164.4,3431.3
1439,2017-09-08,147.6,2.1,30.5,84.5,5.0,90.3,6.9,17.1,65.6,106.8,1.4,9.9,297.0,25.7,155.5,40.3,27.5,151.4,66.1,183.4,404.8,2.2,4.7,1.2,2.1,83.5,189.0,206.9,1.1,276.4,168.6,,376.1,40.0,162.8,3441.1
1440,2017-09-09,146.3,2.1,27.8,79.5,5.1,88.4,7.0,17.2,66.1,105.3,3.4,9.4,308.6,27.2,164.4,39.7,24.4,148.1,64.4,185.6,407.1,2.1,5.0,1.3,2.0,87.1,204.9,213.0,1.1,271.5,179.4,,379.8,39.9,162.2,3483.4
1441,2017-09-10,148.6,1.8,25.4,82.2,4.8,88.1,6.8,17.0,64.3,104.5,7.2,9.3,304.3,24.4,164.4,35.2,23.7,133.7,60.9,180.2,398.7,2.1,4.7,1.2,2.2,85.3,226.0,211.7,0.9,260.7,184.5,,383.5,37.9,154.2,3446.9
1442,2022-02-28,209.1,2.3,24.8,81.0,3.2,104.4,7.6,19.7,71.5,63.1,16.5,12.2,376.3,33.3,121.0,57.6,28.5,265.1,82.7,287.4,552.0,3.1,6.8,1.9,2.2,110.1,133.9,274.1,1.8,333.1,253.6,,294.1,38.4,118.5,3998.7
1443,2022-03-01,208.3,2.4,25.0,79.2,3.0,104.2,6.2,19.1,70.8,61.0,16.6,12.7,363.5,32.1,126.9,59.3,28.4,267.7,82.0,285.0,545.4,3.0,7.0,1.8,2.4,111.4,134.3,277.5,1.9,338.8,259.4,,299.2,38.0,123.4,4004.999999999999
1444,2022-03-02,208.4,2.4,25.5,81.0,3.1,107.1,7.0,19.7,71.8,63.2,16.8,12.6,368.1,32.6,130.7,56.4,29.3,266.9,81.1,283.4,553.6,3.0,6.9,1.9,2.5,109.2,135.6,265.1,1.9,328.6,254.5,,309.4,37.4,126.2,4010.8
1445,2022-03-03,211.5,2.3,25.7,79.9,3.2,107.1,7.9,20.1,71.3,64.9,16.0,12.4,377.9,33.0,127.8,60.4,29.5,259.4,80.4,285.2,557.3,3.2,6.7,1.7,2.4,106.9,135.3,270.7,1.9,335.8,261.2,,312.4,38.6,129.6,4047.499999999999
1446,2022-03-04,212.4,2.3,26.0,81.6,3.2,107.1,7.0,20.0,71.5,65.3,17.0,12.7,378.3,32.7,131.3,58.6,28.1,268.2,81.2,284.9,556.1,3.2,6.9,1.7,2.4,107.8,138.3,272.8,1.9,336.8,268.2,,312.1,38.6,131.4,4075.499999999999
1447,2022-03-05,213.4,2.4,26.1,82.6,3.1,106.5,7.8,20.1,72.7,60.4,15.6,12.8,381.5,32.6,133.1,57.5,28.2,272.8,82.9,282.1,557.9,3.4,6.7,1.6,2.4,107.1,140.6,270.2,1.8,333.7,261.6,,307.4,38.2,133.7,4068.499999999999
1448,2022-03-06,211.5,2.3,25.3,82.4,2.9,105.8,7.4,19.8,71.1,59.9,16.2,11.7,369.5,28.6,122.2,57.8,28.6,255.7,77.1,278.5,547.6,2.8,6.4,1.3,2.2,114.7,131.8,266.5,1.5,308.1,256.7,,309.5,35.9,125.7,3952.0
1449,2017-09-25,155.0,2.4,30.8,96.9,4.5,88.5,7.4,17.3,61.4,89.9,9.5,8.8,335.9,24.1,131.3,41.6,26.2,148.9,67.5,169.7,399.3,2.2,5.4,1.3,2.1,88.1,177.2,201.6,1.1,271.5,186.1,,330.6,35.3,158.3,3384.7000000000003
1450,2017-09-26,153.0,2.5,33.2,91.4,4.8,91.0,7.5,17.4,66.3,97.1,6.4,8.9,341.3,19.8,142.2,42.2,24.1,151.2,68.0,173.4,404.6,2.1,4.9,1.2,2.1,87.8,182.1,202.0,1.1,277.2,177.0,,341.4,36.3,158.7,3427.1000000000004
1451,2017-09-27,151.2,2.4,33.1,91.3,4.9,92.6,7.6,17.4,66.8,92.0,6.7,8.9,344.5,27.1,142.9,43.0,23.0,142.2,67.1,178.3,414.3,2.4,5.6,1.2,1.9,85.6,167.9,204.2,1.0,278.2,179.7,,355.0,39.0,145.9,3431.6000000000004
1452,2017-09-28,148.2,2.2,29.6,98.4,4.9,87.3,7.4,17.6,64.4,100.7,5.6,8.9,349.2,25.9,146.2,42.7,24.1,136.2,65.6,182.0,415.3,2.3,5.3,1.2,2.0,85.0,185.7,192.2,1.2,273.5,168.7,,353.4,39.4,126.8,3406.1000000000004
1453,2017-09-29,145.5,2.1,24.1,82.9,5.0,85.0,7.1,17.4,59.9,101.1,6.4,9.1,350.8,26.8,151.1,43.7,21.8,123.0,62.4,181.2,408.7,2.2,4.1,1.3,1.9,83.6,179.8,205.4,1.0,252.4,157.5,,352.6,39.1,118.7,3320.7999999999993
1454,2017-09-30,140.3,2.1,20.8,81.5,4.3,82.3,4.6,14.3,56.6,86.7,6.6,8.5,329.3,22.9,139.5,42.9,21.2,115.2,62.9,177.1,367.5,2.2,5.2,1.3,1.9,83.6,181.2,205.8,0.8,255.9,144.9,,367.4,35.6,118.6,3198.4
1455,2017-10-01,138.0,2.2,22.7,70.6,4.1,81.2,5.5,15.4,58.3,84.6,7.0,8.5,332.6,22.4,135.5,53.5,19.8,113.1,58.9,176.9,385.8,1.9,5.3,1.2,1.8,80.6,167.3,196.2,0.8,247.3,148.2,,351.9,33.9,115.1,3154.7000000000003
1456,2021-05-17,189.3,1.8,23.2,121.8,4.3,88.7,5.1,11.9,65.5,79.3,18.2,4.0,284.9,26.3,145.1,52.4,29.7,169.7,58.3,185.8,372.3,2.4,5.4,1.6,2.2,100.8,151.6,221.1,0.9,287.4,147.5,,380.8,36.2,167.2,3450.3999999999996
1457,2021-05-18,193.3,2.0,23.7,107.4,4.4,88.9,4.3,10.2,62.2,74.1,14.1,6.1,179.4,26.8,142.4,49.6,28.4,176.7,61.3,177.6,414.1,2.5,5.7,1.6,2.2,111.7,154.2,174.5,1.0,303.8,151.5,,330.1,37.0,164.7,3295.6
1458,2021-05-19,196.4,2.1,26.1,105.6,3.9,88.0,5.6,14.1,64.5,60.6,17.0,9.3,209.5,27.0,103.7,48.2,27.0,179.2,61.7,159.8,428.0,2.5,5.6,1.7,2.2,124.6,151.2,130.0,1.1,298.2,155.0,,236.2,32.3,159.2,3145.0999999999995
1459,2021-05-20,184.8,1.7,24.4,77.1,3.8,83.3,6.2,14.6,63.6,55.2,19.4,10.3,276.3,26.1,102.3,45.8,24.3,180.3,62.5,173.3,446.5,2.3,5.3,1.6,2.2,122.6,156.5,158.1,1.5,288.9,149.0,,211.0,25.7,166.1,3180.0
1460,2021-05-21,170.7,1.7,27.2,86.7,3.8,86.1,6.2,15.9,62.7,58.9,19.5,9.6,301.1,26.0,104.1,42.6,25.3,177.8,62.0,188.0,463.2,2.5,5.2,1.7,2.1,115.1,137.9,183.7,1.5,266.3,154.0,,265.3,29.9,163.7,3274.6
1461,2021-05-22,160.4,1.7,30.8,110.2,3.8,86.8,6.3,15.7,64.7,58.4,19.7,10.7,311.3,27.2,108.3,51.4,27.2,172.6,61.3,197.5,466.1,2.6,5.1,1.7,2.2,112.8,155.2,176.2,1.5,262.8,151.7,,289.4,32.6,167.0,3359.6000000000004
1462,2021-05-23,161.1,1.8,33.3,117.7,3.6,86.4,5.7,16.0,66.3,60.4,17.9,10.9,305.3,24.6,110.5,48.6,29.0,168.4,61.7,200.0,463.8,2.5,5.1,1.7,2.3,109.7,137.9,181.2,1.4,253.7,149.9,,323.5,31.8,173.1,3373.4000000000005
1463,2016-09-12,151.3,2.0,29.5,63.9,5.9,70.9,6.7,17.4,62.4,102.3,12.0,8.2,325.3,26.9,178.6,33.5,21.0,196.8,62.8,178.1,450.7,1.9,4.1,1.2,2.0,73.3,221.0,206.9,1.2,292.0,146.6,,333.0,38.2,151.3,3485.4
1464,2016-09-13,146.8,2.1,28.4,71.7,5.5,73.3,7.1,17.0,62.0,105.6,12.3,8.9,329.0,27.6,180.3,36.4,21.5,193.6,61.6,180.5,436.2,2.0,4.1,1.2,1.8,74.2,222.4,198.4,1.4,300.6,137.2,,331.3,35.0,140.1,3463.9000000000005
1465,2016-09-14,140.8,1.9,28.9,71.3,5.6,71.4,7.0,17.1,63.0,104.6,11.3,9.0,333.6,27.5,179.8,33.4,20.4,177.5,56.0,173.2,404.8,1.9,5.6,1.4,1.9,75.3,211.5,209.0,1.1,297.3,129.7,,326.6,37.8,141.9,3385.8
1466,2016-09-15,135.8,1.9,29.7,72.0,5.6,77.1,7.0,17.1,62.7,106.6,11.5,8.8,317.0,28.7,179.2,35.4,21.3,169.8,58.8,168.1,355.7,1.9,5.0,1.1,1.8,75.4,210.8,205.6,1.2,298.0,126.3,,331.4,40.0,148.2,3323.2999999999997
1467,2016-09-16,138.1,1.9,29.1,70.9,5.7,79.4,7.1,16.9,62.8,105.6,11.3,9.8,318.2,27.1,179.6,37.2,21.9,171.4,60.8,163.5,347.8,2.1,5.1,1.1,1.8,75.0,215.1,204.1,1.3,292.2,130.0,,323.0,40.3,151.2,3315.2000000000003
1468,2016-09-17,138.2,1.8,28.8,65.9,5.4,73.5,6.7,16.6,57.9,103.7,8.2,7.0,317.5,24.6,176.2,36.4,21.6,171.4,62.2,152.5,336.5,1.8,4.9,1.1,1.8,76.0,211.8,210.1,1.3,284.6,130.8,,319.8,37.7,136.4,3237.4
1469,2016-09-18,141.2,1.9,27.3,68.0,5.1,76.9,6.5,16.9,57.9,99.2,10.3,7.7,293.8,24.8,170.7,35.8,21.0,169.8,58.2,151.2,330.5,1.8,4.3,1.1,1.8,77.1,210.1,203.2,1.3,280.6,134.8,,315.9,36.7,131.5,3181.4
1470,2018-04-09,177.4,2.0,25.2,79.4,3.9,84.7,7.0,18.0,62.9,79.8,5.7,11.5,342.1,23.5,102.4,34.6,22.7,224.6,76.2,178.3,476.1,2.0,4.6,1.4,1.9,72.0,105.3,182.2,1.3,329.5,167.0,,267.0,31.9,145.7,3357.7
1471,2018-04-10,179.2,2.1,24.8,76.0,4.1,86.2,7.3,17.9,65.0,82.0,5.2,11.5,351.2,29.8,117.2,42.4,20.2,229.2,79.2,182.3,490.6,2.2,4.4,1.5,1.9,71.2,117.0,185.0,1.5,339.3,176.5,,262.1,33.2,138.5,3445.7999999999997
1472,2018-04-11,182.5,2.1,22.7,74.2,3.7,88.7,7.5,18.0,65.9,80.9,5.2,11.1,347.6,24.1,106.1,37.9,21.7,228.8,77.8,174.7,469.3,2.1,4.7,1.4,2.1,77.7,100.6,176.4,1.6,339.3,179.4,,253.6,30.8,147.5,3375.5
1473,2018-04-12,183.5,2.1,22.9,75.3,3.6,84.2,7.5,18.2,69.7,78.3,5.3,11.7,351.4,25.2,102.6,42.4,20.1,229.6,76.8,168.9,484.1,2.0,4.5,1.6,2.1,74.0,107.4,171.1,1.4,342.9,180.5,,245.1,34.0,132.9,3370.8999999999996
1474,2018-04-13,181.7,2.1,20.2,79.5,3.6,85.5,7.5,17.7,71.6,80.1,5.3,11.7,353.9,25.6,111.9,43.3,23.3,230.5,74.7,180.4,488.3,2.1,4.3,1.6,2.1,77.5,108.6,179.5,1.3,339.8,185.3,,282.2,34.9,139.6,3465.4
1475,2018-04-14,182.9,2.0,19.6,78.9,3.5,75.7,7.4,17.6,73.3,77.4,5.5,11.7,351.2,25.8,112.7,43.9,23.7,226.6,74.3,184.3,494.7,2.3,4.6,1.4,2.1,77.7,106.5,188.1,1.5,322.8,186.2,,284.3,35.2,152.3,3465.7
1476,2018-04-15,182.6,2.0,20.0,82.9,3.3,77.2,6.9,17.3,72.5,78.6,5.3,11.1,339.6,23.1,104.7,41.1,24.4,204.6,67.3,180.2,473.8,2.3,4.4,1.3,2.0,78.2,109.9,180.5,1.2,308.2,173.6,,293.7,32.8,144.9,3359.1
1477,2019-04-22,177.6,1.9,23.8,93.5,4.1,99.9,7.5,18.7,66.6,91.9,6.0,13.8,381.2,25.4,128.2,44.2,23.4,235.4,79.3,206.1,495.0,2.6,5.0,1.6,2.1,79.9,122.1,205.5,1.2,324.7,161.6,,342.3,38.3,151.5,3670.8000000000006
1478,2019-04-23,178.2,2.2,25.8,89.4,4.4,100.5,5.1,16.2,66.1,99.3,5.5,13.8,359.9,26.0,138.6,43.0,24.1,230.6,68.5,212.0,494.5,2.6,5.5,1.7,2.2,90.8,129.0,216.8,1.3,323.2,164.1,,362.0,39.5,160.4,3711.8
1479,2019-04-24,186.1,2.1,27.1,98.1,4.6,102.6,6.8,18.1,67.9,106.7,5.2,13.8,379.2,24.8,141.7,33.7,25.1,233.1,77.4,216.4,500.6,2.6,5.4,1.8,2.0,92.0,108.6,221.1,1.4,337.7,171.1,,380.7,41.2,170.0,3815.599999999999
1480,2019-04-25,189.3,2.2,28.9,99.8,4.8,103.9,7.4,19.0,68.7,111.4,5.7,13.5,387.3,25.4,144.5,41.7,26.5,241.9,78.4,219.3,513.1,2.8,5.0,1.8,2.1,95.4,126.4,226.7,1.4,342.2,176.0,,387.1,40.5,181.2,3930.399999999999
1481,2019-04-26,193.3,2.3,27.0,99.6,4.8,105.5,7.6,18.4,70.3,109.7,5.2,13.5,392.9,27.5,146.7,42.6,27.4,236.5,84.3,221.0,511.8,2.7,5.3,1.9,2.1,96.5,132.7,226.5,1.2,352.2,176.9,,387.1,41.2,178.9,3962.2
1482,2019-04-27,193.3,2.3,27.0,99.6,4.5,104.0,7.6,18.2,70.3,103.2,5.4,13.5,389.6,28.1,143.3,46.3,27.4,236.5,84.3,221.0,513.3,2.7,5.3,1.9,2.1,96.5,133.3,228.3,1.2,352.2,176.9,,364.0,40.9,178.9,3932.0
1483,2019-04-28,189.0,2.1,22.0,94.2,4.1,104.1,7.2,18.3,77.2,98.7,6.7,13.5,375.4,25.7,132.9,44.2,26.5,219.1,79.3,217.3,504.1,1.9,5.3,1.8,2.2,94.6,126.3,224.7,1.0,325.7,171.1,,358.7,38.7,177.7,3799.599999999999
1484,2020-06-28,168.7,2.1,25.4,92.9,6.1,86.1,4.9,12.1,61.4,112.5,18.8,8.5,318.3,26.6,209.4,39.5,25.1,163.9,58.6,173.9,371.0,2.6,5.5,1.7,2.4,79.6,278.9,256.6,0.9,265.1,162.6,,397.9,40.1,137.4,3624.3
1485,2020-06-29,167.9,1.9,28.4,97.0,6.7,85.5,5.2,13.1,61.5,119.8,19.4,9.1,332.3,26.2,218.3,36.4,25.5,174.8,64.1,175.9,376.5,2.4,5.9,1.7,2.4,80.8,247.7,273.6,1.3,276.6,166.5,,382.4,39.8,150.4,3684.7000000000007
1486,2020-06-30,158.1,1.8,31.4,103.4,6.5,78.7,5.3,13.1,62.3,116.0,18.4,9.1,318.5,28.9,218.0,43.7,27.1,170.4,64.4,180.7,371.3,2.5,5.1,1.6,2.1,84.5,279.9,261.2,1.3,280.7,162.9,,412.1,41.0,165.7,3735.2
1487,2020-07-01,157.0,1.9,30.7,112.4,6.8,89.9,5.1,12.8,62.9,120.0,17.4,9.2,309.3,29.3,230.8,43.4,27.8,175.3,66.4,189.8,370.1,2.7,5.6,1.6,2.2,89.6,293.6,256.7,1.3,283.4,165.9,,437.3,41.8,173.0,3830.3
1488,2020-07-02,155.8,1.9,29.4,111.0,6.7,95.6,5.1,13.2,62.8,125.9,16.8,8.9,315.8,29.3,236.1,44.1,27.6,171.3,64.1,191.2,374.5,2.8,5.4,1.6,2.2,92.7,301.8,272.0,1.1,280.4,168.7,,454.9,40.9,175.8,3894.500000000001
1489,2020-07-03,153.3,2.0,31.1,107.3,7.2,97.1,5.4,13.3,62.2,128.0,17.4,8.3,323.0,29.7,240.7,44.9,26.6,161.2,62.1,191.9,372.9,2.6,5.2,1.7,2.4,94.5,301.6,273.0,1.3,270.0,170.7,,452.1,42.5,174.2,3884.6999999999994
1490,2020-07-04,151.8,2.1,31.9,98.7,6.4,87.1,5.2,13.2,62.0,118.5,17.5,8.1,312.8,26.3,232.5,38.0,27.8,157.6,61.5,193.4,365.3,2.7,5.5,1.7,2.5,88.7,271.9,267.1,1.2,256.4,161.8,,434.8,40.2,171.3,3730.8
1491,2019-10-21,152.5,2.0,26.2,84.4,3.7,74.1,7.4,18.2,62.4,78.4,6.0,10.8,351.2,26.6,125.5,41.8,22.4,146.0,63.3,171.0,357.7,2.4,5.6,1.7,2.1,83.8,113.4,203.1,0.9,253.7,143.2,,296.7,35.1,158.2,3138.4999999999995
1492,2019-10-22,146.7,2.0,26.9,82.6,3.4,76.7,7.6,17.1,62.7,75.9,6.3,10.8,347.8,27.2,132.4,42.6,23.9,146.2,65.9,169.7,383.7,2.5,5.9,1.7,2.2,85.8,119.7,202.6,1.1,257.5,146.8,,290.5,34.7,159.6,3175.9
1493,2019-10-23,144.4,2.2,26.7,80.2,3.7,75.7,7.6,18.3,61.7,74.2,6.2,11.5,337.8,27.8,137.0,42.3,23.6,147.4,65.6,164.3,387.9,2.7,5.9,1.7,2.1,79.8,124.5,200.6,1.1,262.0,146.2,,286.8,34.8,149.6,3151.2000000000003
1494,2019-10-24,146.6,2.0,24.6,74.1,3.7,72.8,7.5,18.6,58.6,75.9,6.0,10.5,327.4,27.4,137.9,43.5,20.0,147.2,65.1,164.9,383.7,2.5,6.1,1.7,2.1,70.8,125.7,202.3,1.2,259.4,145.2,,286.7,35.9,124.8,3089.5
1495,2019-10-25,151.4,2.1,22.3,70.3,3.7,73.9,7.3,18.2,57.3,76.0,5.8,10.5,312.7,27.6,134.7,43.2,19.9,141.8,64.9,171.3,363.2,2.5,5.7,1.7,2.1,70.5,122.0,204.3,1.2,266.0,149.4,,302.9,36.0,110.6,3060.7
1496,2019-10-26,149.8,2.1,20.3,71.1,3.4,73.5,6.6,17.2,59.7,69.1,6.8,10.5,279.0,25.2,124.8,42.6,22.9,140.1,62.4,170.3,347.4,2.5,5.5,1.8,2.1,73.9,117.0,197.0,1.0,241.5,149.4,,287.8,32.7,116.3,2940.3
1497,2019-10-27,146.1,2.2,22.7,77.9,2.9,68.5,4.0,12.0,58.8,60.8,6.8,8.9,233.3,17.0,104.3,43.1,24.5,132.6,57.2,162.8,313.9,2.5,5.6,1.7,2.4,76.1,90.7,185.3,0.8,195.7,141.9,,290.0,26.1,113.9,2698.3
1498,2020-04-19,168.7,1.4,15.8,80.8,2.5,76.5,2.3,2.7,30.5,57.8,0.8,7.8,261.3,12.1,86.6,46.6,24.4,196.4,69.6,179.6,380.5,2.5,4.0,1.4,2.0,69.7,77.9,171.8,1.0,253.7,143.8,,280.3,21.6,118.8,2858.6
1499,2020-04-20,170.6,1.4,15.5,70.2,2.6,77.9,2.5,2.9,30.7,59.9,0.9,8.2,265.8,13.9,86.1,45.5,22.6,207.4,71.7,182.2,388.6,2.3,3.7,1.5,2.1,78.2,75.3,154.1,1.3,255.6,145.1,,268.3,22.1,118.4,2860.8
1500,2020-04-21,169.3,1.1,14.8,64.0,2.4,70.6,2.7,3.0,27.7,56.8,1.2,8.2,268.0,13.9,84.4,40.4,18.8,207.2,71.3,185.8,399.1,2.1,3.8,1.4,1.4,64.7,68.5,163.0,1.3,255.0,142.9,,260.2,22.6,82.4,2785.6
1501,2020-04-22,170.1,1.4,14.3,72.8,2.6,75.1,2.7,3.2,29.2,58.6,1.1,8.6,275.8,14.4,89.7,45.9,20.6,207.9,70.7,189.3,405.7,2.3,4.0,1.4,2.0,63.6,81.2,171.0,1.4,260.5,142.4,,283.0,23.1,95.1,2896.5
1502,2020-04-23,170.5,1.3,16.8,75.3,2.7,75.2,2.8,3.3,28.9,59.9,1.2,8.9,278.9,14.2,92.4,43.9,19.0,205.5,70.6,186.2,410.2,2.1,4.1,1.4,1.8,67.3,83.7,167.2,1.5,261.7,144.9,,284.4,23.3,99.8,2916.600000000001
1503,2020-04-24,169.4,1.4,16.5,71.8,2.8,74.5,2.9,3.4,31.8,59.5,1.5,9.2,280.6,14.1,94.2,44.6,21.1,193.5,69.9,187.9,412.7,2.2,4.1,1.4,1.8,56.5,91.0,170.6,1.5,260.8,146.0,,293.6,22.8,93.3,2914.7000000000003
1504,2020-04-25,159.1,1.3,17.0,73.6,2.8,72.5,2.9,3.8,30.3,62.2,1.5,9.5,275.4,14.6,96.6,42.4,22.3,198.2,70.3,183.3,404.4,2.1,4.3,1.4,1.8,55.0,91.6,168.0,1.4,259.0,140.9,,296.3,23.9,97.8,2893.1000000000004
1505,2020-02-24,195.0,2.3,20.7,64.5,3.4,75.8,7.3,18.7,64.3,63.9,9.8,10.5,356.3,27.5,120.5,48.4,22.2,242.7,77.6,252.2,495.9,2.6,5.5,1.9,2.1,70.3,121.8,242.6,1.4,311.6,255.1,,259.9,34.9,116.3,3613.0
1506,2020-02-25,197.6,2.0,22.7,61.2,3.4,72.2,7.4,18.7,63.1,63.6,5.6,10.9,354.7,28.9,124.7,46.6,21.0,250.1,79.3,249.8,494.2,2.5,6.0,1.9,2.2,71.7,124.8,244.8,1.6,323.8,255.2,,250.0,35.3,113.5,3618.9
1507,2020-02-26,201.2,2.2,19.2,63.8,3.5,77.2,7.3,18.9,62.9,63.8,5.6,10.8,347.2,29.2,124.8,48.3,22.1,249.6,79.7,250.4,491.4,2.5,5.9,1.7,2.3,70.0,124.9,245.1,1.7,325.6,253.3,,257.7,35.6,115.4,3628.8
1508,2020-02-27,199.0,2.1,21.0,69.0,3.5,79.2,7.2,19.1,64.4,62.5,3.9,10.9,344.5,29.1,123.0,48.8,22.3,252.0,80.6,250.6,493.4,2.6,5.7,1.6,2.2,67.5,121.8,245.7,1.5,328.3,249.7,,250.6,36.0,119.7,3626.9
1509,2020-02-28,200.7,2.1,22.7,69.8,3.5,81.9,7.4,18.5,63.7,63.8,4.0,11.1,362.0,28.8,123.0,49.0,23.8,253.3,80.5,252.9,492.9,2.6,5.8,1.7,2.2,69.5,113.0,246.2,1.6,329.1,254.0,,274.9,36.0,119.9,3679.7
1510,2020-02-29,200.8,2.1,23.1,68.2,3.5,83.7,7.4,19.4,63.6,60.3,6.8,11.6,361.6,27.9,108.0,42.7,24.1,248.0,79.2,248.3,484.8,2.7,5.9,1.6,2.2,69.2,96.9,236.0,1.6,326.4,255.9,,247.3,34.9,120.5,3584.0000000000005
1511,2020-03-01,194.0,2.1,21.1,70.8,3.4,85.1,7.0,17.0,62.9,57.9,5.8,11.6,346.4,25.0,94.5,46.3,23.9,224.3,71.9,222.4,456.8,2.6,5.5,1.7,2.1,67.4,97.8,230.1,1.3,302.8,247.7,,215.8,31.3,111.1,3374.5000000000005
1512,2018-12-03,168.3,2.1,23.6,69.7,3.2,75.4,6.6,16.2,60.7,61.6,10.9,9.6,324.3,27.0,123.5,42.8,25.0,209.3,70.7,258.4,430.1,2.7,6.4,1.5,2.2,75.7,123.0,229.4,1.5,273.8,167.9,,253.5,34.7,105.2,3302.8
1513,2018-12-04,166.0,2.1,24.2,68.2,3.2,76.6,7.0,16.8,62.6,62.8,10.0,9.6,327.4,27.4,128.2,48.2,23.7,207.2,72.0,257.8,439.9,2.7,6.3,1.6,2.2,71.2,127.7,230.6,1.5,271.1,169.0,,257.3,36.0,112.8,3337.5000000000005
1514,2018-12-05,164.4,2.1,21.0,71.6,3.3,76.2,6.9,17.0,62.0,63.8,10.3,10.7,324.2,28.0,129.7,47.8,24.0,204.2,72.5,259.9,444.3,2.5,5.9,1.6,2.0,77.8,132.5,234.3,1.6,270.2,172.2,,257.4,36.7,108.8,3354.1
1515,2018-12-06,169.9,2.2,24.2,68.6,3.3,76.8,7.1,17.0,60.0,64.4,10.5,10.5,328.5,28.1,129.8,50.8,24.8,207.5,71.7,259.7,446.3,2.6,6.1,1.9,2.1,72.8,134.7,234.5,1.5,274.3,171.4,,258.3,37.0,107.0,3372.6000000000004
1516,2018-12-07,171.6,1.9,22.1,72.7,3.3,77.6,7.1,17.1,61.2,63.5,8.7,11.0,330.5,28.0,130.7,50.0,24.9,209.6,73.2,258.4,440.9,2.1,6.5,1.4,2.0,69.9,133.3,217.2,1.5,284.1,150.9,,260.9,37.5,112.8,3350.9
1517,2018-12-08,173.6,2.2,23.4,72.3,3.2,76.9,7.1,17.1,63.4,61.9,11.1,10.8,328.5,28.2,129.1,47.8,21.5,205.2,71.7,257.8,439.6,2.8,6.5,1.7,2.4,70.0,136.2,228.9,1.5,287.5,160.8,,258.6,36.9,111.0,3364.0
1518,2018-12-09,169.0,2.2,22.4,73.6,3.0,77.2,6.5,17.0,62.5,59.3,11.1,10.6,313.4,26.2,120.0,46.1,20.9,193.9,65.7,255.2,420.5,2.8,6.5,1.6,2.1,69.5,132.1,229.9,1.2,262.4,164.0,,255.3,33.7,105.1,3248.5999999999995
1519,2022-10-03,183.2,2.3,33.9,125.5,5.0,102.9,,,68.8,100.9,14.4,12.0,413.4,32.0,171.3,51.1,31.9,163.6,74.7,239.2,490.3,2.5,5.7,1.6,2.6,137.4,187.9,279.4,1.1,309.4,213.0,,429.0,41.8,147.5,4110.8
1520,2022-10-04,186.3,2.2,33.3,98.1,5.1,102.0,,,66.8,104.8,13.9,12.2,416.8,33.1,179.8,52.1,30.2,160.2,73.7,231.2,502.1,2.5,5.7,1.6,2.6,132.2,212.9,283.6,1.0,292.1,214.6,,417.5,43.3,138.9,4087.8
1521,2022-10-05,177.1,2.3,28.9,100.1,4.6,98.3,,,64.5,96.2,14.0,11.4,393.5,29.5,165.2,52.1,27.6,154.4,75.0,216.5,456.7,2.5,5.7,1.8,2.6,131.2,237.6,277.0,0.9,303.4,199.1,,356.0,38.0,138.3,3892.9
1522,2022-10-06,166.4,1.8,34.4,111.6,4.9,99.8,,,66.9,97.2,13.4,12.0,418.4,32.4,171.1,50.6,30.6,163.1,76.6,206.4,473.5,2.6,6.1,1.5,2.5,135.8,241.9,278.2,1.2,316.6,159.3,,322.6,38.5,149.6,3921.8
1523,2022-10-07,170.3,2.2,37.4,115.4,4.8,99.1,,,69.9,91.5,13.2,11.9,410.0,34.5,164.3,52.5,31.6,171.0,75.7,187.8,451.1,2.7,6.2,1.6,2.4,133.3,231.3,270.1,1.3,329.3,161.8,,309.7,39.2,161.2,3881.2
1524,2022-10-08,171.6,2.1,34.7,118.0,4.5,99.4,,,71.2,78.7,13.5,11.7,402.4,34.5,140.3,51.0,32.4,175.1,74.6,191.2,449.7,2.6,6.0,1.5,2.5,131.8,205.3,243.0,1.3,322.3,168.1,,300.9,37.2,173.3,3789.7
1525,2022-10-09,168.8,2.1,31.8,122.3,4.0,101.5,,,71.5,68.4,14.1,11.5,383.7,32.0,117.9,52.5,32.8,170.5,69.3,197.2,447.4,2.6,5.7,1.5,2.5,131.7,190.0,232.8,1.2,281.7,170.8,,283.3,33.0,168.7,3640.2
1526,2016-10-31,168.2,1.9,24.7,69.9,2.7,63.6,2.9,11.1,61.0,57.5,7.3,8.4,195.0,16.2,92.9,35.9,21.7,192.6,62.8,187.7,374.5,2.0,5.1,1.3,1.8,70.9,84.0,177.7,1.0,244.4,147.8,,290.6,26.5,132.6,2850.7
1527,2016-11-01,155.1,2.0,25.9,66.4,3.1,66.7,3.8,13.5,61.8,60.9,6.7,9.2,202.9,22.5,99.1,35.9,22.0,181.8,64.2,192.7,380.6,1.9,4.9,1.4,1.9,78.2,96.5,187.1,1.2,265.7,150.4,,265.3,28.2,132.8,2898.9
1528,2016-11-02,160.6,1.9,25.5,68.5,3.3,67.7,5.5,15.6,60.2,64.7,8.0,9.6,220.9,21.5,106.4,36.5,23.9,193.1,64.7,199.0,402.5,1.9,5.1,1.3,1.7,71.4,102.6,196.3,0.9,267.6,152.2,,266.2,30.8,126.6,2990.9
1529,2016-11-03,160.3,2.0,24.6,67.5,3.4,69.7,6.1,16.6,61.1,62.7,8.1,9.5,232.1,24.0,110.1,35.8,23.7,199.1,65.3,203.5,417.8,1.9,4.9,1.3,1.8,69.2,100.3,197.4,1.1,267.1,152.6,,270.7,32.5,127.6,3038.2
1530,2016-11-04,162.1,2.0,25.3,69.2,3.3,70.9,6.5,16.9,60.7,63.9,6.6,9.3,239.6,26.7,111.1,36.5,23.6,198.6,65.1,207.0,424.8,1.9,4.6,1.2,1.7,68.8,100.9,200.4,1.4,277.2,154.3,,275.1,33.8,127.0,3085.0
1531,2016-11-05,163.6,2.0,25.4,68.6,3.3,68.8,6.7,16.9,61.1,61.9,6.5,8.9,247.3,26.6,109.8,36.5,24.3,205.8,65.3,208.9,427.7,2.0,5.0,1.2,1.6,67.6,103.0,204.7,1.5,271.4,152.4,,276.8,33.6,115.9,3089.6000000000004
1532,2016-11-06,162.1,2.0,21.4,65.8,2.9,70.2,6.4,16.7,59.6,58.3,6.4,7.5,246.8,23.5,100.4,36.4,21.1,198.0,58.4,210.4,420.6,1.7,4.5,1.1,1.3,68.3,95.2,206.1,1.0,268.9,146.4,,271.7,31.2,107.8,3006.5
1533,2016-11-07,149.8,2.0,22.9,62.2,3.3,68.3,6.5,17.1,59.5,60.4,6.8,8.3,262.0,24.4,105.4,36.5,20.5,204.7,62.8,210.1,426.6,1.8,4.9,1.3,1.4,65.6,98.0,205.3,1.1,286.0,146.0,,266.4,32.9,105.8,3043.2000000000007
1534,2016-11-08,163.0,2.0,23.2,61.9,3.3,68.2,6.8,17.1,56.8,61.1,7.4,8.6,266.7,25.0,109.2,36.5,20.2,205.4,64.0,213.0,435.2,2.0,4.7,1.3,1.5,69.6,98.9,207.9,1.6,294.6,147.6,,268.7,34.1,106.6,3100.5
1535,2016-11-09,158.5,2.0,24.1,64.2,3.3,66.6,6.8,14.7,62.5,59.8,6.6,8.4,266.4,24.6,109.7,36.7,20.0,206.1,63.6,215.3,434.7,2.0,4.6,1.3,1.8,64.6,98.9,206.7,1.2,292.4,147.1,,265.0,34.0,105.8,3086.6
1536,2016-11-10,159.3,1.9,24.5,63.6,3.3,66.4,6.6,16.3,58.0,59.3,8.6,8.6,272.0,24.1,108.7,36.7,21.2,206.0,64.3,215.4,430.6,1.9,4.2,1.3,1.7,66.6,96.4,206.1,1.2,292.8,144.7,,266.3,33.7,107.5,3086.3999999999996
1537,2016-11-11,157.2,1.7,25.3,63.2,3.3,66.6,6.7,16.5,59.0,56.9,9.2,9.3,274.2,24.4,110.7,36.7,24.8,206.1,64.9,215.7,421.1,1.8,4.2,1.3,1.5,70.9,97.1,208.5,1.5,296.9,142.7,,270.8,33.2,110.2,3100.7
1538,2016-11-12,158.7,2.1,23.7,63.8,3.2,65.2,6.5,16.4,61.9,54.4,9.2,8.4,271.5,24.5,107.6,41.9,22.8,199.5,65.2,216.0,416.3,2.2,4.2,1.3,1.9,67.2,91.9,200.9,1.5,296.6,138.6,,260.3,32.0,106.6,3050.6
1539,2016-11-13,154.9,1.8,23.1,62.8,2.9,61.2,6.0,16.4,57.1,51.7,8.8,7.7,262.1,22.3,100.3,41.9,21.5,194.5,60.4,213.9,407.2,2.0,4.1,1.3,1.7,67.9,84.9,203.2,1.3,271.6,134.0,,253.9,30.3,102.4,2943.1000000000004
1540,2018-10-15,194.3,2.3,25.3,81.4,3.4,101.1,7.2,17.4,58.7,75.1,7.3,11.1,383.8,26.6,140.3,38.8,24.5,203.5,69.5,245.2,515.2,2.4,5.3,1.7,2.3,107.0,143.4,217.4,1.1,294.1,219.5,,294.9,35.0,142.5,3705.9
1541,2018-10-16,191.2,2.2,25.7,81.3,3.4,100.9,7.2,17.6,62.5,79.6,6.6,11.1,384.0,27.2,145.9,38.6,24.3,194.3,67.2,249.1,516.3,2.2,5.0,1.8,2.4,96.5,137.2,220.6,1.2,299.0,218.8,,295.3,35.9,136.1,3695.5
1542,2018-10-17,183.2,2.3,24.0,82.2,3.4,100.7,7.1,17.6,63.1,80.9,6.8,11.1,370.5,27.4,146.0,38.9,24.6,169.2,67.6,253.3,511.7,2.3,5.0,1.9,2.5,99.9,140.6,221.4,1.1,286.8,207.6,,317.8,36.0,125.6,3647.3
1543,2018-10-18,172.6,2.2,22.5,82.2,3.4,101.5,6.1,15.8,61.4,80.4,8.0,9.7,358.3,27.0,146.3,40.2,24.5,151.5,63.1,252.1,463.4,2.2,4.9,1.8,2.6,99.8,137.2,219.6,1.0,254.1,192.0,,333.4,35.6,116.1,3498.6
1544,2018-10-19,170.2,2.1,19.2,78.3,3.0,98.6,5.7,15.4,56.0,69.6,7.8,10.4,365.7,22.8,132.2,39.3,21.8,149.6,66.5,248.5,484.0,2.2,4.9,1.8,2.1,99.9,123.7,211.9,0.8,268.9,197.6,,314.3,31.9,127.0,3460.5000000000005
1545,2018-10-20,175.1,2.0,22.3,77.5,3.2,97.8,6.9,17.0,61.3,71.4,8.4,10.6,374.7,25.3,134.1,40.1,22.8,157.8,67.2,251.5,506.3,2.6,5.2,1.8,2.3,107.1,127.9,215.9,0.9,273.1,219.1,,304.9,34.0,128.9,3563.7000000000003
1546,2018-10-21,181.1,2.1,24.6,80.8,2.9,99.0,7.5,17.4,60.2,66.4,7.9,9.3,363.1,24.7,130.1,38.0,24.2,164.5,62.3,251.6,498.2,2.3,5.2,1.8,2.2,104.2,128.4,215.4,0.9,262.4,217.4,,299.7,33.7,134.2,3529.899999999999
1547,2019-08-26,175.5,2.3,36.8,109.4,5.4,88.7,7.3,18.8,58.3,111.7,5.8,10.2,319.9,28.7,186.0,35.2,23.9,172.7,62.9,166.9,423.5,2.6,5.5,1.7,2.3,87.6,245.8,229.7,0.8,284.8,218.1,,362.8,39.8,163.7,3702.8
1548,2019-08-27,184.6,2.3,37.0,111.8,6.1,87.7,7.6,18.8,62.6,121.6,5.4,10.2,313.0,29.4,204.4,40.8,24.8,182.3,63.4,169.2,429.0,2.6,5.2,1.7,2.3,88.5,256.7,232.4,0.9,302.4,225.4,,405.5,43.6,167.1,3854.5
1549,2019-08-28,187.2,2.2,33.8,115.4,6.5,93.2,7.7,18.8,63.8,128.0,5.3,11.1,302.4,30.0,217.0,41.6,25.3,186.2,61.7,175.4,439.3,2.4,5.7,1.6,2.4,84.8,265.3,221.0,0.9,312.0,235.2,,429.1,45.7,170.3,3936.7
1550,2019-08-29,194.8,2.2,37.2,117.8,6.0,96.3,7.7,19.1,64.8,132.7,5.2,11.3,305.7,30.7,214.8,42.1,24.9,191.8,65.6,182.6,449.4,2.5,5.6,1.8,2.4,89.2,266.5,217.3,1.0,310.8,241.7,,430.6,44.2,173.5,3998.4
1551,2019-08-30,190.4,2.3,36.4,117.6,6.1,96.4,7.7,19.0,64.8,132.6,5.0,11.4,316.9,29.8,214.0,39.7,27.8,192.7,65.6,185.6,431.4,2.7,5.3,1.8,2.2,94.8,257.9,212.7,1.0,307.0,239.4,,431.3,44.3,178.5,3980.6
1552,2019-08-31,182.7,2.4,34.9,117.6,6.2,97.0,7.8,18.4,63.8,129.7,5.0,11.4,323.9,31.5,218.3,41.7,27.0,184.8,66.1,186.8,402.8,2.5,5.4,1.8,2.1,95.7,260.3,214.6,0.9,303.6,205.2,,439.7,43.4,177.2,3920.6
1553,2019-09-01,167.9,2.1,35.2,117.9,5.3,95.7,6.9,17.9,63.7,113.9,6.6,9.7,300.1,27.7,194.6,37.9,25.9,172.1,60.2,184.0,374.7,2.4,5.2,1.7,2.1,96.9,233.4,203.9,0.6,278.7,170.6,,409.2,34.9,165.2,3632.2
1554,2019-07-15,172.3,2.4,24.5,89.3,4.4,104.7,7.4,18.7,67.7,118.5,5.8,11.3,362.2,28.3,175.3,39.9,26.4,194.8,70.0,202.0,432.0,2.5,5.1,1.7,2.1,107.6,166.0,256.5,0.7,303.6,174.7,,353.6,37.8,181.7,3759.1
1555,2019-07-16,178.1,2.4,27.3,95.7,4.3,105.6,7.7,18.9,66.4,108.0,6.2,11.4,368.8,28.3,157.5,41.3,26.5,201.1,70.0,209.7,444.6,2.4,5.3,1.7,2.3,103.0,133.7,264.3,0.5,312.7,182.5,,331.6,36.5,180.8,3745.3
1556,2019-07-17,181.9,2.4,28.4,97.7,4.7,105.8,7.7,18.8,65.9,91.6,5.3,11.4,372.6,29.1,147.1,43.0,25.6,202.6,69.2,216.6,457.9,2.5,5.7,1.8,2.3,91.6,147.9,261.6,1.0,324.5,185.7,,363.8,39.1,183.8,3805.000000000001
1557,2019-07-18,179.2,2.0,32.0,104.5,5.0,102.1,7.7,18.9,67.9,100.6,5.2,11.4,379.3,29.3,148.6,42.7,25.8,199.3,66.6,218.7,460.0,2.5,5.3,1.7,2.1,101.1,177.2,245.1,1.2,318.3,183.3,,390.3,41.2,194.7,3879.099999999999
1558,2019-07-19,169.0,2.1,33.6,106.1,5.3,98.7,7.8,18.8,67.1,108.6,5.6,11.4,390.7,29.5,171.8,41.5,26.1,195.4,61.3,218.6,449.2,2.6,5.6,1.6,2.5,96.0,192.9,240.0,1.5,308.9,182.0,,407.1,42.4,188.9,3898.0
1559,2019-07-20,165.5,2.2,33.0,105.8,5.5,101.8,7.7,18.9,67.6,111.1,5.4,11.4,387.4,30.3,177.1,43.1,26.9,186.6,60.5,213.6,430.9,2.5,5.7,1.5,2.3,95.5,206.0,244.3,1.2,291.4,165.9,,415.0,44.6,190.0,3866.1
1560,2019-07-21,164.9,2.2,30.4,109.9,5.2,108.5,7.2,19.1,64.5,105.6,5.5,11.4,339.6,28.0,171.5,40.5,27.4,168.0,56.0,209.9,405.6,2.5,5.6,1.8,2.3,95.3,211.6,240.5,1.0,282.4,170.3,,418.2,41.2,182.7,3742.7999999999993
1561,2018-03-12,180.7,2.1,22.3,73.4,3.2,83.5,7.3,17.7,66.5,65.5,6.6,9.1,318.3,24.9,135.1,42.4,23.3,232.3,76.0,186.6,457.2,2.3,5.3,1.6,2.0,78.0,131.7,196.5,1.1,310.7,214.3,,296.0,34.2,143.3,3458.3
1562,2018-03-13,182.8,2.2,22.0,72.8,3.2,84.1,7.5,17.8,66.4,67.2,10.1,9.1,319.5,25.1,137.1,43.4,23.8,234.4,75.9,187.2,465.5,2.1,5.3,1.6,2.1,78.1,136.2,199.9,1.4,314.4,216.7,,288.4,35.1,152.8,3498.7000000000003
1563,2018-03-14,183.9,2.2,22.9,75.8,3.3,85.8,7.4,17.8,65.8,68.9,10.1,10.9,316.9,25.8,133.1,42.7,24.5,231.8,72.8,186.7,462.8,2.2,5.2,1.6,2.0,86.4,137.1,195.5,1.5,314.8,220.4,,287.1,35.6,148.3,3497.2
1564,2018-03-15,184.6,2.0,22.6,76.2,3.2,86.3,7.5,17.8,64.7,69.7,10.1,10.9,322.4,26.3,131.2,40.9,24.5,214.1,72.5,180.5,459.9,2.2,5.1,1.6,2.0,89.0,132.4,195.1,1.5,320.0,220.6,,293.9,34.5,151.9,3485.4
1565,2018-03-16,181.4,2.2,20.7,73.2,3.2,81.5,7.4,17.4,66.9,69.9,10.5,9.2,326.2,26.6,134.8,42.2,25.0,196.9,73.9,181.5,435.4,2.3,5.2,1.6,2.1,78.1,130.7,193.7,1.7,324.1,208.7,,298.2,34.6,150.4,3425.2
1566,2018-03-17,159.5,2.1,21.1,75.3,3.0,81.3,7.5,17.6,68.2,65.3,14.0,9.0,326.1,27.4,133.5,41.7,23.2,188.7,74.7,181.2,440.0,2.3,5.2,1.3,1.9,75.3,128.1,186.5,1.5,293.2,174.2,,298.2,34.3,143.5,3312.7
1567,2018-03-18,151.1,2.1,18.4,76.7,2.7,83.5,7.0,17.4,67.1,61.9,14.3,9.6,313.7,24.3,120.5,43.5,23.3,185.2,64.4,176.5,435.5,2.1,5.3,1.3,2.1,77.8,123.2,176.0,1.3,276.6,198.2,,293.3,32.8,136.2,3231.5000000000005
1568,2018-01-01,153.6,2.0,21.3,74.4,3.5,71.7,5.6,15.9,67.1,63.7,8.7,9.2,283.1,26.5,109.4,46.7,23.8,197.1,64.0,223.0,386.5,2.6,5.9,1.7,2.4,68.6,105.4,202.8,1.3,277.3,184.8,,281.9,34.5,87.3,3119.2000000000003
1569,2018-01-02,164.1,2.3,22.7,70.4,3.6,73.0,6.6,16.6,63.3,65.7,7.9,9.2,291.9,26.6,116.9,46.0,24.7,205.0,65.8,222.6,414.2,2.6,6.1,1.7,2.5,65.8,98.4,206.1,1.9,296.6,185.5,,289.0,35.9,87.9,3205.7000000000003
1570,2018-01-03,179.9,2.1,22.1,67.5,3.7,71.7,7.2,17.3,68.3,68.0,8.4,9.3,293.3,27.9,122.3,46.5,27.7,208.5,65.9,220.9,440.4,2.7,6.3,1.9,2.2,68.0,109.4,207.5,1.9,301.5,184.4,,295.4,36.1,92.1,3294.9
1571,2018-01-04,164.1,2.2,22.7,70.7,3.8,71.0,7.2,17.4,67.7,67.5,9.0,9.2,297.1,27.7,122.6,46.6,24.1,209.0,66.1,223.9,409.9,2.8,6.3,1.8,2.3,67.4,107.6,214.6,1.9,301.4,182.4,,289.8,37.8,96.6,3258.3000000000006
1572,2018-01-05,163.3,2.2,21.4,69.0,3.8,72.0,7.1,17.4,68.8,72.0,9.4,9.3,301.4,28.0,125.1,46.5,21.3,210.1,66.0,225.7,406.8,2.8,6.4,1.8,2.2,67.5,108.0,212.4,2.0,301.4,183.1,,292.6,38.0,98.5,3269.6
1573,2018-01-06,163.9,2.2,22.4,72.0,3.7,71.2,7.2,17.4,69.2,66.7,8.7,9.0,297.0,28.0,123.4,46.2,23.5,206.9,65.4,225.9,407.2,2.8,6.3,1.7,2.3,66.3,104.0,211.7,1.5,290.0,179.6,,301.5,38.4,94.8,3244.4000000000005
1574,2018-01-07,162.1,2.3,22.0,72.3,3.3,71.9,5.8,17.1,69.8,64.6,9.3,8.4,285.8,25.4,108.8,45.6,22.9,194.8,59.7,224.1,394.5,2.8,5.4,1.7,2.1,62.6,100.3,209.8,1.3,273.9,176.9,,299.0,36.0,90.9,3138.9
1575,2021-05-31,204.2,1.8,28.6,108.4,4.9,89.7,6.3,16.3,64.5,90.0,13.1,12.4,349.4,26.8,144.4,46.9,25.2,205.9,68.1,207.9,471.1,2.5,4.7,1.7,2.3,111.4,159.8,242.7,1.3,285.4,160.4,,402.6,36.9,142.8,3748.1
1576,2021-06-01,199.7,1.9,31.0,85.6,4.3,87.7,6.6,16.6,63.1,75.3,13.6,12.6,351.8,26.4,104.6,46.5,27.2,210.7,68.1,209.3,465.9,2.6,5.5,1.7,2.4,101.2,131.0,219.3,1.3,293.5,158.4,,312.4,32.0,153.1,3530.7
1577,2021-06-02,194.1,2.1,31.1,93.0,4.6,83.0,6.7,16.9,63.5,81.8,13.7,12.6,354.5,28.7,135.1,49.1,24.5,207.7,70.6,206.1,453.5,2.5,5.7,1.6,2.5,92.0,151.1,210.3,1.3,304.2,153.6,,371.6,37.1,150.5,3624.8
1578,2021-06-03,172.6,2.1,32.0,116.6,4.6,82.8,5.5,17.2,67.1,88.3,14.6,12.7,351.6,27.9,140.0,46.3,27.3,174.5,71.2,203.9,448.2,2.6,5.7,1.6,2.4,96.8,144.3,204.8,1.3,299.9,140.3,,399.8,38.3,171.7,3624.3
1579,2021-06-04,174.9,1.7,31.8,120.9,4.4,82.7,6.8,16.1,66.1,91.3,15.6,12.3,357.7,28.8,145.8,48.0,29.8,160.3,68.4,207.1,444.7,2.6,5.2,1.6,2.4,101.9,144.4,230.8,1.3,288.9,146.7,,405.5,39.5,178.2,3672.2
1580,2021-06-05,175.6,1.8,26.0,119.9,4.0,87.1,6.9,17.2,67.8,82.1,17.0,11.7,344.8,28.5,141.4,49.6,29.0,151.5,63.2,202.5,431.5,2.6,5.4,1.5,2.4,101.6,156.0,218.1,1.3,273.7,146.7,,404.5,40.1,170.1,3590.7
1581,2021-06-06,181.3,2.1,24.6,121.0,5.2,91.1,6.6,18.5,67.1,104.2,16.6,11.9,350.0,29.4,168.1,49.9,29.2,160.5,68.7,208.4,438.3,2.7,5.2,1.6,2.4,101.0,176.0,243.8,1.3,288.9,155.7,,442.2,42.1,155.6,3778.9
1582,2021-11-01,167.1,2.1,26.6,76.9,3.1,81.3,7.4,19.2,65.3,65.4,17.5,13.8,355.9,31.5,119.5,49.9,25.4,164.5,71.3,221.0,496.8,2.5,6.6,1.5,2.3,113.0,114.8,230.1,1.6,270.7,167.9,,259.5,34.3,126.7,3420.3999999999996
1583,2021-11-02,163.6,2.3,28.2,76.0,3.1,81.6,7.5,19.3,65.3,65.3,17.1,13.9,347.7,31.4,121.3,47.3,25.7,174.7,71.5,229.5,507.0,2.6,6.6,1.6,2.3,110.5,115.8,231.9,1.5,266.9,167.2,,274.5,35.0,131.1,3454.0999999999995
1584,2021-11-03,160.9,2.3,27.8,78.2,3.1,81.3,7.0,18.8,66.9,63.0,19.1,13.8,321.3,30.4,115.5,46.7,26.7,178.5,71.9,231.8,492.2,2.6,6.6,1.6,2.5,113.2,117.6,229.8,1.5,243.9,164.1,,276.5,32.3,132.4,3389.0000000000005
1585,2021-11-04,150.1,2.3,26.0,80.6,2.6,75.3,4.0,13.6,66.7,55.7,18.1,10.6,266.5,23.5,91.2,48.3,28.8,173.4,67.5,229.1,440.5,2.7,5.9,1.7,2.5,117.0,92.6,212.1,1.1,185.2,151.3,,267.0,26.7,121.6,3066.8999999999996
1586,2021-11-05,155.7,2.3,24.8,79.1,2.5,69.5,3.4,12.9,65.2,51.8,18.1,10.8,235.0,21.2,84.5,51.9,27.6,160.1,71.2,218.7,426.8,2.6,6.1,1.7,2.3,115.3,79.2,198.9,1.1,195.9,156.6,,241.2,25.2,117.7,2942.999999999999
1587,2021-11-06,162.7,2.3,25.1,78.7,2.8,72.3,4.6,15.7,65.0,52.0,17.6,11.6,254.1,25.5,95.8,51.1,26.4,165.6,73.3,224.9,433.0,2.5,6.3,1.7,2.4,106.8,101.6,211.6,1.1,222.5,161.4,,241.5,27.3,112.9,3066.8
1588,2021-11-07,160.0,2.2,24.4,75.4,2.6,73.0,5.9,17.4,64.4,54.8,18.5,11.6,269.0,27.4,99.5,47.1,26.3,160.1,67.7,231.6,443.1,2.5,6.2,1.7,2.2,102.2,105.2,223.5,1.2,219.7,155.3,,242.4,29.1,107.7,3087.5999999999995
1589,2020-07-19,147.8,1.9,28.4,99.9,5.7,99.1,4.8,13.7,63.9,101.8,17.6,7.4,281.3,26.9,186.7,39.7,26.5,140.3,57.0,223.8,367.5,2.5,5.2,1.6,2.4,96.7,239.2,260.4,1.0,246.3,193.2,,417.7,38.8,159.0,3612.7
1590,2020-07-20,151.2,1.9,26.8,91.0,6.1,96.8,5.1,14.1,64.0,99.7,17.4,8.1,290.2,28.0,172.5,41.0,27.0,144.6,62.5,211.0,382.3,2.6,5.0,1.7,2.5,96.4,197.8,248.6,1.2,264.1,186.1,,402.0,40.1,156.6,3553.2
1591,2020-07-21,153.0,1.7,28.4,96.7,5.1,98.3,5.4,14.4,63.3,88.6,17.6,8.9,307.4,27.4,132.7,36.8,25.5,146.2,64.1,208.4,386.1,2.7,5.2,1.7,2.4,96.0,160.9,244.6,1.1,277.6,187.6,,356.7,36.8,152.8,3449.9000000000005
1592,2020-07-22,159.6,1.7,30.4,103.0,4.8,93.4,5.4,13.8,63.2,84.8,17.5,8.7,313.5,27.4,134.2,43.7,24.7,158.7,66.7,217.9,389.2,2.8,5.3,1.7,2.3,91.9,188.3,228.7,1.0,291.8,200.7,,362.2,37.8,148.7,3532.9999999999995
1593,2020-07-23,154.4,1.3,31.6,98.8,5.2,88.2,5.4,14.4,63.4,88.2,17.5,9.1,321.1,28.5,155.3,44.0,24.9,162.1,66.8,217.3,381.7,2.5,5.4,1.6,2.2,86.6,214.8,244.1,1.0,296.8,173.0,,400.1,39.0,136.5,3590.7000000000003
1594,2020-07-24,150.9,1.2,31.5,102.3,5.7,89.9,5.5,14.4,62.4,96.4,18.0,9.0,327.0,29.7,175.3,44.1,25.7,158.3,64.3,217.8,363.7,2.5,5.5,1.6,2.2,89.7,230.7,228.0,1.0,289.2,180.1,,421.0,39.3,147.1,3638.7
1595,2020-07-25,151.5,1.4,32.3,109.9,5.6,92.0,4.2,14.3,63.9,96.3,17.3,8.7,305.4,29.0,184.1,42.4,26.7,149.3,63.2,218.7,362.2,2.7,5.4,1.5,2.3,84.4,250.2,224.4,1.0,278.6,181.0,,424.8,39.0,151.3,3632.6
1596,2017-04-03,162.2,1.8,15.9,72.7,4.3,91.8,6.8,16.4,64.1,87.2,9.8,10.3,329.5,25.7,118.6,40.4,24.7,221.4,75.9,180.3,487.6,0.8,3.1,1.3,0.8,69.9,120.6,179.3,1.0,314.0,184.6,,313.2,35.2,141.1,3419.4999999999995
1597,2017-04-04,164.0,1.8,18.5,68.8,4.0,91.2,7.1,16.7,67.7,84.7,10.0,10.3,326.5,24.4,116.6,37.2,24.8,222.4,76.2,181.5,485.6,2.0,4.1,1.0,1.7,75.4,109.5,173.0,1.2,322.9,183.8,,313.2,35.1,146.5,3416.7
1598,2017-04-05,165.2,1.9,20.9,68.5,3.9,92.9,7.2,16.6,63.9,82.3,9.3,11.0,323.7,28.3,90.8,31.2,20.8,234.1,76.3,180.7,496.4,2.1,4.9,1.3,1.7,78.4,95.0,174.8,1.4,323.8,179.6,,279.7,30.6,153.0,3359.899999999999
1599,2017-04-06,166.0,2.0,21.3,68.9,3.6,92.3,7.2,16.6,66.9,82.9,10.1,11.5,328.1,24.6,103.3,31.1,23.5,214.4,71.0,179.8,498.0,2.3,4.5,1.3,1.6,83.2,83.8,173.0,1.3,324.7,181.3,,303.1,28.2,153.9,3372.7999999999997
1600,2017-04-07,166.4,1.9,21.8,67.6,4.0,93.5,7.1,16.6,64.5,82.9,10.4,10.9,319.8,26.6,114.8,37.1,23.1,214.2,70.4,178.2,487.3,2.4,5.0,1.5,1.8,83.4,101.0,201.5,1.1,328.0,181.0,,325.6,31.5,156.4,3447.1000000000004
1601,2017-04-08,164.9,2.1,21.1,61.7,3.6,90.0,7.0,16.3,63.1,76.0,10.7,10.2,315.3,28.8,110.7,40.1,23.1,214.0,75.8,179.4,481.9,2.5,4.6,1.4,1.7,83.7,103.7,167.2,1.1,331.8,176.5,,298.3,33.3,155.3,3364.5000000000005
1602,2017-04-09,165.6,2.3,19.0,64.5,3.2,92.0,6.6,16.6,64.3,69.5,9.8,9.3,304.8,26.6,98.4,47.3,24.3,202.1,68.9,173.9,473.2,2.2,5.0,1.3,1.7,83.9,96.0,162.1,0.9,307.7,172.4,,286.2,30.3,153.1,3251.8999999999996
1603,2023-06-19,243.9,2.5,27.9,139.1,6.9,120.6,,,78.6,125.2,,14.3,364.0,31.3,216.6,48.2,37.7,269.1,81.3,242.2,627.3,2.4,4.5,1.6,2.3,118.2,264.1,221.3,1.3,341.1,221.2,4.0,541.4,52.5,197.2,4722.3
1604,2023-06-20,235.7,2.7,30.8,133.8,7.4,120.4,,,76.2,128.7,,15.2,385.6,32.7,230.3,52.8,37.0,253.5,82.6,243.3,633.4,2.3,4.6,1.6,2.6,123.8,291.6,247.5,1.2,345.7,230.1,4.5,498.2,52.5,206.8,4789.6
1605,2023-06-21,222.1,2.5,30.2,135.5,7.7,114.5,,,75.6,132.4,,15.6,396.5,34.3,238.4,53.9,35.8,246.2,81.5,239.2,636.1,2.4,4.7,1.6,2.7,125.0,333.1,272.7,1.4,345.4,222.0,4.9,484.4,53.7,208.4,4834.599999999999
1606,2023-06-22,215.6,2.6,31.9,137.2,7.9,105.8,,,75.9,137.3,,15.4,412.0,34.2,237.9,54.7,34.4,241.6,81.6,244.7,626.6,2.3,4.7,1.6,2.7,116.7,333.5,289.3,1.4,351.9,204.2,5.3,513.2,55.6,211.0,4866.0
1607,2023-06-23,211.6,2.7,36.9,136.0,7.5,99.7,,,78.3,143.3,,14.4,416.3,33.7,249.6,55.8,36.7,241.7,82.1,231.1,613.4,2.4,4.8,1.8,2.7,110.3,339.8,303.1,1.5,356.9,198.1,5.6,528.3,53.4,214.2,4888.7
1608,2023-06-24,206.6,2.6,41.6,142.5,6.7,102.5,,,78.1,136.4,,14.0,410.9,32.8,251.2,54.5,35.9,221.8,82.5,215.0,564.2,2.6,4.8,1.9,2.7,106.8,343.5,311.9,1.3,361.6,179.5,5.5,498.1,51.1,209.8,4756.600000000001
1609,2023-06-25,197.4,2.9,40.3,138.6,5.5,90.4,,,75.3,106.7,,12.1,374.0,28.0,176.0,50.5,33.3,204.6,73.9,211.3,512.9,2.4,4.9,1.8,2.7,111.9,300.3,265.4,0.9,336.3,170.1,9.5,424.6,40.9,192.7,4272.0
1610,2019-01-28,149.2,2.2,23.9,72.2,3.8,73.7,6.9,17.9,66.5,71.8,11.2,9.8,317.3,29.6,118.9,48.5,21.6,205.3,68.8,228.3,394.1,2.8,6.3,1.9,2.1,82.3,104.6,232.8,1.3,295.0,141.7,,261.4,38.5,124.4,3243.7000000000003
1611,2019-01-29,148.1,2.1,23.6,72.6,3.8,75.1,5.5,18.2,66.3,71.7,10.4,11.5,322.3,30.2,125.6,48.9,23.9,204.5,70.1,233.3,399.5,2.5,6.3,1.8,2.2,80.3,109.7,236.7,1.5,297.2,157.0,,264.7,38.6,125.4,3298.3999999999996
1612,2019-01-30,151.5,2.2,23.7,74.7,4.0,76.1,7.0,18.1,64.5,72.7,11.0,11.5,321.8,31.5,129.1,49.4,24.3,211.1,70.9,235.5,405.3,2.9,5.9,1.9,2.1,76.4,112.8,237.0,1.6,304.7,162.6,,272.5,40.2,126.8,3350.5
1613,2019-01-31,150.5,2.2,23.5,73.6,3.9,78.4,7.0,18.1,64.8,71.6,10.8,11.5,326.9,30.9,126.4,47.3,25.0,213.0,70.8,237.0,403.4,2.9,6.2,1.9,2.2,75.6,110.7,235.2,1.5,301.5,166.8,,272.5,40.5,128.6,3349.8999999999996
1614,2019-02-01,159.5,2.2,23.8,73.3,3.9,78.8,7.0,17.6,63.9,71.3,11.0,11.5,322.6,30.4,125.1,42.9,24.8,217.6,70.6,237.1,399.3,2.7,6.3,1.8,2.2,73.5,109.5,236.6,1.5,302.2,167.8,,268.0,35.7,132.4,3341.5
1615,2019-02-02,160.8,2.2,23.9,74.1,3.6,78.1,7.1,17.9,64.4,69.2,10.1,11.5,319.9,29.8,127.3,49.4,24.4,212.9,70.2,238.5,403.5,2.8,6.2,1.9,2.2,74.4,106.7,234.3,1.4,294.6,169.7,,270.0,39.6,127.1,3336.2999999999997
1616,2019-02-03,159.1,2.2,22.6,74.0,3.3,79.0,6.7,17.8,63.8,67.0,10.5,11.9,312.3,27.4,118.2,48.9,23.4,200.4,64.3,235.3,392.4,2.9,6.2,2.0,2.2,73.3,101.5,232.0,1.2,282.4,172.1,,264.3,36.6,119.8,3243.5000000000005
1617,2018-07-16,150.8,2.3,32.2,97.7,5.8,73.6,7.0,17.1,68.7,119.2,11.1,9.1,274.1,28.4,195.6,43.4,23.9,157.3,51.7,170.2,373.7,2.4,6.0,1.6,2.2,71.5,234.0,189.5,1.1,297.7,150.4,,413.8,39.4,173.0,3503.3
1618,2018-07-17,157.3,2.2,33.9,89.8,5.7,74.6,7.4,17.6,68.6,122.9,10.1,9.5,266.2,28.3,192.9,40.4,22.3,160.4,55.2,165.8,379.9,2.4,6.2,1.7,2.3,77.2,222.8,185.8,1.1,309.0,157.3,,412.6,43.7,168.2,3509.0999999999995
1619,2018-07-18,165.7,2.3,33.4,96.2,5.4,76.8,7.4,17.9,68.8,127.9,10.0,9.5,266.5,28.6,192.2,40.4,24.0,169.4,58.3,159.5,389.2,2.4,6.4,1.5,2.2,86.3,227.7,186.3,1.2,320.0,166.8,,425.4,42.7,177.4,3603.8
1620,2018-07-19,174.4,2.4,34.7,96.8,5.7,80.2,7.4,17.1,68.8,128.6,11.4,9.6,274.4,28.6,187.8,42.1,24.9,170.6,60.5,159.6,390.1,2.5,6.2,1.6,2.2,90.6,237.6,172.3,1.1,325.8,175.7,,420.8,46.7,181.6,3648.4
1621,2018-07-20,169.5,2.0,35.9,101.2,6.1,82.4,7.4,17.6,69.1,123.0,12.0,9.6,271.5,30.4,191.5,41.9,22.5,173.3,61.3,167.9,389.5,2.3,5.5,1.5,2.1,78.5,246.3,171.4,1.1,320.1,171.7,,406.2,45.3,187.9,3633.4
1622,2018-07-21,166.6,1.9,29.9,90.5,5.5,76.1,7.2,17.7,68.0,112.9,11.9,9.6,272.7,29.3,188.8,42.2,23.9,171.5,62.3,169.6,391.1,2.2,5.6,1.6,2.1,65.9,238.7,170.2,1.5,315.7,171.1,,355.8,43.4,168.2,3499.1
1623,2018-07-22,165.8,2.0,31.5,84.3,4.8,72.5,6.8,17.4,66.8,101.3,11.1,9.6,262.7,25.2,154.6,39.5,19.1,162.8,57.8,157.9,378.6,2.1,5.5,1.7,2.1,68.6,216.2,152.8,1.5,299.3,175.1,,365.6,40.9,140.2,3311.1
1624,2022-08-08,169.6,2.4,38.3,137.0,7.0,102.4,,,74.6,114.4,19.3,11.6,345.4,31.6,197.5,50.8,32.8,160.4,67.7,231.8,446.0,2.6,6.1,1.8,3.0,124.2,276.4,243.3,1.4,302.8,157.6,,466.2,46.8,184.7,4094.0
1625,2022-08-09,172.0,2.4,43.2,117.6,7.3,96.5,,,69.8,123.7,19.2,11.7,342.4,33.5,220.6,53.1,27.0,151.4,70.5,228.6,434.1,2.7,5.9,1.8,2.9,126.7,302.8,256.2,1.5,322.3,153.0,,476.9,49.3,167.8,4131.6
1626,2022-08-10,178.3,2.6,41.6,115.7,7.1,85.0,,,71.0,131.4,19.3,11.1,334.2,34.9,228.1,52.2,28.4,159.6,72.2,217.7,442.9,2.7,5.9,1.7,2.7,127.8,310.5,257.5,1.5,331.9,161.1,,481.2,49.1,155.3,4159.599999999999
1627,2022-08-11,188.6,2.7,47.6,121.2,6.1,81.8,,,69.2,113.9,18.6,12.1,271.5,24.5,207.0,43.3,29.4,172.3,72.7,201.1,419.4,2.7,6.2,1.8,2.9,127.5,289.0,239.5,1.6,338.6,186.7,,445.1,40.6,165.3,3985.5
1628,2022-08-12,201.1,2.7,47.6,133.5,6.6,83.6,,,71.7,119.9,19.0,12.4,296.4,32.5,214.0,47.1,29.8,179.0,73.7,195.0,427.9,2.8,6.0,1.7,2.8,127.3,289.0,236.2,1.6,350.4,203.4,,468.4,45.5,175.3,4139.4
1629,2022-08-13,200.6,2.5,43.9,137.6,6.8,84.1,,,71.6,119.7,18.8,12.5,314.5,33.4,228.6,50.4,31.0,164.7,74.5,196.4,433.0,2.7,5.8,1.7,2.8,125.1,312.4,214.9,1.4,349.1,202.6,,495.5,47.9,180.6,4204.2
1630,2022-08-14,193.2,2.4,39.6,107.4,6.2,82.6,,,66.6,112.6,19.2,11.1,310.9,30.5,212.4,50.6,26.0,156.1,67.8,194.4,423.6,2.6,6.1,1.8,2.6,124.5,314.3,225.0,1.0,318.0,182.7,,457.3,45.8,152.4,3983.000000000001
1631,2020-03-16,201.2,2.1,23.4,71.7,3.3,85.1,7.1,18.7,63.6,59.2,3.7,10.4,338.0,24.6,105.7,42.6,23.7,255.6,83.0,202.7,490.5,2.3,5.4,1.6,2.1,79.4,95.3,205.6,1.4,337.6,241.2,,232.8,33.2,129.0,3490.7999999999997
1632,2020-03-17,205.1,2.0,23.9,72.0,3.2,89.8,7.4,18.9,63.3,60.2,5.1,11.1,349.9,24.1,111.5,43.1,24.5,256.9,84.5,205.4,499.3,2.6,5.4,1.7,2.2,79.6,96.5,213.6,1.4,346.2,247.4,,240.9,33.8,142.0,3582.8
1633,2020-03-18,204.3,2.2,23.7,73.4,3.2,89.1,7.4,19.0,63.5,60.7,4.5,10.9,355.9,24.7,115.1,46.0,24.4,256.0,84.7,203.4,479.6,2.9,5.4,1.8,2.2,80.3,102.4,215.2,1.4,347.2,256.2,,249.9,34.0,142.2,3601.1
1634,2020-03-19,201.3,2.2,24.2,74.1,3.1,83.7,7.4,19.1,63.1,60.6,6.5,10.6,364.5,24.7,116.2,44.8,23.9,258.6,85.3,200.5,479.0,2.9,5.2,1.8,2.1,69.3,103.9,216.8,1.4,345.6,247.4,,256.7,33.7,141.3,3589.7999999999997
1635,2020-03-20,198.5,2.3,24.2,75.2,3.1,83.6,7.5,18.9,62.9,63.4,5.3,10.5,362.3,21.5,117.4,47.3,22.9,251.1,84.5,195.1,478.2,2.9,5.8,1.8,2.1,64.8,105.6,210.3,1.3,348.3,236.7,,263.0,34.4,140.2,3561.4
1636,2020-03-21,192.9,2.2,24.0,68.6,2.8,84.4,7.4,18.9,61.7,59.1,5.2,9.9,357.9,21.1,115.1,47.7,23.3,244.8,81.7,191.5,468.2,2.7,5.8,1.8,2.2,71.6,105.7,202.4,1.4,339.8,236.8,,255.7,33.4,135.2,3491.2
1637,22-03-2020_y,176.7,2.1,19.0,68.2,2.4,81.6,3.6,13.5,57.5,46.1,4.4,7.4,282.4,13.0,93.0,45.6,21.5,226.4,69.9,182.1,395.6,2.4,5.6,1.6,2.2,66.5,86.3,178.7,1.0,276.5,219.7,,240.8,22.5,100.4,3022.3
1638,2019-06-17,193.4,2.4,30.2,108.7,6.0,83.8,7.3,17.5,66.3,114.8,5.4,11.5,330.9,29.0,169.4,49.3,27.2,218.2,75.0,195.0,473.9,2.3,5.1,1.5,2.3,87.4,232.0,235.1,1.2,347.5,166.1,,405.1,41.8,187.7,3939.2
1639,2019-06-18,197.0,2.4,32.7,106.4,5.5,87.9,7.6,17.8,68.1,99.3,5.6,11.5,316.1,29.4,140.6,44.9,27.3,217.5,75.8,202.7,476.8,2.3,5.7,1.5,2.3,82.8,206.1,223.7,1.2,354.1,171.0,,384.1,42.6,176.5,3835.999999999999
1640,2019-06-19,204.0,2.3,33.9,106.7,5.7,89.6,7.6,17.9,66.8,106.4,6.4,11.5,319.2,29.6,172.2,45.9,26.6,218.4,73.3,187.8,473.8,2.5,6.0,1.7,2.2,92.9,246.5,208.5,1.3,355.5,172.7,,394.1,44.2,192.0,3934.6999999999994
1641,2019-06-20,195.3,2.2,35.1,108.4,5.7,88.9,7.6,18.2,63.9,112.0,6.2,11.5,338.8,29.8,179.9,44.9,25.6,218.4,72.0,196.1,479.4,2.6,5.9,1.8,2.3,102.3,228.4,224.0,1.3,348.5,170.2,,389.6,44.1,184.5,3954.5
1642,2019-06-21,183.0,2.3,33.2,109.2,5.5,85.9,7.7,18.2,63.2,122.7,5.5,13.1,352.0,30.1,189.3,45.4,22.8,203.3,66.7,203.1,474.3,2.6,6.0,1.7,2.2,82.2,242.1,228.2,1.3,336.7,149.4,,425.1,45.8,175.3,3944.8
1643,2019-06-22,183.0,2.2,32.0,80.4,5.6,75.1,7.7,18.3,61.4,118.5,6.5,12.4,354.3,30.4,197.7,44.2,21.0,203.3,66.7,198.1,463.8,2.6,5.7,1.7,2.1,79.8,263.8,241.8,1.3,336.7,149.4,,398.6,46.0,170.0,3891.8
1644,2019-06-23,169.6,2.3,32.3,97.7,5.6,76.7,7.2,18.2,62.7,121.0,7.8,12.4,335.9,28.2,196.1,41.0,24.0,182.3,63.4,189.1,429.1,2.5,6.0,1.8,2.4,84.3,259.3,240.1,1.0,310.1,144.8,,382.0,40.8,163.8,3750.2
1645,2021-04-19,209.8,2.1,22.5,103.0,3.9,116.9,6.9,18.5,67.1,79.9,17.1,12.0,397.5,29.3,136.6,50.4,29.5,240.6,81.4,239.2,546.7,2.3,5.1,1.6,2.2,96.8,127.4,216.4,0.8,340.4,213.8,,347.0,38.6,172.6,3984.999999999999
1646,2021-04-20,207.8,2.2,26.6,114.5,3.6,99.1,7.2,18.4,69.8,69.5,17.1,12.2,396.0,30.2,128.5,52.3,29.9,237.5,78.7,239.3,546.5,2.5,5.5,1.6,2.3,101.1,125.0,208.8,0.8,348.5,210.5,,352.7,39.1,192.0,3986.8
1647,2021-04-21,208.3,2.1,29.5,115.8,2.8,99.2,7.2,18.2,68.4,64.2,16.5,12.2,390.6,27.2,124.3,51.3,28.7,238.8,79.1,229.5,542.6,2.6,5.8,1.6,2.2,106.1,117.1,205.6,0.8,353.2,202.7,,328.3,34.6,178.4,3904.900000000001
1648,2021-04-22,205.0,2.0,27.0,95.9,3.3,103.3,7.1,18.1,69.0,64.5,17.2,11.2,392.2,26.5,132.5,51.3,26.2,227.0,80.8,227.2,541.2,2.5,5.7,1.5,2.1,108.3,118.4,210.5,0.9,354.4,193.0,,297.9,34.5,150.7,3818.4
1649,2021-04-23,193.0,2.0,30.3,101.7,3.2,104.2,7.0,17.8,70.4,64.0,17.0,13.0,385.8,27.2,123.8,51.6,26.4,210.6,81.4,229.9,534.1,2.4,4.8,1.6,2.1,113.0,103.6,214.8,1.0,357.1,181.8,,322.1,35.0,161.6,3804.8
1650,2021-04-24,193.5,2.1,31.6,110.7,3.0,103.7,6.9,17.7,68.8,59.7,17.2,11.8,384.0,28.0,125.3,51.8,29.4,201.4,77.9,231.3,534.1,2.5,4.4,1.7,2.2,114.4,114.6,214.3,1.0,356.7,185.4,,329.1,35.4,173.1,3833.9
1651,2021-04-25,195.8,2.2,31.4,116.8,2.9,103.1,6.0,16.4,66.8,61.1,16.9,10.6,362.9,26.0,119.5,51.2,29.8,200.2,72.3,226.9,525.0,2.5,4.4,1.6,2.2,113.8,109.5,209.3,0.9,321.1,183.7,,334.3,33.6,175.7,3744.9
1652,2017-11-20,167.6,2.3,22.8,64.0,3.1,69.3,7.1,17.2,65.1,60.6,10.1,8.3,313.2,25.4,100.7,42.0,23.5,192.3,65.7,234.1,427.7,2.1,5.3,1.4,2.0,64.5,89.0,190.0,1.2,291.8,141.8,,265.0,32.3,117.8,3133.2000000000007
1653,2017-11-21,169.6,2.3,23.9,61.0,3.1,69.1,7.3,17.6,63.3,56.0,9.8,9.0,302.4,25.6,107.1,42.1,23.2,197.2,66.8,234.0,437.9,2.3,5.5,1.3,2.0,64.5,91.1,194.6,1.4,295.2,144.5,,269.7,33.1,115.3,3155.1999999999994
1654,2017-11-22,169.5,2.3,24.7,60.0,3.2,68.8,7.4,17.5,65.4,59.9,9.5,9.0,306.3,26.3,109.2,42.4,23.1,199.9,68.4,232.7,437.3,2.3,5.6,1.3,1.9,66.0,94.3,195.1,1.6,296.2,145.8,,270.1,33.1,104.5,3167.7
1655,2017-11-23,171.0,2.3,23.8,60.9,3.1,69.5,7.3,17.3,65.7,61.1,10.1,9.0,306.1,26.1,110.3,41.9,22.8,203.6,68.1,230.9,432.1,2.3,5.5,1.5,2.0,65.0,94.8,200.2,1.9,297.2,145.6,,266.3,33.1,100.8,3166.3
1656,2017-11-24,168.1,2.2,23.7,59.3,3.2,68.9,7.2,17.4,65.6,61.5,9.9,9.7,307.9,26.5,111.9,42.0,22.8,215.1,69.1,230.0,421.3,2.2,5.4,1.4,2.0,63.4,96.0,198.7,1.6,305.8,149.2,,265.1,33.8,102.5,3177.5
1657,2017-11-25,166.3,2.2,23.7,58.6,3.1,68.3,7.2,17.3,66.0,58.6,10.0,9.1,305.1,26.3,119.4,42.6,22.4,199.6,68.9,231.0,419.1,2.1,5.5,1.3,1.9,65.8,96.3,203.5,1.6,293.6,144.5,,267.6,34.6,102.8,3152.8
1658,2017-11-26,159.7,2.2,21.9,60.0,3.0,67.0,6.6,17.0,65.3,56.8,9.6,8.1,294.2,24.9,111.0,42.8,23.5,185.6,62.1,229.5,409.1,2.3,5.9,1.4,1.9,66.2,95.2,201.4,1.3,264.4,140.1,,262.3,31.2,96.0,3035.7000000000003
1659,2021-11-15,156.8,2.3,24.7,72.9,3.0,76.8,7.2,19.4,63.2,60.9,17.4,12.7,347.7,30.2,113.2,53.8,25.8,164.3,68.7,279.1,520.8,2.6,6.5,1.7,2.3,104.4,109.7,253.4,1.6,253.0,152.9,,266.0,34.7,112.8,3429.2000000000003
1660,2021-11-16,156.8,2.2,26.0,74.5,3.1,75.9,7.5,19.5,62.7,60.6,18.6,12.8,351.4,30.9,116.7,54.8,26.2,161.7,70.2,276.2,521.4,2.7,6.5,1.7,2.1,102.0,113.7,251.6,1.6,262.6,151.0,,280.0,35.1,116.2,3463.4999999999995
1661,2021-11-17,155.0,2.1,26.6,73.8,3.1,77.0,7.7,19.6,64.1,63.5,18.3,12.7,352.5,30.9,117.3,53.2,26.6,158.1,72.0,283.6,504.7,2.6,6.5,1.6,2.3,99.0,114.1,253.3,1.6,265.0,150.1,,277.8,35.5,115.2,3454.2999999999997
1662,2021-11-18,148.8,2.3,25.6,71.0,3.1,77.7,7.5,19.3,64.1,62.2,19.1,12.8,343.8,30.6,117.9,54.6,27.3,155.6,72.3,275.6,508.9,2.6,6.5,1.6,2.4,98.3,113.5,241.9,1.6,252.7,150.5,,276.6,35.5,116.2,3406.7999999999997
1663,2021-11-19,141.1,2.2,25.8,73.1,3.0,79.0,7.7,19.4,64.2,61.8,19.5,13.1,323.8,31.5,118.3,54.8,27.3,146.6,71.9,261.4,489.5,2.6,6.5,1.6,2.4,99.4,110.5,229.5,1.6,254.8,147.3,,276.4,35.5,114.9,3324.7000000000003
1664,2021-11-20,141.8,2.3,25.5,72.0,3.0,79.2,7.7,19.5,64.1,58.1,17.9,12.6,325.8,31.2,140.8,52.9,27.6,143.4,71.5,267.4,494.8,2.7,6.6,1.7,2.4,96.5,113.3,229.4,1.6,253.2,141.5,,270.2,35.6,116.4,3337.0
1665,2021-11-21,139.7,2.3,23.8,73.4,2.7,79.1,7.1,19.1,64.2,59.0,18.1,11.1,318.9,28.4,107.3,53.8,27.8,130.5,64.9,266.2,471.7,2.9,6.7,1.7,2.2,94.5,105.6,230.6,1.4,238.6,135.5,,266.7,32.5,109.5,3204.0
1666,2022-09-26,210.6,2.2,38.0,120.1,4.2,108.9,,,72.3,95.2,13.4,11.5,416.0,30.5,140.0,47.4,32.1,207.9,78.3,214.5,473.1,2.7,5.9,1.6,2.7,138.9,139.4,261.4,1.7,331.4,233.3,,374.3,33.4,188.1,4068.0
1667,2022-09-27,212.4,1.3,41.8,122.7,4.6,110.4,,,74.9,99.1,14.2,12.3,411.9,30.8,150.4,48.5,31.5,212.8,79.1,224.7,478.5,2.8,5.9,1.5,2.6,125.5,156.1,269.1,1.7,331.3,213.3,,393.7,41.3,191.7,4135.7
1668,2022-09-28,209.3,1.9,41.6,127.0,4.8,105.0,,,74.4,103.0,13.4,12.4,413.8,31.6,156.2,49.3,30.7,216.3,79.3,232.1,484.4,2.6,6.1,1.8,2.5,129.8,167.2,275.1,1.7,334.8,217.0,,411.6,41.9,188.6,4204.9
1669,2022-09-29,197.6,1.8,42.7,127.5,4.9,99.1,,,73.4,104.2,14.8,13.1,422.4,32.2,161.1,49.8,30.8,211.2,79.6,232.6,481.5,2.8,6.2,1.6,2.6,124.5,178.9,278.9,1.5,333.1,195.5,,420.9,42.2,187.5,4193.699999999999
1670,2022-09-30,187.2,1.9,44.6,128.5,5.1,102.4,,,73.0,106.2,13.5,12.9,424.0,32.5,167.6,54.4,33.0,190.1,79.1,237.6,481.3,2.8,6.0,1.6,2.7,125.4,191.4,280.7,1.6,330.9,188.4,,431.2,42.8,195.0,4212.3
1671,2022-10-01,175.4,1.9,45.7,131.9,5.0,107.7,,,71.8,103.3,14.8,13.3,420.4,31.2,169.2,53.5,34.1,162.6,76.5,240.1,474.8,2.8,6.3,1.7,2.7,128.6,186.1,281.5,1.5,309.3,188.8,,426.5,41.9,191.9,4136.3
1672,2022-10-02,173.0,2.3,43.2,131.8,4.5,105.6,,,71.7,91.2,15.0,11.7,403.1,27.6,152.4,49.2,32.9,149.2,68.3,236.7,462.0,2.7,5.6,1.6,2.7,130.9,192.8,270.8,1.1,283.9,192.2,,415.4,36.4,160.3,3960.1
1673,2019-10-28,152.8,2.2,21.5,79.7,2.9,67.4,3.2,11.4,59.1,60.3,5.9,10.1,215.2,17.0,96.2,41.3,24.3,128.2,64.6,154.6,305.6,2.5,5.5,1.7,2.4,76.6,92.0,175.3,0.7,201.2,144.5,,260.1,24.6,115.4,2631.5
1674,2019-10-29,156.7,2.0,24.3,80.0,3.3,71.2,4.1,14.0,60.3,63.2,5.7,10.1,229.6,21.5,105.6,42.9,23.6,133.8,64.4,156.5,320.1,2.4,5.7,1.7,2.0,77.4,105.8,188.1,0.7,218.6,145.3,,262.8,27.7,115.1,2752.4999999999995
1675,2019-10-30,149.8,2.0,25.3,79.4,3.6,74.0,5.8,15.3,61.5,68.4,5.5,10.1,234.9,25.2,116.2,43.3,22.7,136.9,63.5,166.0,350.4,2.5,5.8,1.8,2.0,80.1,110.1,201.3,0.9,221.8,145.8,,268.2,30.9,117.4,2854.4
1676,2019-10-31,148.7,1.8,26.5,82.6,3.6,75.1,6.8,17.0,61.3,67.6,5.6,12.3,261.5,26.4,119.5,42.8,23.8,146.8,60.6,175.0,360.6,2.4,6.0,1.7,2.0,78.3,112.4,209.7,1.1,230.7,148.6,,273.2,31.9,123.7,2953.6999999999994
1677,2019-11-01,153.8,2.1,25.9,82.7,3.6,74.3,7.1,17.2,61.2,69.0,6.5,12.3,282.1,27.1,122.5,44.2,24.4,121.0,62.3,180.7,362.2,2.4,5.8,1.6,2.3,83.3,111.3,210.8,1.2,245.8,150.8,,276.9,33.3,124.9,2999.000000000001
1678,2019-11-02,155.2,2.1,25.2,79.5,3.5,74.1,6.9,17.2,60.7,64.8,6.2,12.3,278.5,26.7,117.4,43.9,23.9,142.8,65.0,184.0,360.6,2.5,5.8,1.9,2.1,84.1,108.5,205.0,1.2,253.6,150.5,,281.4,33.2,123.3,3010.4
1679,2019-11-03,157.5,1.9,24.5,77.9,3.1,74.4,6.4,17.2,60.4,61.2,5.7,12.3,261.9,24.9,104.3,42.2,23.6,141.7,60.3,181.7,357.5,2.6,5.9,1.7,2.3,84.0,98.8,202.4,1.1,243.0,147.6,,268.8,30.3,116.8,2912.2000000000003
1680,2019-09-16,172.8,2.2,31.6,108.4,6.0,97.0,7.1,18.6,64.1,124.6,5.5,11.8,301.1,29.6,212.7,39.7,25.1,188.3,67.7,172.7,407.9,2.6,5.4,1.6,2.1,105.3,238.1,243.9,1.0,276.8,199.8,,405.3,41.0,175.3,3800.1
1681,2019-09-17,162.7,2.1,31.4,93.4,5.9,89.8,7.2,18.1,61.8,125.1,5.7,11.3,311.6,30.0,209.7,41.2,25.1,179.8,69.2,167.7,412.2,2.4,5.3,1.6,2.1,103.0,239.6,245.4,1.1,274.6,194.5,,393.2,38.2,174.9,3743.8
1682,2019-09-18,159.2,2.3,33.1,79.2,5.8,90.6,7.4,18.7,61.1,121.0,5.6,11.5,316.1,31.5,208.4,42.2,25.4,177.7,68.4,169.8,399.2,2.4,5.3,1.6,2.3,105.7,243.0,245.5,1.2,282.1,161.5,,351.9,37.7,164.1,3645.999999999999
1683,2019-09-19,153.8,2.3,36.1,96.1,5.4,95.8,6.2,18.4,63.1,113.9,5.0,11.5,320.2,30.5,200.4,39.1,26.2,171.9,68.6,174.1,386.2,2.4,5.5,1.7,2.4,109.6,224.0,240.5,1.1,277.0,167.1,,350.6,40.2,172.8,3627.1
1684,2019-09-20,152.4,2.2,35.5,104.5,5.2,100.0,7.4,18.1,64.4,113.4,6.0,11.5,321.0,29.8,200.8,42.7,26.6,177.6,70.0,173.2,383.2,2.5,5.7,1.8,2.2,105.0,225.2,242.4,1.0,287.2,165.1,,375.3,40.8,183.4,3690.500000000001
1685,2019-09-21,159.3,2.1,36.2,98.8,5.2,101.4,7.4,18.4,65.3,108.1,5.8,11.8,314.9,31.0,196.3,43.0,25.7,180.1,70.3,172.9,389.6,2.5,5.8,1.6,2.2,93.3,227.9,237.8,1.1,282.9,167.0,,378.5,41.0,176.2,3668.9
1686,2019-09-22,156.6,2.0,31.4,93.1,5.2,103.6,7.0,18.1,63.9,94.0,6.1,11.0,294.1,27.0,169.5,40.0,26.4,169.8,66.3,162.8,386.6,2.3,5.9,1.7,2.1,86.8,216.8,222.2,0.8,264.6,169.4,,316.7,33.6,162.8,3427.2000000000003
1687,2017-01-23,145.9,2.2,22.1,63.2,3.8,73.3,6.5,16.5,62.6,64.1,9.0,9.1,286.3,25.3,116.0,44.4,22.7,198.9,64.4,211.4,420.4,2.2,4.9,1.5,2.1,66.5,108.5,208.7,1.4,262.1,158.4,,286.8,35.1,110.7,3122.7999999999997
1688,2017-01-24,147.7,2.0,22.6,64.3,3.8,73.7,6.7,16.8,62.5,63.8,12.5,9.2,291.2,27.5,119.1,42.6,23.0,201.5,65.1,212.5,426.7,2.4,4.9,1.5,1.9,64.3,108.0,214.1,1.1,268.7,159.7,,287.4,36.1,111.5,3162.4
1689,2017-01-25,152.9,2.0,23.1,60.2,3.8,74.1,6.7,16.9,64.1,63.5,13.1,9.3,290.8,24.7,115.4,49.2,20.9,202.3,65.4,213.9,427.8,2.4,4.8,1.5,1.9,67.4,93.7,210.5,1.5,275.6,162.8,,286.5,35.0,113.8,3163.5000000000005
1690,2017-01-26,143.6,2.1,21.4,63.0,3.2,71.7,4.5,13.6,64.3,50.7,11.3,8.2,273.3,17.0,66.6,32.3,22.1,191.6,62.8,202.5,388.4,2.2,4.9,1.4,2.2,68.5,75.6,152.5,1.3,253.0,155.2,,265.4,28.2,105.0,2835.0
1691,2017-01-27,145.6,2.0,21.2,56.2,3.7,73.0,5.8,15.3,64.7,63.3,10.6,9.0,279.6,23.1,86.4,38.0,22.1,198.3,64.9,171.4,406.1,2.0,5.1,1.5,2.2,68.0,84.9,156.1,1.6,255.3,160.8,,206.5,33.0,109.4,2852.8
1692,2017-01-28,147.9,2.2,22.7,58.1,3.5,73.9,5.9,16.6,63.5,61.5,10.8,9.2,281.5,26.7,101.7,46.6,22.5,198.2,64.6,171.4,415.2,2.0,5.1,1.1,2.2,67.3,93.3,182.8,1.6,252.1,161.8,,249.3,35.1,110.6,2974.8
1693,2017-01-29,148.4,2.1,21.6,60.5,3.3,73.7,6.4,16.6,63.0,60.3,10.4,9.0,274.5,23.7,94.3,43.3,23.5,190.7,60.7,196.8,410.6,2.3,5.1,1.5,2.2,68.2,86.0,190.2,1.5,233.8,157.4,,254.2,33.9,104.4,2939.5
1694,2024-09-02,186.4,3.6,46.5,155.3,7.1,123.9,,,71.2,133.4,,13.4,380.8,35.9,242.7,51.5,45.3,198.9,79.1,245.3,491.3,2.5,5.8,2.2,3.1,112.5,287.8,285.0,1.3,342.4,171.3,,555.7,51.7,222.1,4629.1
1695,2024-09-03,189.9,3.6,46.7,161.2,7.0,127.7,,,72.0,135.0,,13.7,365.5,35.7,231.4,48.2,44.1,206.3,81.5,255.8,499.5,3.1,5.6,2.6,2.8,116.0,256.3,270.0,1.3,358.7,182.2,,585.2,52.3,229.0,4663.6
1696,2024-09-04,194.1,3.2,45.0,156.3,6.3,130.8,,,74.0,121.3,,14.0,359.8,35.4,196.4,49.5,45.7,213.7,82.3,260.4,503.4,2.9,4.8,2.4,2.5,119.5,234.6,238.6,1.4,367.5,187.9,,540.5,48.8,227.0,4546.0
1697,2024-09-05,197.6,3.0,43.8,141.8,6.6,127.4,,,70.2,118.1,,14.2,367.6,35.1,203.1,51.5,44.3,218.6,83.9,255.5,504.6,2.8,4.5,2.0,2.5,120.4,268.7,248.6,1.4,366.5,197.6,,519.9,49.5,229.4,4576.199999999999
1698,2024-09-06,201.6,3.2,49.4,147.4,6.5,125.0,,,74.0,121.7,,14.0,365.2,35.5,207.0,50.7,44.7,224.0,84.0,255.4,503.8,3.1,4.8,2.2,3.1,122.7,277.1,253.5,1.4,382.7,208.9,,505.5,49.9,236.3,4639.4
1699,2024-09-07,195.4,3.0,52.2,161.8,6.1,127.4,,,74.4,114.7,,12.0,367.7,35.9,194.6,49.7,45.8,203.1,84.2,257.3,476.4,1.5,4.7,2.4,3.1,120.6,278.1,251.7,1.3,359.7,196.9,,523.0,49.7,237.9,4565.199999999999
1700,2024-09-08,185.7,2.9,51.2,159.7,5.8,121.9,,,72.5,110.2,,11.4,362.8,33.2,174.9,50.5,43.6,190.6,77.1,254.8,485.5,3.1,4.7,2.1,3.1,117.6,284.3,252.8,1.1,319.9,190.6,,525.3,46.8,218.1,4436.200000000001
1701,2022-10-24,172.5,2.0,23.5,103.5,2.9,86.0,,,68.7,61.0,15.3,9.0,296.6,20.0,106.8,52.4,31.6,152.1,72.1,200.1,378.2,2.2,5.8,1.5,1.8,127.0,109.2,225.6,1.0,206.7,163.4,,313.5,26.4,130.8,3191.7000000000003
1702,2022-10-25,181.0,2.1,20.0,96.3,2.9,81.9,,,68.7,59.7,15.3,11.8,276.9,18.9,96.1,51.1,30.9,159.7,75.7,195.2,371.3,2.2,5.0,1.3,1.6,131.3,99.9,215.8,1.0,230.3,170.6,,274.7,25.6,130.8,3127.5
1703,2022-10-26,189.8,2.2,25.8,95.6,3.2,87.1,,,68.2,61.8,15.2,10.7,272.5,25.1,109.0,51.6,28.8,164.2,76.9,204.5,382.2,2.3,6.2,1.6,2.1,134.7,115.0,232.4,1.1,275.7,179.7,,284.7,28.1,146.5,3311.2999999999993
1704,2022-10-27,195.9,2.2,27.7,92.6,3.4,88.1,,,69.1,68.0,14.9,11.1,337.0,28.7,124.7,49.7,27.8,173.9,78.0,211.8,412.3,2.4,6.4,1.6,2.2,126.5,129.6,248.9,1.2,292.6,181.3,,290.0,32.3,143.2,3507.4
1705,2022-10-28,193.2,2.2,29.1,91.3,3.4,88.9,,,69.0,71.1,15.7,11.4,327.9,30.8,131.7,52.5,28.1,183.9,79.1,221.3,433.4,2.5,6.7,1.5,2.2,115.8,131.5,260.1,1.4,305.0,184.4,,300.9,34.4,143.1,3588.2999999999997
1706,2022-10-29,191.9,2.3,29.6,90.1,3.5,89.5,,,69.0,68.8,14.9,11.3,336.6,31.8,132.2,51.8,29.8,183.9,78.5,229.1,444.5,2.5,6.7,1.5,2.2,111.0,129.0,264.6,1.4,292.8,178.4,,303.2,35.4,139.6,3592.8999999999996
1707,2022-10-30,188.6,2.5,28.7,87.1,3.1,89.0,,,69.4,64.2,15.6,10.4,336.7,29.9,118.3,52.0,28.7,168.2,71.4,233.6,441.5,2.5,6.4,1.4,2.0,105.4,119.2,265.6,1.3,211.3,172.2,,297.1,33.7,133.2,3423.2999999999997
1708,2024-06-24,214.5,2.9,43.2,156.2,8.2,115.9,,,77.3,153.0,,14.0,455.1,38.1,269.2,56.5,48.9,220.6,75.4,240.8,534.4,3.4,5.8,1.8,3.1,129.4,339.2,345.9,1.3,356.1,209.1,,599.9,56.4,239.5,5086.699999999999
1709,2024-06-25,222.5,2.5,45.2,151.4,8.3,121.6,,,78.4,154.5,,14.1,446.5,40.3,273.4,58.0,48.4,223.8,75.3,250.2,554.4,3.4,6.2,2.0,3.0,131.0,345.0,337.9,1.7,370.8,221.2,,607.4,57.6,250.9,5179.799999999999
1710,2024-06-26,219.1,2.8,48.1,138.2,8.6,120.2,,,78.4,156.1,,14.2,438.6,41.2,277.9,57.5,47.9,220.9,74.0,250.6,559.8,3.4,6.1,2.2,3.0,128.4,357.2,323.6,1.5,361.6,229.1,,560.3,56.2,253.9,5114.5
1711,2024-06-27,209.0,2.7,48.3,147.5,8.1,120.4,,,78.9,143.6,,13.4,446.0,38.5,268.4,54.2,48.2,218.5,76.0,240.9,548.0,3.0,6.1,1.9,2.6,123.6,317.5,301.7,1.6,366.0,213.9,,526.9,53.3,241.1,4943.8
1712,2024-06-28,215.3,2.9,43.2,152.5,8.2,119.3,,,78.4,127.6,,13.5,427.8,40.2,254.2,56.7,48.4,231.3,77.7,239.7,529.2,2.5,6.0,1.9,3.0,121.2,340.0,292.9,1.4,375.4,206.4,,538.0,54.5,230.3,4915.0
1713,2024-06-29,213.6,3.3,40.5,146.9,8.1,113.8,,,74.6,129.3,,14.5,415.3,39.9,263.1,54.4,44.5,238.3,79.4,230.7,530.0,3.0,5.8,2.3,3.2,118.5,352.2,294.2,1.2,384.6,211.1,,511.1,55.2,224.2,4882.3
1714,2024-06-30,199.0,2.2,38.4,127.8,7.5,112.4,,,69.2,131.8,,12.8,377.7,37.7,254.4,52.7,40.1,218.8,73.7,219.4,512.7,2.9,5.7,1.7,2.6,114.3,316.9,294.2,0.8,352.9,194.3,,512.0,52.2,205.4,4616.9
1715,2017-10-23,162.5,2.2,22.2,79.4,3.5,77.7,6.8,16.4,64.8,78.7,9.8,9.3,271.4,24.0,128.8,38.2,23.6,153.2,65.9,216.8,401.3,2.3,5.2,1.2,2.2,87.5,112.7,190.4,1.2,284.7,162.2,,309.2,31.9,137.6,3191.7
1716,2017-10-24,166.7,2.2,24.8,78.9,3.5,77.7,6.8,16.4,64.2,77.2,9.8,10.2,271.4,24.5,130.2,40.0,23.8,162.0,66.7,216.8,401.3,2.4,5.2,1.4,2.2,87.2,110.7,191.2,1.2,291.5,161.0,,312.2,32.8,143.0,3224.4
1717,2017-10-25,165.6,2.3,24.8,79.3,3.5,77.8,7.4,16.5,63.8,74.6,9.0,9.5,303.5,24.1,125.2,40.0,23.5,165.5,67.5,221.2,412.6,2.0,5.1,1.4,2.3,86.7,112.3,197.9,1.4,293.2,162.2,,307.7,33.6,140.4,3270.6
1718,2017-10-26,164.4,2.2,25.0,75.1,3.5,76.8,7.3,17.5,63.4,71.8,9.4,8.9,307.9,24.7,125.0,40.2,23.7,167.8,66.6,221.1,417.3,2.3,5.3,1.3,2.2,84.3,107.0,199.1,1.3,292.7,161.1,,305.5,33.9,132.5,3255.3
1719,2017-10-27,162.6,2.2,24.8,70.9,3.4,79.7,7.3,17.0,59.8,72.6,9.4,9.0,310.8,25.2,125.3,40.1,23.6,170.7,64.4,224.4,419.4,2.2,5.7,1.2,2.0,87.3,106.9,200.6,1.2,290.0,161.5,,298.1,33.8,127.4,3247.4
1720,2017-10-28,161.5,2.3,25.2,71.0,3.1,76.6,7.4,17.0,62.8,83.6,9.1,10.0,310.1,25.4,124.2,39.0,21.6,171.0,64.9,224.0,420.1,2.1,5.8,1.4,1.6,85.0,109.9,202.8,1.2,276.1,159.7,,293.2,34.0,121.2,3230.7
1721,2017-10-29,161.4,2.2,23.8,70.8,2.9,73.3,6.8,16.9,63.3,65.6,9.3,10.0,305.3,24.0,114.8,40.0,22.3,164.2,61.0,224.3,409.3,2.2,5.3,1.4,1.8,80.3,104.2,195.2,1.1,270.6,150.5,,286.2,32.2,115.5,3124.2999999999997
1722,2024-09-23,223.9,4.4,52.2,165.6,7.4,126.1,,,72.7,131.3,,14.5,494.4,38.6,245.8,54.3,44.5,248.5,84.5,271.5,536.0,1.1,4.3,2.2,3.2,116.0,298.1,329.2,1.5,381.4,243.2,,543.4,50.4,243.0,5102.299999999999
1723,2024-09-24,217.3,2.5,45.6,149.9,7.9,119.6,,,70.6,139.0,,14.3,491.5,40.0,258.4,57.1,40.9,241.6,83.8,271.9,527.2,2.9,4.1,2.3,3.2,118.4,321.4,344.8,1.4,380.8,225.4,,571.0,53.6,222.9,5100.400000000001
1724,2024-09-25,204.9,2.5,45.1,131.7,7.4,117.1,,,71.5,140.0,,14.2,471.0,40.0,255.7,57.4,38.0,228.4,85.0,262.8,512.5,2.8,4.1,1.9,2.8,116.8,340.1,354.8,1.4,384.0,213.8,,542.3,51.6,195.8,4969.500000000001
1725,2024-09-26,205.6,2.6,36.0,108.9,6.3,111.9,,,71.1,133.6,,14.4,428.7,36.3,236.2,55.2,38.2,227.3,85.2,254.7,503.7,3.3,4.2,1.7,2.8,116.9,320.6,347.1,1.4,388.9,213.6,,486.9,50.1,178.0,4744.7
1726,2024-09-27,208.6,2.6,40.1,96.3,5.7,107.1,,,70.7,129.6,,14.3,412.8,37.1,232.0,48.3,38.0,242.4,85.8,247.1,492.8,3.4,4.3,1.9,3.0,118.8,281.4,341.1,1.2,389.8,229.6,,400.8,48.6,181.1,4589.900000000001
1727,2024-09-28,212.9,2.8,38.5,100.9,5.3,109.9,,,71.9,116.9,,14.5,392.6,32.6,219.6,48.2,40.5,247.4,86.1,234.3,486.1,2.7,4.7,2.1,3.0,124.0,248.0,324.1,1.1,390.9,247.8,,383.8,47.2,195.9,4510.7
1728,2024-09-29,212.7,2.8,37.8,118.0,5.1,116.5,,,72.9,113.4,,13.4,378.9,32.6,206.4,49.2,42.1,220.0,79.7,237.0,484.3,2.7,4.5,1.9,2.8,127.2,245.2,318.2,1.0,352.2,258.4,,399.8,44.1,203.9,4457.8
1729,2017-08-14,150.1,2.3,26.6,67.1,5.8,88.5,7.1,17.1,63.1,110.6,1.4,8.4,257.4,26.9,183.8,35.3,23.4,181.4,66.4,167.5,435.6,2.1,4.9,1.1,2.0,78.5,227.9,197.8,1.2,267.9,162.7,,361.3,37.6,134.6,3412.2
1730,2017-08-15,154.2,2.2,27.6,71.6,5.4,89.2,4.7,14.0,62.6,97.5,1.7,8.4,232.4,23.8,179.7,39.4,23.4,164.3,64.7,171.0,378.3,2.1,4.4,1.3,2.1,78.7,231.5,202.8,0.5,242.3,165.2,,375.3,33.0,132.4,3293.5000000000005
1731,2017-08-16,156.7,2.2,28.8,72.1,6.4,87.6,6.3,15.4,63.2,115.7,1.2,8.1,261.2,27.6,189.5,41.3,23.0,171.1,66.2,172.6,365.1,2.1,4.5,1.4,2.5,81.0,240.9,212.4,1.0,260.4,177.6,,374.0,38.9,142.4,3426.2000000000003
1732,2017-08-17,153.6,2.1,30.8,72.1,6.5,82.1,7.4,17.0,63.2,121.5,3.2,8.7,303.1,28.5,202.0,40.8,22.4,174.7,67.4,183.2,442.5,2.2,4.5,1.2,2.3,79.6,249.9,221.3,1.1,272.8,176.9,,375.8,41.3,145.3,3613.900000000001
1733,2017-08-18,144.6,2.2,28.7,72.1,6.5,84.2,6.6,16.1,62.3,124.5,6.1,8.7,327.5,29.1,205.6,40.5,23.1,175.7,65.6,181.0,438.9,2.1,4.6,1.3,2.3,78.1,249.6,229.5,1.1,272.4,168.0,,388.0,42.0,142.1,3637.9
1734,2017-08-19,143.9,2.2,28.7,76.3,5.2,82.0,7.3,16.9,62.5,112.9,6.7,8.7,330.2,27.8,193.4,35.6,23.0,164.0,64.2,167.9,404.0,2.1,3.8,1.3,2.2,79.6,235.5,228.5,1.1,262.2,149.4,,365.3,40.6,145.4,3487.3
1735,2017-08-20,139.1,2.1,29.0,82.3,4.9,83.7,6.8,16.7,62.5,104.9,7.4,7.3,289.2,25.8,180.9,39.7,24.9,145.4,58.6,167.0,344.0,2.2,4.8,1.2,2.0,80.4,209.9,216.1,1.6,247.5,132.5,,365.1,38.4,139.1,3269.1999999999994
1736,2017-06-05,153.6,1.7,25.8,72.7,6.9,76.7,7.1,16.8,64.6,128.4,8.6,8.6,330.3,27.0,155.5,34.0,23.1,182.3,61.9,163.8,443.5,1.6,4.0,1.2,1.9,80.4,171.3,216.5,1.2,316.5,140.2,,386.0,43.0,157.8,3522.2000000000003
1737,2017-06-06,144.0,2.0,28.5,75.2,7.1,76.5,7.3,17.2,63.0,133.9,8.3,9.0,337.8,27.3,165.3,30.8,21.9,179.3,63.2,149.4,436.9,2.0,4.0,1.3,2.4,73.6,177.0,226.0,1.1,315.6,133.4,,369.1,41.2,148.4,3486.7
1738,2017-06-07,130.0,2.0,29.3,73.6,5.2,76.4,7.4,17.2,63.3,117.2,9.2,8.9,335.3,20.4,139.5,27.5,24.1,164.3,63.0,148.7,421.2,2.3,4.0,1.3,2.5,78.1,130.2,218.7,1.0,294.0,131.3,,334.7,30.7,146.7,3266.2
1739,2017-06-08,118.7,1.8,31.4,72.3,6.3,78.6,7.2,16.4,64.5,112.5,7.4,8.7,330.8,26.1,144.9,34.6,23.6,166.3,63.9,149.6,409.7,2.3,3.7,1.1,2.2,79.2,141.8,196.2,1.0,301.4,121.3,,357.1,38.6,151.1,3279.6999999999994
1740,2017-06-09,124.6,1.9,29.7,75.9,5.4,81.0,7.1,17.1,64.4,113.2,6.1,8.8,322.7,25.8,149.7,36.0,23.8,166.8,64.0,151.9,404.2,2.1,3.9,1.1,1.8,77.9,138.3,187.3,1.1,306.5,127.3,,362.4,38.1,145.0,3280.3
1741,2017-06-10,127.8,1.9,30.7,77.4,5.2,72.3,6.7,16.0,66.5,109.6,6.7,8.4,282.2,26.3,145.6,37.6,25.1,159.8,60.3,153.1,391.5,2.1,3.8,1.3,1.9,74.0,137.7,197.3,1.0,306.8,124.8,,369.6,39.0,149.0,3226.6
1742,2017-06-11,145.4,1.7,28.4,82.1,4.6,74.6,6.4,16.9,65.4,99.8,7.0,7.4,291.0,24.1,117.9,36.8,25.6,145.6,55.0,147.8,377.2,1.9,3.5,1.1,1.9,71.6,124.1,185.4,1.0,287.9,118.8,,359.8,35.8,140.4,3100.8000000000006
1743,2019-02-04,164.0,2.2,23.6,73.5,3.7,81.3,7.0,18.2,64.2,69.1,10.6,10.8,326.3,29.0,123.4,49.6,22.8,213.1,71.1,237.7,408.3,2.9,6.2,2.1,2.1,74.2,102.8,229.6,1.4,296.5,174.0,,268.0,38.1,123.7,3338.1
1744,2019-02-05,166.7,2.3,23.4,74.3,3.7,82.3,7.4,18.4,65.1,69.4,10.7,11.7,332.1,30.4,126.5,50.8,23.6,218.6,73.6,239.3,421.6,2.8,6.3,1.9,2.2,72.9,105.2,239.7,1.4,303.4,180.0,,274.7,38.7,129.7,3418.0
1745,2019-02-06,165.9,2.2,23.7,75.0,3.6,81.0,7.4,18.3,64.6,69.1,10.7,12.3,327.1,29.7,125.3,51.0,23.7,223.4,74.5,236.5,424.1,2.9,6.2,1.8,2.2,74.8,105.8,234.3,1.5,310.3,183.6,,259.3,39.8,132.3,3411.2000000000007
1746,2019-02-07,169.2,2.2,23.9,73.4,3.6,83.4,7.3,18.5,64.5,68.7,11.1,12.3,320.1,26.2,129.7,29.2,23.6,223.3,74.9,213.7,414.1,2.9,6.2,2.0,2.1,73.6,92.4,226.4,1.4,311.4,187.4,,221.2,37.1,129.6,3294.0
1747,2019-02-08,172.9,2.3,23.6,55.7,3.7,83.0,7.2,18.3,61.0,70.0,12.4,12.3,320.1,26.2,115.0,35.9,20.8,229.9,74.8,226.3,400.0,2.5,6.4,1.8,2.2,74.9,100.2,234.3,1.3,318.9,188.7,,231.0,33.6,131.0,3305.7999999999997
1748,2019-02-09,172.6,2.1,23.2,55.0,3.4,80.7,7.1,18.1,62.2,65.8,8.8,12.3,314.9,28.6,120.0,42.8,20.0,215.2,73.4,230.6,389.6,2.8,6.1,1.8,2.1,72.4,104.3,229.4,1.3,313.6,185.4,,248.0,39.2,124.0,3284.2
1749,2019-02-10,167.2,2.0,22.1,70.3,3.2,82.0,6.7,18.0,65.3,63.1,10.8,12.3,301.0,27.6,111.6,46.4,22.1,205.1,66.6,231.0,381.5,2.8,6.2,1.7,2.1,72.1,97.3,227.8,1.1,291.0,182.5,,252.2,36.4,111.6,3207.3999999999996
1750,2023-04-03,219.2,2.6,23.8,95.3,3.3,116.4,,,76.0,70.1,,13.9,403.6,29.5,114.2,56.8,29.5,291.8,89.1,234.7,567.8,2.7,4.8,1.7,2.1,106.5,113.9,212.3,1.5,357.4,285.5,,303.6,36.8,156.0,4093.2
1751,2023-04-04,225.1,2.8,26.1,103.9,3.2,119.2,,,75.5,70.6,,13.0,415.7,31.2,118.1,56.5,31.1,288.6,86.5,235.8,580.9,2.8,4.9,1.8,2.1,106.3,121.8,210.4,1.6,370.4,271.7,,307.3,38.1,183.1,4177.1
1752,2023-04-05,227.4,2.6,27.1,101.5,3.1,118.3,,,74.0,73.6,,13.8,414.6,31.9,124.6,58.3,31.4,292.9,86.8,238.5,560.1,2.8,5.3,1.8,2.1,111.2,119.8,220.0,1.6,370.3,270.3,,315.1,38.0,190.0,4200.199999999999
1753,2023-04-06,233.1,2.5,28.5,102.9,3.1,120.4,,,73.0,74.1,,13.8,421.0,31.9,124.5,55.0,30.2,294.9,89.1,240.4,555.6,2.7,5.1,1.9,2.1,107.3,123.7,219.4,1.6,378.4,270.0,,320.2,38.4,191.5,4227.300000000001
1754,2023-04-07,233.5,2.4,30.2,105.1,3.3,116.2,,,75.7,74.0,,13.9,428.5,32.3,128.6,56.3,31.0,277.1,83.3,239.0,522.8,2.7,4.9,1.6,2.1,108.5,129.3,229.3,1.6,379.0,265.3,,329.3,39.3,200.3,4217.3
1755,2023-04-08,225.0,2.5,31.2,109.0,3.3,110.2,,,76.9,71.8,,14.9,431.7,31.6,131.3,56.2,32.3,274.6,87.9,235.6,543.7,2.7,5.2,1.8,2.0,107.8,130.4,231.6,1.5,378.8,254.2,,337.2,37.6,204.3,4236.099999999999
1756,2023-04-09,226.9,2.6,30.6,110.7,3.1,117.5,,,75.8,70.7,,14.3,420.8,29.5,115.0,55.5,32.1,268.4,82.5,232.9,534.1,2.5,5.1,1.7,2.0,117.0,123.2,231.2,1.2,347.9,253.6,,336.9,36.4,194.3,4146.6
1757,2021-08-02,205.9,2.3,36.3,115.5,6.0,87.4,6.8,18.4,63.6,104.8,16.8,12.1,315.0,28.5,172.7,44.8,28.1,190.1,70.0,159.9,434.6,2.5,5.6,1.6,2.4,102.4,244.4,206.7,1.3,337.3,225.4,,377.7,42.6,168.8,3847.2
1758,2021-08-03,209.6,2.4,39.8,124.5,5.8,91.8,7.3,19.0,64.8,107.4,19.3,12.0,319.7,28.0,181.4,45.1,27.4,195.6,69.6,166.7,450.8,2.5,5.7,1.5,2.4,103.7,236.7,207.9,1.3,342.3,233.7,,404.0,43.7,171.4,3953.9
1759,2021-08-04,213.8,2.4,38.7,114.6,5.6,95.9,7.4,19.4,65.1,109.2,19.1,11.6,333.4,28.7,190.7,46.6,27.6,192.8,70.1,177.4,462.8,2.5,5.7,1.5,2.4,102.9,240.0,213.5,1.3,349.1,237.4,,426.6,45.7,163.9,4034.6999999999994
1760,2021-08-05,219.5,2.1,39.7,126.0,5.8,102.1,7.4,19.5,65.9,115.0,18.3,11.5,357.1,28.5,196.5,45.4,29.2,194.8,70.3,182.7,472.2,2.8,6.2,1.5,2.5,107.1,245.4,224.8,1.4,352.4,240.5,,437.7,44.6,165.7,4151.0
1761,2021-08-06,216.6,2.2,37.5,130.6,6.2,106.9,7.4,19.1,65.7,118.9,15.9,11.5,372.2,28.6,201.1,42.3,28.9,195.6,69.4,187.2,480.2,2.6,5.7,1.6,2.7,109.3,241.2,234.6,1.4,350.2,237.5,,453.7,45.2,169.7,4208.599999999999
1762,2021-08-07,219.2,2.4,36.1,123.0,6.0,109.9,7.3,19.7,65.6,112.1,17.6,11.6,385.6,30.9,203.1,46.7,27.9,194.4,67.6,194.6,497.3,2.6,5.6,1.6,2.4,108.6,252.1,236.0,1.3,334.7,242.5,,445.5,44.9,169.1,4234.599999999999
1763,2021-08-08,214.7,2.3,36.2,118.3,5.3,111.5,6.5,19.1,65.0,101.1,19.1,11.0,379.7,24.3,180.5,44.9,27.3,186.1,61.3,192.3,494.1,2.6,5.5,1.5,2.4,106.6,259.8,231.5,1.0,315.8,235.3,,422.6,42.1,154.8,4090.7999999999993
1764,2021-11-22,147.7,2.2,24.1,71.6,3.0,75.1,7.5,19.5,65.8,60.9,18.0,12.5,346.3,30.1,115.0,54.7,27.0,147.9,71.7,269.7,481.0,2.9,6.9,1.7,2.2,94.9,112.5,235.6,1.8,264.5,142.4,,274.1,34.4,119.2,3351.7
1765,2021-11-23,154.2,2.4,24.9,73.5,3.1,78.0,7.8,19.8,65.5,61.9,19.3,12.7,354.4,31.4,121.0,55.9,26.3,150.1,72.8,276.3,496.7,2.8,6.9,1.7,2.3,94.5,116.2,231.9,1.8,271.7,147.7,,281.6,35.3,120.7,3430.5
1766,2021-11-24,154.9,2.1,26.4,72.3,3.1,77.6,7.8,19.9,62.8,62.2,20.2,12.8,347.8,31.5,123.7,55.7,27.1,147.3,72.8,280.7,504.8,3.0,7.1,1.6,2.1,94.4,118.6,245.1,1.9,275.6,151.2,,282.8,36.3,120.0,3460.7000000000007
1767,2021-11-25,155.6,2.4,24.9,72.5,3.1,78.1,7.7,19.7,65.6,62.3,18.2,12.7,352.9,31.8,123.5,56.7,25.8,147.1,72.0,283.9,501.5,2.9,7.0,1.7,2.6,102.9,118.4,243.6,1.9,268.9,151.4,,287.3,36.5,119.4,3469.6
1768,2021-11-26,155.9,2.4,25.0,71.7,3.2,77.7,7.6,19.5,65.6,64.0,18.1,12.7,355.9,32.4,126.1,57.7,26.8,151.0,71.3,286.5,498.5,3.0,7.0,1.6,2.6,105.4,119.5,249.8,1.9,259.1,153.7,,287.4,37.1,118.3,3482.9
1769,2021-11-27,153.1,2.3,24.7,71.4,3.1,72.9,7.7,19.5,64.9,60.4,18.4,12.4,362.3,31.3,125.7,56.7,26.7,148.9,71.5,286.3,493.3,3.0,6.9,1.6,2.1,104.6,119.8,251.7,1.8,252.6,151.6,,285.9,36.7,116.1,3454.8
1770,2021-11-28,143.3,2.4,23.2,72.4,2.9,73.9,7.0,18.9,65.1,58.8,18.1,10.9,347.0,27.6,114.7,54.6,27.7,132.9,65.4,287.7,473.0,2.7,6.5,1.7,2.1,98.1,117.5,250.3,1.5,229.4,144.5,,277.0,34.2,107.3,3306.6000000000004
1771,2021-12-20,165.8,2.3,24.2,77.9,4.1,79.8,6.1,19.2,65.6,72.1,17.3,11.1,349.2,34.6,134.2,45.9,28.7,182.4,74.1,292.8,477.5,3.3,7.3,1.8,2.6,105.1,135.3,274.9,1.5,276.6,181.1,,319.6,41.4,108.9,3631.1
1772,2021-12-21,167.3,2.4,24.6,81.0,4.0,81.9,7.2,19.2,65.6,72.4,17.1,11.6,355.9,34.6,137.9,58.2,26.6,190.9,74.3,298.7,488.6,3.2,7.3,1.8,2.4,102.5,136.3,280.0,1.8,286.8,183.1,,323.2,42.3,112.4,3710.1
1773,2021-12-22,168.8,2.3,24.4,82.7,4.0,82.7,7.4,19.4,66.9,71.9,17.3,11.8,353.2,34.9,139.0,61.9,27.3,193.9,74.4,300.5,489.5,3.2,7.3,1.9,2.6,106.2,136.0,277.4,2.0,288.5,185.5,,324.6,42.2,113.6,3732.2
1774,2021-12-23,170.3,2.3,24.8,81.7,4.0,83.8,7.3,19.6,68.6,72.0,16.2,12.0,360.2,34.5,136.2,58.6,29.9,200.5,74.8,302.0,492.4,3.1,7.5,1.8,2.3,113.0,130.2,281.2,2.0,293.0,186.7,,323.1,42.9,112.8,3758.3
1775,2021-12-24,172.6,2.3,25.2,82.3,3.5,84.5,7.5,19.3,67.0,73.3,16.5,11.9,372.2,35.1,135.8,57.1,32.0,203.2,73.7,305.1,486.5,3.5,7.6,1.8,2.5,110.1,129.9,287.5,1.9,295.8,191.3,,321.5,42.6,115.2,3784.8
1776,2021-12-25,171.3,2.3,24.7,81.8,3.6,84.4,6.0,19.3,67.4,68.0,17.0,10.9,368.1,35.2,133.2,60.1,31.3,199.0,66.3,303.9,485.8,3.0,7.3,1.8,2.5,100.6,127.4,285.2,2.0,287.3,189.2,,313.7,41.4,109.7,3717.499999999999
1777,2021-12-26,167.8,2.3,23.2,81.7,3.7,83.1,7.0,18.9,65.7,64.7,17.9,10.6,351.4,33.8,117.0,58.8,29.1,187.1,64.7,300.6,473.8,3.4,7.3,2.1,2.1,105.0,118.1,267.3,2.0,263.1,185.5,,308.0,40.4,102.2,3575.6
1778,2018-02-05,166.0,2.4,23.1,68.0,3.4,74.0,7.1,17.3,67.9,63.8,10.1,9.6,292.5,26.5,123.4,43.4,24.6,205.3,67.2,212.4,424.7,2.6,5.5,1.8,2.0,76.6,109.0,211.7,1.8,278.9,180.9,,293.4,35.7,115.1,3254.1000000000004
1779,2018-02-06,166.7,2.4,23.5,68.2,3.3,73.6,7.0,17.9,67.7,63.8,9.6,9.6,292.8,26.9,123.9,45.6,23.9,213.8,69.6,212.8,432.5,2.5,5.6,1.7,2.1,77.8,110.4,210.5,1.6,291.6,183.8,,300.4,36.5,118.1,3304.3999999999996
1780,2018-02-07,168.4,2.4,23.7,67.4,3.4,75.7,7.3,17.8,69.1,65.2,9.9,9.3,292.1,27.8,125.7,44.9,24.0,210.3,68.3,208.0,427.7,2.5,5.7,1.7,2.3,81.5,111.0,206.2,1.4,293.3,183.0,,298.9,35.7,119.4,3297.8
1781,2018-02-08,167.8,2.3,23.3,66.7,3.4,75.4,7.4,17.8,68.0,65.5,10.6,9.5,298.8,27.3,129.0,45.5,23.9,206.9,69.4,207.2,427.7,2.6,5.1,1.7,2.1,82.8,118.5,203.4,1.6,273.6,182.7,,297.9,35.1,118.5,3285.9000000000005
1782,2018-02-09,170.3,2.4,22.8,67.3,3.4,77.3,7.4,17.5,69.7,66.5,10.2,9.7,298.8,28.1,130.7,45.8,22.9,209.2,68.9,209.8,411.0,2.7,5.4,1.6,2.3,79.0,128.1,208.1,1.8,286.3,188.9,,298.1,37.1,119.4,3315.5
1783,2018-02-10,171.2,2.4,22.8,67.6,3.2,77.0,7.4,17.8,70.2,62.2,8.8,9.7,299.1,26.2,129.4,45.7,23.0,202.4,69.2,207.1,414.7,2.6,5.5,1.7,2.1,81.0,129.8,208.7,1.7,286.7,187.3,,299.1,36.4,118.9,3305.6
1784,2018-02-11,169.4,2.0,21.8,68.9,3.0,69.0,7.0,17.5,69.1,60.6,11.3,9.7,287.2,25.9,118.4,20.2,23.6,192.2,64.7,182.9,385.5,2.5,5.2,1.6,2.0,79.1,111.0,205.4,1.5,267.5,181.0,,274.4,33.8,108.5,3089.7000000000003
1785,2019-12-02,151.6,2.3,23.4,65.3,3.4,71.7,6.8,18.2,58.0,60.8,5.8,12.4,330.3,28.3,109.1,44.3,23.7,167.4,70.0,248.2,437.4,2.4,6.0,1.6,2.2,85.4,100.2,210.4,1.5,230.6,157.3,,240.5,33.0,108.5,3124.4
1786,2019-12-03,152.6,2.3,22.0,66.1,3.5,71.9,7.3,18.5,60.0,62.5,5.6,12.4,331.3,28.4,115.8,44.4,23.6,165.0,69.8,250.3,439.8,2.3,6.0,1.7,2.2,86.0,102.1,217.5,1.7,242.5,156.0,,239.9,35.0,110.9,3163.4
1787,2019-12-04,153.2,2.1,22.2,65.1,3.2,71.5,7.4,18.8,59.3,62.6,6.2,12.4,330.8,29.6,118.6,45.3,23.8,172.9,70.2,251.9,445.8,2.5,6.0,1.7,2.2,79.4,107.9,220.4,1.7,251.7,165.9,,245.0,35.4,110.1,3209.3
1788,2019-12-05,156.4,2.1,21.5,66.2,3.5,73.1,7.4,18.9,60.9,63.5,5.9,12.4,336.3,29.9,119.4,46.4,24.4,174.5,69.8,253.1,449.6,2.3,5.9,1.8,2.2,75.1,112.0,222.7,1.6,254.2,172.5,,250.4,35.3,110.4,3248.3
1789,2019-12-06,156.0,2.2,22.6,67.6,3.6,72.8,7.4,18.7,61.6,65.0,6.4,12.5,331.9,30.4,121.6,45.9,23.8,179.9,68.7,253.3,441.9,2.4,6.0,1.8,2.2,75.8,114.0,225.4,1.7,257.7,181.5,,249.4,36.1,110.8,3265.2
1790,2019-12-07,155.0,2.3,21.5,66.8,3.4,72.5,7.3,18.6,59.9,62.0,6.2,12.3,325.8,30.0,120.5,46.4,23.8,177.1,69.8,255.1,434.6,2.2,6.0,1.8,2.2,74.0,113.8,223.2,1.7,250.4,181.7,,248.3,35.0,114.1,3232.0000000000005
1791,2019-12-08,150.3,2.1,21.1,67.6,3.1,73.0,6.7,18.2,60.3,59.3,5.7,12.3,312.0,26.4,109.0,45.4,24.3,169.7,64.7,252.3,421.6,2.5,6.1,1.7,2.2,73.8,108.5,219.8,1.4,229.0,175.6,,242.3,32.1,107.6,3113.9
1792,2020-02-03,184.4,2.2,22.4,77.3,4.1,80.9,7.0,18.4,65.0,70.7,5.4,9.5,332.1,30.2,123.6,50.2,25.8,233.6,73.3,270.1,459.1,2.7,6.7,1.7,2.3,76.0,113.0,245.1,2.0,298.9,208.6,,283.5,38.3,113.4,3544.7000000000003
1793,2020-02-04,180.6,2.2,22.3,77.8,4.2,77.7,7.3,18.0,65.3,69.8,5.7,10.0,333.9,30.7,128.5,53.6,25.2,233.9,74.3,265.0,464.5,2.7,6.5,1.7,2.3,69.9,120.2,249.0,1.9,311.3,215.2,,287.4,39.3,121.4,3586.6000000000004
1794,2020-02-05,184.6,2.3,22.7,77.4,4.1,74.1,7.4,18.1,63.6,71.7,5.4,10.0,332.6,30.1,131.6,50.2,25.2,239.1,75.6,262.7,464.8,2.7,6.6,1.8,2.4,68.9,120.5,250.3,2.0,311.0,228.9,,290.9,39.3,119.9,3606.0
1795,2020-02-06,189.5,2.3,22.8,77.0,4.1,75.6,7.1,18.2,64.7,70.7,5.7,9.8,337.0,30.5,131.6,49.7,25.1,239.5,75.4,267.7,463.7,2.7,6.9,1.6,2.3,71.0,123.8,251.7,2.0,312.9,226.2,,292.0,39.4,120.7,3628.399999999999
1796,2020-02-07,188.1,2.2,23.9,79.6,4.2,71.8,7.3,17.9,67.0,73.4,6.2,9.6,337.3,31.1,133.0,51.1,25.7,238.3,75.4,267.7,452.7,2.3,6.7,1.6,2.1,72.0,126.0,249.7,2.1,314.7,226.7,,295.5,40.1,121.4,3631.9
1797,2020-02-08,187.4,2.0,23.0,76.4,3.9,72.8,7.3,18.0,68.6,62.0,5.4,9.6,333.9,30.3,131.6,50.7,25.4,230.7,73.4,266.9,449.6,2.4,6.7,1.7,2.2,77.0,127.2,247.4,1.9,314.6,220.6,,295.4,39.2,120.2,3592.9999999999995
1798,2020-02-09,180.5,2.7,20.9,75.9,3.5,69.3,6.6,17.7,65.6,72.1,5.3,8.3,318.9,27.5,122.9,49.9,25.4,214.3,67.0,261.6,428.1,2.1,6.4,1.6,2.2,84.3,121.6,243.3,1.0,295.9,192.9,,286.3,35.6,111.2,3435.2999999999997
1799,2020-11-30,135.6,2.1,22.9,73.9,3.0,74.1,7.3,18.4,65.8,60.0,17.5,10.0,343.9,28.6,123.5,52.2,25.3,187.6,73.4,278.2,465.6,2.7,5.7,1.6,2.1,68.3,117.5,235.9,1.6,255.1,143.4,,246.2,35.6,109.5,3300.8999999999996
1800,2020-12-01,139.5,2.1,23.3,71.9,3.2,74.3,7.2,18.1,62.7,61.2,16.6,10.4,346.8,29.5,126.9,50.6,24.8,193.6,73.7,279.5,471.3,3.0,5.9,1.6,2.1,71.2,117.0,240.0,1.6,264.0,139.9,,259.1,34.6,111.3,3345.2
1801,2020-12-02,147.2,2.2,24.2,72.4,3.3,75.0,7.4,18.2,61.8,63.3,17.2,10.0,345.7,30.1,133.3,51.8,24.0,197.1,72.6,282.6,473.0,2.9,6.2,1.6,2.1,71.5,127.4,242.6,1.6,263.3,148.7,,259.7,36.8,111.8,3395.2000000000003
1802,2020-12-03,145.0,2.2,24.4,73.3,3.2,71.8,6.1,18.4,65.8,59.9,17.3,9.5,350.4,30.6,133.7,52.6,23.7,196.2,70.7,283.7,467.4,3.0,6.0,1.6,2.3,81.7,127.6,245.2,1.7,243.0,151.7,,260.6,37.0,113.1,3386.7999999999993
1803,2020-12-04,147.0,2.2,24.0,74.6,3.3,77.1,7.3,18.3,63.6,63.7,17.5,10.0,354.9,31.2,132.4,53.5,23.8,194.4,69.4,286.1,459.2,3.0,6.4,1.6,2.3,79.9,130.8,251.6,1.6,242.1,157.0,,263.6,37.4,112.7,3409.7999999999997
1804,2020-12-05,148.5,2.3,24.0,73.6,3.2,77.7,7.5,18.2,63.7,61.1,17.3,10.2,353.5,31.2,132.6,52.5,24.1,191.1,69.8,287.7,455.7,3.1,6.0,1.7,2.2,67.6,131.1,250.1,1.6,240.9,157.8,,264.5,37.2,114.1,3389.9999999999995
1805,2020-12-06,145.9,2.1,22.5,73.1,3.0,78.4,7.0,18.0,65.1,58.6,17.9,8.9,340.3,27.5,119.5,51.7,23.7,176.8,64.3,284.0,439.1,3.0,6.3,1.7,2.2,66.7,126.2,245.3,1.5,221.1,157.3,,255.6,33.9,102.7,3257.1000000000004
1806,2024-03-04,227.1,3.1,28.2,81.8,3.6,128.4,,,69.1,63.0,,12.9,380.4,31.4,132.3,58.6,32.0,320.2,96.3,226.6,582.5,3.0,6.3,2.4,2.5,117.6,138.3,291.8,1.6,377.9,294.4,3.9,281.8,38.1,150.2,4259.6
1807,2024-03-05,239.2,3.1,27.3,82.0,3.7,129.8,,,70.8,69.8,,13.0,387.6,33.5,141.1,60.0,33.6,325.7,98.2,235.4,591.0,3.0,6.2,2.3,2.3,118.5,146.9,298.3,1.9,388.7,297.3,4.0,290.8,41.4,159.3,4378.1
1808,2024-03-06,240.4,2.9,28.0,86.5,3.7,129.7,,,68.0,71.2,,13.2,388.1,33.8,142.8,59.5,36.0,323.9,97.3,242.8,591.2,3.1,6.1,1.9,2.3,122.4,149.2,302.4,1.9,393.2,298.4,3.9,287.0,40.7,162.0,4406.0
1809,2024-03-07,242.0,2.8,28.4,87.1,3.6,127.7,,,71.6,68.4,,13.0,403.6,33.5,144.1,59.2,35.1,326.1,97.1,245.3,596.4,3.1,6.1,1.8,2.1,133.9,152.2,302.3,1.9,395.3,303.8,3.9,289.3,40.3,160.6,4456.000000000001
1810,2024-03-08,240.5,2.9,29.5,90.3,3.4,129.4,,,71.3,70.6,,14.7,389.3,32.3,143.5,52.6,34.3,328.9,95.6,250.2,593.7,3.1,6.1,1.8,2.1,129.4,159.7,301.7,2.0,394.2,305.2,4.1,292.0,39.1,163.0,4447.0
1811,2024-03-09,239.0,2.8,28.0,89.2,3.3,130.2,,,71.6,66.0,,13.3,402.1,31.4,141.3,56.6,33.7,322.7,96.7,250.9,597.2,3.3,6.5,2.1,2.2,129.8,157.9,299.8,2.0,390.9,298.6,4.1,299.4,38.8,164.9,4445.4
1812,2024-03-10,236.0,2.6,26.9,93.0,3.2,131.7,,,72.2,64.3,,12.8,403.3,29.1,128.5,56.1,34.4,307.3,91.4,249.7,585.8,3.0,6.1,2.0,2.2,134.0,150.1,290.1,1.5,359.6,293.3,3.6,298.8,37.2,155.0,4336.7
1813,2021-04-26,204.3,2.1,31.8,116.4,3.5,101.4,6.5,17.0,67.2,66.3,17.6,12.2,378.9,27.9,135.3,51.4,30.3,214.8,80.4,228.5,529.2,2.6,3.7,1.6,2.4,106.4,129.6,216.3,0.9,349.7,187.6,,358.0,36.1,186.5,3913.3
1814,2021-04-27,204.9,2.0,34.0,116.4,3.8,101.4,6.8,17.3,67.6,70.8,18.0,12.1,384.4,28.8,145.0,50.8,30.1,223.1,81.9,229.7,517.7,2.6,4.5,1.7,2.4,108.0,130.7,221.6,1.0,360.9,182.7,,364.1,37.7,190.9,3964.599999999999
1815,2021-04-28,206.2,2.2,27.7,117.7,4.3,101.7,6.8,17.2,68.0,76.1,17.7,10.4,377.8,30.3,138.2,50.0,31.1,223.3,82.8,231.8,522.3,2.7,4.2,1.7,2.4,118.7,138.5,227.4,0.9,366.3,182.2,,381.9,38.9,188.9,4007.6
1816,2021-04-29,206.0,2.1,31.4,116.8,4.3,101.1,6.8,16.7,65.9,79.1,17.5,11.6,383.1,29.3,150.5,47.7,27.7,221.0,84.6,229.5,519.7,2.7,4.4,1.8,2.3,118.0,150.8,228.3,0.9,371.2,180.9,,377.5,36.8,178.5,4015.6
1817,2021-04-30,202.9,2.4,33.2,111.7,4.5,98.5,6.7,16.4,60.9,80.1,17.7,11.1,382.1,29.2,146.9,50.9,23.1,210.1,83.0,228.7,515.3,2.3,4.4,1.4,2.2,112.3,154.9,223.6,1.0,369.0,175.7,,369.6,37.6,172.2,3950.7999999999993
1818,2021-05-01,195.1,2.1,27.7,104.5,4.8,96.6,4.9,15.2,60.1,79.7,16.3,9.9,371.6,27.8,145.1,52.1,25.6,202.5,73.6,219.9,470.8,2.3,5.3,1.5,2.1,103.4,155.9,217.5,0.8,335.4,166.5,,384.8,36.4,148.7,3774.4
1819,2021-05-02,196.7,2.1,28.3,103.9,4.8,92.2,5.0,15.1,60.2,80.0,15.9,9.4,353.6,26.1,137.3,51.5,26.0,198.3,74.2,211.2,472.3,2.4,5.3,1.4,2.1,104.3,150.3,213.2,0.8,319.1,166.0,,365.7,33.7,144.7,3681.3
1820,2021-07-19,161.7,2.3,35.4,125.4,5.6,114.5,6.9,19.0,66.2,100.8,16.9,11.2,338.3,27.3,150.2,38.3,29.8,146.9,65.8,225.8,418.2,2.5,5.9,1.6,2.7,119.4,286.5,244.0,1.4,289.8,187.8,,373.9,36.4,179.8,3846.2
1821,2021-07-20,164.0,2.4,39.0,117.4,5.2,109.5,7.4,18.8,66.1,98.2,18.0,11.1,335.8,26.7,152.8,43.6,28.7,147.5,68.5,217.3,415.8,2.5,5.7,1.6,2.5,114.0,206.7,250.9,1.4,304.9,193.6,,382.1,38.4,170.6,3777.1
1822,2021-07-21,156.7,2.2,39.2,126.9,5.2,96.8,7.4,19.4,65.0,100.2,19.8,11.1,329.5,28.5,165.8,46.9,29.8,140.8,64.6,215.9,398.3,2.6,5.8,1.5,2.6,111.1,202.5,258.6,1.4,309.9,155.3,,396.2,40.1,170.7,3736.7
1823,2021-07-22,142.0,2.4,39.1,127.6,5.8,94.6,7.3,19.6,65.5,110.7,18.7,11.2,354.2,27.2,179.2,47.0,30.6,145.6,65.9,215.8,388.2,2.7,5.4,1.7,2.6,111.1,241.3,263.5,1.3,306.9,134.4,,406.6,40.5,175.6,3800.099999999999
1824,2021-07-23,149.1,2.2,37.4,126.5,6.1,93.5,7.4,19.3,63.5,113.5,17.8,11.3,364.9,29.5,188.7,48.3,30.3,144.8,67.8,209.6,396.8,2.6,5.4,1.6,2.6,107.3,260.0,257.9,1.3,313.0,144.2,,437.7,43.2,169.5,3883.2
1825,2021-07-24,160.1,2.2,39.8,114.2,6.4,85.1,7.4,19.3,64.6,113.4,18.0,11.4,344.8,30.3,202.5,48.4,29.4,145.6,64.2,196.6,397.0,2.5,5.3,1.6,2.5,110.7,272.2,258.8,1.3,318.7,160.4,,440.5,45.4,162.4,3892.1
1826,2021-07-25,169.1,2.3,37.8,129.7,6.0,90.4,6.5,18.9,64.5,116.3,18.6,10.9,304.5,27.5,201.0,45.9,30.4,131.5,60.1,189.1,387.9,2.5,5.6,1.6,2.6,113.9,286.0,255.2,1.1,296.6,177.0,,457.6,42.6,165.1,3865.1
1827,2018-07-09,155.5,2.1,31.5,94.9,7.0,80.1,7.1,17.4,68.7,139.0,10.4,9.2,328.7,25.4,216.5,41.6,25.0,168.8,62.2,170.5,389.0,2.3,5.9,1.4,2.1,79.1,270.4,239.6,1.1,306.3,140.7,,422.6,45.4,169.8,3745.0
1828,2018-07-10,155.0,2.3,32.8,94.5,7.0,83.4,7.4,17.7,69.8,139.7,10.1,9.2,326.1,24.9,218.9,40.0,24.9,168.6,61.8,167.4,390.8,2.5,5.5,1.5,2.3,80.3,277.1,238.4,1.1,306.6,179.4,,428.4,46.2,170.3,3799.9
1829,2018-07-11,154.1,2.4,33.8,97.2,6.8,84.4,7.4,17.8,70.1,135.5,11.8,9.2,310.7,24.5,221.5,38.2,24.6,163.9,49.7,166.0,392.8,2.5,5.3,1.4,2.2,82.1,262.2,229.0,1.3,300.1,160.4,,424.0,44.5,169.3,3714.7
1830,2018-07-12,148.6,2.2,32.2,95.7,6.7,85.3,7.4,17.7,70.8,130.9,11.6,9.2,305.0,28.9,218.4,42.7,24.1,160.3,61.4,156.7,392.1,2.4,5.4,1.2,2.2,86.5,263.5,218.2,1.3,299.4,140.1,,391.2,41.9,169.1,3638.3
1831,2018-07-13,153.7,2.4,31.5,97.9,5.9,81.0,8.6,16.5,71.5,120.7,11.4,9.2,303.4,27.8,196.2,41.1,24.6,156.1,62.1,158.7,383.1,2.4,5.6,1.5,2.4,77.0,225.5,227.3,1.2,301.3,146.8,,379.8,42.2,173.4,3557.7999999999997
1832,2018-07-14,150.6,2.4,32.8,100.3,5.5,78.6,9.5,17.4,71.3,109.4,11.4,8.8,298.1,29.1,187.2,43.7,24.9,152.8,60.3,161.2,388.9,2.5,5.5,1.6,2.3,69.9,238.7,196.3,1.1,297.4,145.6,,351.4,41.3,171.4,3477.0
1833,2018-07-15,147.5,2.1,31.0,99.3,5.3,77.8,6.8,17.3,69.5,109.5,10.9,8.8,269.8,26.5,190.0,42.4,23.7,145.8,49.6,164.0,373.0,2.4,5.8,1.4,2.1,75.9,246.8,185.2,1.3,281.4,145.4,,382.3,41.5,170.6,3420.0
1834,2019-09-09,181.9,2.0,34.2,113.0,6.4,78.9,7.1,18.6,61.0,128.5,6.0,11.0,284.7,29.9,214.1,40.0,25.3,187.0,67.1,174.7,395.1,2.4,5.3,1.7,2.1,95.7,237.2,232.7,1.0,318.2,200.5,,421.3,42.0,166.9,3801.8000000000006
1835,2019-09-10,186.9,2.3,35.0,103.6,6.4,83.8,7.4,18.7,61.1,126.9,5.7,11.8,278.2,31.6,220.1,42.8,23.6,191.6,64.5,180.4,395.6,2.4,5.6,1.8,2.1,99.2,251.9,246.5,1.1,329.9,205.9,,437.4,43.3,173.9,3887.8
1836,2019-09-11,186.6,2.2,34.7,109.1,6.7,86.5,7.3,18.7,64.4,134.9,5.0,11.8,277.2,31.6,223.2,42.9,25.5,189.5,58.9,179.5,400.3,2.5,5.7,1.7,2.2,98.5,255.0,253.5,1.0,313.2,206.8,,424.0,44.3,174.3,3887.1
1837,2019-09-12,183.0,2.1,34.1,106.4,6.7,84.7,7.3,18.5,62.2,137.2,5.5,11.8,267.2,31.7,222.6,44.9,23.4,194.7,61.2,167.9,377.8,2.4,5.5,1.8,2.2,96.5,264.6,253.0,1.0,289.2,199.1,,426.5,42.1,162.9,3805.1
1838,2019-09-13,184.5,2.2,32.3,102.7,6.4,85.4,7.4,18.4,61.3,132.6,5.5,11.9,282.3,30.6,224.4,41.3,24.9,193.9,65.2,162.6,383.5,2.5,5.6,1.2,2.3,98.9,259.7,247.4,0.9,291.4,199.1,,393.0,42.9,160.9,3772.400000000001
1839,2019-09-14,180.5,2.2,31.5,104.2,6.0,89.1,7.3,18.4,63.5,125.3,5.8,11.8,287.7,31.0,218.5,42.2,25.8,190.9,67.2,162.8,390.7,2.4,5.7,1.8,2.5,100.1,259.0,243.3,1.0,288.8,199.8,,390.4,41.3,166.7,3772.6
1840,2019-09-15,175.6,2.1,30.8,108.6,5.5,93.9,6.8,18.2,63.1,116.2,5.8,11.8,280.1,28.7,200.9,39.7,26.2,185.5,63.1,166.2,382.4,2.5,5.5,1.7,2.2,102.8,248.8,237.1,0.7,262.3,189.3,,393.1,38.5,164.9,3667.4
1841,2017-02-13,154.3,2.1,21.7,57.9,3.4,74.0,6.7,17.0,63.7,60.0,7.7,9.2,279.2,26.5,117.1,42.0,21.8,202.4,64.8,192.1,432.5,2.1,6.2,1.4,1.8,68.9,103.3,200.8,1.8,280.8,164.0,,285.9,34.6,115.7,3129.5
1842,2017-02-14,159.0,2.0,22.9,60.9,3.5,77.2,6.9,17.0,64.0,61.1,9.0,9.5,286.8,24.7,120.9,42.7,23.7,207.6,67.2,196.3,441.3,2.2,6.0,1.4,1.8,67.0,109.4,189.0,1.7,291.8,167.5,,287.0,35.3,117.2,3187.9
1843,2017-02-15,156.5,2.1,23.2,60.4,3.5,77.1,7.1,16.9,65.7,61.4,8.8,9.6,289.7,25.5,120.4,42.6,23.5,207.9,68.7,198.4,447.2,2.2,6.2,1.4,1.7,66.2,108.5,207.3,1.2,288.3,168.0,,280.9,28.0,114.8,3197.4
1844,2017-02-16,157.5,2.1,22.6,63.1,3.4,76.3,7.0,16.9,63.5,61.2,10.4,9.5,295.6,25.1,121.5,41.8,23.5,206.2,67.8,199.1,445.8,2.2,6.2,1.4,1.7,67.5,110.9,216.0,1.8,282.7,168.6,,277.7,33.0,117.2,3213.2999999999993
1845,2017-02-17,156.3,2.2,22.7,62.2,3.4,76.0,7.0,16.5,62.2,62.5,7.8,9.1,299.6,24.6,123.1,41.7,23.8,207.7,65.7,200.4,437.9,2.2,6.3,1.4,1.8,69.6,101.3,209.0,1.6,283.1,170.2,,281.7,35.4,117.8,3200.4
1846,2017-02-18,157.0,2.0,22.6,60.1,3.3,78.8,7.0,16.7,62.1,58.5,7.7,9.7,299.3,24.7,122.2,42.4,21.8,208.2,64.6,201.2,441.3,2.1,5.5,1.4,1.8,69.5,103.3,212.8,1.6,286.0,169.4,,277.3,34.5,117.1,3199.2000000000003
1847,2017-02-19,155.6,2.2,21.4,59.1,3.0,77.9,7.0,16.5,62.5,57.0,9.0,8.8,289.7,22.8,114.8,42.6,21.7,201.1,59.6,199.4,439.4,2.2,5.7,1.4,2.1,69.3,100.7,213.1,2.0,267.4,166.5,,275.8,33.1,112.4,3128.8
1848,2022-01-31,188.1,2.8,25.7,90.0,4.0,84.7,7.2,19.3,71.8,71.6,18.4,11.7,357.8,33.0,120.9,63.0,31.2,240.7,79.6,294.4,504.4,3.7,7.8,1.9,2.4,96.7,118.1,276.6,1.9,308.7,210.0,,329.3,42.2,124.9,3851.7
1849,2022-02-01,190.9,2.8,25.1,89.8,3.8,90.6,7.4,19.0,68.3,73.5,16.8,11.7,359.6,33.0,125.9,56.3,30.9,241.4,81.0,295.7,507.9,3.6,7.7,2.0,2.3,96.0,123.8,275.8,2.1,316.9,212.7,,325.1,40.5,125.4,3873.0
1850,2022-02-02,193.6,2.7,25.0,89.2,4.3,92.1,7.6,19.5,68.8,73.4,16.5,12.3,351.9,35.3,125.6,60.1,30.4,244.1,80.8,300.6,516.5,3.6,7.4,2.0,2.2,95.8,126.1,280.0,1.9,319.3,212.2,,327.6,43.4,121.7,3901.1999999999994
1851,2022-02-03,171.0,2.8,26.1,84.9,4.4,93.1,7.6,19.7,70.6,76.1,17.9,12.0,358.3,35.5,119.0,63.2,32.8,242.2,80.8,296.4,510.8,3.6,7.6,2.0,2.3,96.0,119.8,278.3,2.0,320.6,212.6,,289.1,43.3,123.8,3833.8000000000006
1852,2022-02-04,171.9,2.6,23.8,62.3,4.5,87.5,7.6,19.7,66.6,77.4,19.1,11.9,366.7,35.4,125.8,63.7,23.2,241.3,78.3,299.1,514.9,3.2,7.5,1.7,2.2,96.2,124.8,282.1,1.9,323.7,211.6,,304.0,43.8,109.9,3823.500000000001
1853,2022-02-05,193.9,2.3,21.2,80.2,4.0,91.8,7.5,19.7,69.9,72.7,16.7,11.8,354.1,34.5,128.8,60.7,29.4,243.9,75.2,300.9,510.7,3.2,7.0,1.8,2.5,96.5,121.5,277.0,2.2,327.8,211.7,,317.1,43.1,108.1,3857.2
1854,2022-02-06,199.7,2.4,22.8,85.7,3.7,92.1,7.1,19.2,69.5,67.5,17.8,10.8,340.7,32.8,114.9,59.1,29.7,229.9,67.9,300.0,502.3,3.2,7.5,1.8,2.4,100.9,112.2,276.4,1.4,296.3,204.5,,311.3,39.5,104.5,3744.7
1855,2024-09-16,238.4,3.0,47.7,106.3,5.6,116.6,,,58.2,107.1,,13.4,427.9,34.5,204.5,53.9,24.6,255.2,76.3,239.0,526.1,2.9,4.6,1.9,3.2,106.1,312.6,296.2,1.2,389.5,286.7,,463.7,46.0,152.3,4680.7
1856,2024-09-17,242.6,3.2,49.6,117.2,6.1,101.5,,,60.4,114.2,,13.7,419.4,34.8,217.7,54.7,28.4,262.0,82.3,210.7,514.7,2.7,4.2,1.9,2.9,116.2,310.8,303.2,1.3,405.3,289.5,,416.5,44.1,167.9,4674.4
1857,2024-09-18,245.0,4.6,51.3,138.3,6.0,109.8,,,66.7,107.8,,14.0,444.0,37.0,209.7,55.5,38.3,269.1,84.8,199.6,535.2,2.0,4.5,2.3,3.5,121.2,296.8,300.5,1.3,406.1,296.5,,377.9,45.4,195.0,4745.099999999999
1858,2024-09-19,246.1,3.4,54.5,149.3,5.9,121.2,,,71.2,103.0,,14.3,470.3,35.4,199.7,51.4,41.9,277.6,86.4,224.0,555.6,3.2,4.7,2.5,3.3,129.7,266.6,299.2,1.3,403.1,303.8,,421.8,45.7,222.2,4894.7
1859,2024-09-20,242.6,3.6,55.8,159.5,6.2,130.8,,,73.2,111.2,,14.6,481.7,37.2,214.2,53.1,43.4,281.7,86.8,245.3,566.7,3.2,4.7,2.4,3.3,131.3,264.4,297.5,1.5,408.0,299.5,,464.1,49.3,238.6,5051.500000000001
1860,2024-09-21,231.9,3.4,55.1,159.9,6.4,131.8,,,73.8,115.1,,15.1,490.2,37.9,229.1,53.9,45.2,269.0,84.9,259.7,550.0,2.4,4.4,2.3,3.3,130.8,296.8,317.7,1.3,381.8,251.3,,492.9,51.2,232.0,5053.2
1861,2024-09-22,225.8,3.5,52.2,163.5,6.2,125.1,,,73.6,117.8,,13.4,471.4,35.7,223.7,53.7,45.5,239.3,79.0,264.1,527.0,2.8,4.3,2.2,3.2,124.6,300.3,325.9,1.0,354.6,231.8,,508.7,48.5,227.9,4924.4
1862,2019-07-22,165.3,2.2,29.5,104.2,6.3,110.2,7.5,18.9,66.6,116.6,5.8,11.4,342.2,30.7,194.3,42.4,27.1,171.9,60.0,219.0,441.2,2.6,5.8,1.9,2.2,98.7,245.9,242.2,1.3,297.9,184.1,,422.1,42.9,194.3,3922.9
1863,2019-07-23,168.2,2.3,27.8,97.4,6.8,111.6,7.8,19.2,63.7,129.0,4.8,11.0,355.4,30.4,211.3,42.8,24.8,164.5,60.7,229.2,451.4,2.5,5.4,1.9,2.0,102.5,253.7,251.4,1.2,299.0,191.1,,428.8,43.3,192.2,4002.9
1864,2019-07-24,175.2,2.4,29.2,88.2,6.4,106.5,7.4,19.1,61.1,130.4,5.3,11.3,354.3,32.0,208.1,42.9,22.5,172.9,62.7,220.4,446.0,2.5,5.4,2.1,2.2,97.4,264.8,256.8,1.2,312.3,198.7,,406.8,45.4,180.5,3988.9
1865,2019-07-25,174.1,2.3,31.7,90.6,6.0,100.1,7.1,19.0,63.7,115.2,5.7,11.3,346.8,29.5,183.2,37.0,22.7,163.7,65.7,197.9,423.8,2.6,5.6,1.9,2.3,86.9,229.6,219.3,0.9,312.5,199.0,,372.2,40.7,174.5,3753.599999999999
1866,2019-07-26,158.7,2.3,31.4,97.1,5.5,96.7,7.5,19.0,63.4,109.3,5.7,11.3,338.8,29.5,177.2,42.5,23.2,174.8,65.6,185.2,400.5,2.6,5.6,1.7,2.2,86.2,220.4,218.3,0.9,300.7,174.1,,357.5,39.5,172.5,3635.8
1867,2019-07-27,154.9,2.3,30.5,91.9,4.9,91.7,7.2,18.7,63.5,100.7,5.9,11.3,334.6,28.9,157.8,40.5,22.2,165.4,66.3,183.2,374.0,2.4,5.7,1.6,2.3,87.9,206.3,198.7,0.8,305.3,167.8,,359.1,38.3,166.0,3506.6
1868,2019-07-28,151.0,2.3,30.9,91.4,4.9,93.7,7.0,18.7,60.8,98.9,7.0,11.3,314.9,26.3,153.9,37.3,21.8,160.8,62.2,175.8,364.8,2.6,5.5,1.6,2.3,89.0,210.9,159.3,0.5,284.4,161.1,,364.1,37.4,151.3,3373.1000000000004
1869,2017-04-17,169.4,1.9,21.3,66.6,4.9,94.3,7.2,16.1,65.8,99.1,9.7,10.5,341.0,25.0,124.1,50.6,24.9,198.5,75.7,183.3,494.5,2.3,4.4,1.3,1.9,79.9,120.7,189.9,1.3,313.3,168.9,,335.9,36.1,154.9,3502.6
1870,2017-04-18,170.8,2.1,23.3,65.8,5.3,95.1,7.3,16.8,65.6,102.8,9.2,11.1,340.5,25.4,132.6,38.4,25.3,211.2,76.4,182.7,499.3,2.5,4.8,1.4,2.1,83.6,122.5,193.4,1.4,320.6,174.1,,348.5,38.3,161.6,3569.4
1871,2017-04-19,168.7,2.0,22.8,68.5,5.5,94.3,7.3,17.2,66.4,104.5,8.8,10.7,339.3,26.5,134.0,38.8,20.4,214.2,77.2,179.9,497.7,2.4,4.5,1.4,2.1,78.8,129.1,197.0,1.4,331.0,172.6,,352.9,37.8,152.2,3575.7
1872,2017-04-20,166.6,1.9,21.3,61.8,5.5,92.7,7.2,17.4,65.8,109.5,9.5,10.8,344.2,26.2,135.4,35.5,23.5,210.4,76.6,179.9,488.4,2.4,4.4,1.3,2.4,82.4,135.6,201.5,1.4,327.7,168.2,,359.1,38.9,141.0,3564.1
1873,2017-04-21,160.0,2.0,22.2,69.1,6.1,91.6,7.3,17.2,66.4,114.6,10.1,11.1,348.5,25.6,139.5,32.2,24.8,204.3,73.6,184.7,485.4,2.3,4.2,1.5,2.1,83.6,136.7,196.8,1.2,321.8,168.6,,350.9,39.3,153.3,3566.4000000000005
1874,2017-04-22,164.0,2.1,21.7,69.0,4.9,91.4,5.9,17.2,66.2,109.7,9.7,10.8,339.5,22.3,127.8,30.2,23.8,205.1,73.6,184.4,486.8,2.3,4.1,1.2,1.8,81.8,109.7,200.1,1.0,316.2,163.0,,342.6,35.1,133.2,3465.7
1875,2017-04-23,164.6,2.0,21.6,66.9,4.5,93.4,6.8,17.1,63.6,93.8,10.2,9.1,323.9,22.4,127.7,35.7,25.7,198.0,70.3,178.3,472.6,2.4,4.1,1.5,1.9,82.3,103.0,194.9,0.9,298.1,156.8,,324.5,34.2,118.6,3338.9999999999995
1876,2024-08-26,223.2,3.2,46.1,143.9,6.6,108.9,,,69.0,124.4,,13.5,282.0,34.2,232.8,50.7,40.4,207.3,82.9,220.8,476.0,2.9,6.1,2.0,2.9,112.8,320.2,243.9,0.8,375.5,255.0,,572.4,49.8,186.2,4570.4
1877,2024-08-27,235.1,3.2,48.2,128.9,6.6,117.2,,,68.4,127.2,,13.7,268.7,34.5,225.6,47.0,38.5,214.8,85.5,221.5,475.8,2.9,5.9,2.0,3.2,114.6,238.7,238.4,1.3,386.5,283.3,,537.7,52.2,191.7,4493.799999999999
1878,2024-08-28,227.8,2.7,49.2,144.3,6.8,122.8,,,71.7,125.6,,14.0,290.3,35.5,232.4,50.4,40.2,215.0,85.9,240.6,493.1,3.0,5.6,1.4,2.8,114.9,236.7,254.9,1.4,382.5,299.1,,491.7,52.1,205.9,4575.5
1879,2024-08-29,228.0,3.2,50.9,149.8,6.1,119.4,,,72.1,118.8,,14.3,302.8,33.8,200.7,46.7,43.1,217.4,83.1,248.2,502.9,2.8,5.7,1.8,3.2,114.2,186.3,278.8,1.2,361.3,304.9,,493.5,49.2,218.1,4537.4
1880,2024-08-30,212.9,3.4,50.2,156.4,6.6,120.3,,,73.4,124.9,,13.9,322.8,35.4,215.0,46.8,44.7,218.5,80.4,249.8,512.1,3.1,5.7,1.9,3.1,118.2,211.5,282.9,1.3,348.3,268.3,,546.0,52.8,225.6,4631.3
1881,2024-08-31,181.9,3.0,44.1,163.7,7.0,121.9,,,73.5,128.6,,14.0,353.7,36.1,230.0,50.2,44.5,210.3,78.9,252.7,512.7,1.4,5.7,1.9,3.0,114.5,249.3,282.1,1.4,338.4,223.2,,576.0,54.4,224.3,4657.5
1882,2024-09-01,172.1,3.1,43.8,150.3,6.7,120.4,,,70.7,129.1,,12.8,353.3,34.2,232.6,51.7,43.9,177.0,71.8,244.9,480.8,2.8,5.7,1.5,3.0,111.0,275.2,282.7,1.1,306.8,158.3,,561.1,49.7,207.1,4437.8
1883,2023-11-13,199.9,2.7,25.6,87.3,2.9,79.7,,,68.9,55.9,,12.8,282.3,20.5,87.6,52.7,29.7,199.1,78.8,300.5,498.9,2.7,6.0,1.9,2.3,98.1,85.5,256.5,1.0,224.9,201.7,4.4,282.6,27.0,128.9,3466.5999999999995
1884,2023-11-14,208.8,2.7,26.7,87.9,3.3,83.5,,,69.4,60.3,,13.7,267.3,26.2,103.3,51.4,29.7,209.6,80.2,310.9,507.8,2.6,6.3,1.9,2.4,96.5,115.8,272.2,1.0,250.0,208.8,4.5,294.2,30.5,133.5,3624.3
1885,2023-11-15,209.0,2.5,28.4,86.9,3.4,84.7,,,69.9,63.7,,13.4,297.3,30.6,116.5,53.1,30.5,229.5,81.7,316.5,509.9,2.7,6.3,2.0,2.3,95.3,126.8,282.3,1.1,272.9,209.8,4.8,293.4,32.4,130.3,3756.5
1886,2023-11-16,215.8,2.5,28.4,86.3,3.4,84.3,,,70.1,66.4,,12.7,325.5,32.2,125.2,51.6,30.0,242.0,83.2,321.7,533.8,2.7,6.2,1.9,2.3,95.4,129.4,291.3,1.2,292.3,209.1,4.5,300.6,34.9,134.0,3891.5
1887,2023-11-17,221.0,2.8,25.4,89.9,3.4,83.5,,,69.6,68.7,,13.9,343.1,33.7,131.2,51.5,31.1,252.3,84.5,313.5,546.3,2.5,5.8,1.3,2.1,98.4,132.2,296.4,1.3,310.8,214.7,2.0,311.0,36.2,138.1,3989.4
1888,2023-11-18,223.1,2.6,26.2,88.8,3.3,86.5,,,70.0,66.1,,14.1,360.7,33.6,131.3,52.0,30.4,258.7,84.6,322.1,554.8,2.5,6.0,1.6,1.9,100.0,131.1,296.8,1.3,314.9,211.7,2.4,314.6,37.3,141.3,4044.1
1889,2023-11-19,220.2,2.6,26.5,82.0,3.1,85.7,,,69.3,62.8,,13.4,357.0,31.5,119.7,52.9,29.8,235.5,77.0,330.6,545.7,2.6,6.1,1.6,2.2,98.5,121.9,291.7,1.2,287.6,206.9,3.1,310.6,35.2,128.9,3913.6
1890,2021-05-24,168.3,1.8,32.6,117.7,4.0,86.9,6.1,16.4,66.0,62.9,18.3,11.1,327.8,26.4,119.8,47.3,29.5,177.1,67.0,205.1,488.3,2.6,5.0,1.7,2.3,107.7,141.0,212.9,1.6,256.6,151.7,,330.7,34.8,160.1,3496.2999999999997
1891,2021-05-25,172.5,2.1,31.4,102.8,4.3,84.0,5.3,16.7,65.3,69.2,18.8,11.2,337.4,27.5,135.9,48.1,26.1,178.2,66.7,207.1,492.7,2.6,4.7,1.5,2.5,85.7,154.1,223.8,1.6,250.3,153.7,,340.6,36.0,129.8,3497.4
1892,2021-05-26,171.2,2.0,32.8,96.6,4.5,83.3,6.5,17.0,57.2,70.4,19.7,12.1,337.3,27.4,147.7,49.2,16.4,171.3,61.5,213.2,486.5,2.5,5.0,1.6,2.4,65.5,163.1,230.5,1.5,240.0,155.2,,372.9,37.1,101.5,3469.9
1893,2021-05-27,178.5,2.0,32.8,49.3,4.9,84.5,6.5,17.0,53.3,81.6,18.8,12.0,335.2,27.9,156.1,49.2,13.6,180.7,61.8,214.5,488.0,2.5,4.8,1.4,2.3,86.0,172.1,235.2,1.4,257.2,155.3,,361.5,39.2,106.8,3501.2
1894,2021-05-28,196.4,2.1,34.0,41.7,5.6,88.9,6.6,16.4,62.0,88.7,19.7,11.9,347.8,28.8,163.7,51.7,20.6,194.0,65.3,214.8,486.8,2.5,5.1,1.4,2.3,104.5,176.3,238.4,1.3,270.2,157.7,,337.0,40.0,135.5,3627.099999999999
1895,2021-05-29,203.5,2.1,35.0,73.1,4.8,90.5,6.6,16.9,62.9,86.1,18.8,11.8,352.4,28.9,163.1,47.2,25.3,198.6,65.1,214.3,484.5,2.6,5.4,1.5,2.4,110.4,177.3,242.1,1.2,273.9,162.6,,348.0,38.2,159.3,3724.1
1896,2021-05-30,201.6,2.0,33.0,95.4,3.6,88.5,6.0,17.1,62.3,83.7,14.8,11.0,339.7,24.7,127.6,46.7,25.7,192.6,63.4,208.3,451.9,2.6,5.3,1.7,2.3,108.8,167.8,230.8,1.2,278.6,155.2,,353.5,30.5,159.8,3604.9
1897,2017-05-15,161.6,1.9,24.7,72.2,6.2,83.1,7.0,16.7,66.3,120.2,9.1,8.7,337.1,26.1,163.8,40.6,24.3,161.2,73.2,182.0,470.0,2.2,4.0,1.3,2.1,84.2,173.5,225.9,1.0,312.2,141.6,,372.2,42.0,147.3,3572.9
1898,2017-05-16,167.6,2.0,21.7,68.5,6.1,84.2,7.2,14.8,58.3,122.8,9.4,9.4,339.7,26.5,158.7,36.6,22.5,182.6,75.5,184.4,476.8,2.4,4.1,1.4,2.2,85.6,156.6,208.2,1.0,326.5,145.4,,382.0,42.5,131.0,3572.1
1899,2017-05-17,166.9,2.1,26.5,61.0,5.8,84.2,7.2,16.7,63.4,115.1,10.3,9.8,334.6,25.3,157.9,38.4,23.5,177.1,76.4,181.9,481.1,2.3,4.1,1.5,2.1,87.2,161.8,193.2,1.2,325.4,145.7,,347.2,36.2,140.5,3521.2999999999993
1900,2017-05-18,168.7,2.3,26.8,68.1,5.6,85.1,7.1,16.7,64.2,117.1,10.6,9.9,335.0,26.9,160.9,36.9,22.3,178.2,73.6,179.5,480.1,2.3,4.1,1.3,2.1,85.5,163.4,195.5,1.2,311.2,148.4,,351.3,39.7,133.0,3522.4
1901,2017-05-19,174.4,2.0,25.2,79.5,5.9,85.1,7.1,16.7,65.1,114.9,10.6,9.9,335.0,27.7,156.4,36.6,23.0,163.9,71.5,179.5,480.1,2.4,4.1,1.3,2.1,79.3,168.1,194.6,1.2,311.0,152.3,,360.7,40.5,143.5,3538.7
1902,2017-05-20,165.4,1.7,25.6,80.5,5.6,82.8,7.2,15.3,68.2,107.4,9.0,10.8,331.7,26.0,149.4,35.4,23.6,172.9,70.7,180.6,475.6,2.4,4.3,1.4,2.1,81.8,151.7,192.5,1.0,304.9,149.7,,369.5,41.2,146.7,3502.3999999999996
1903,2017-05-21,160.5,1.8,23.9,82.7,4.9,81.8,6.6,16.4,62.5,98.0,9.6,9.8,312.1,23.9,135.5,37.5,22.8,156.4,74.5,178.6,463.7,2.4,3.6,1.2,2.4,79.2,150.3,179.8,0.7,290.0,141.2,,346.0,34.9,131.9,3334.7000000000003
1904,2019-12-09,155.9,2.1,21.3,67.6,3.6,73.5,7.0,18.6,61.0,62.8,6.0,12.3,328.8,29.4,118.4,46.0,24.4,184.5,70.6,253.5,442.9,2.5,6.2,1.8,2.1,75.1,110.7,222.6,1.7,258.0,182.7,,244.7,34.7,110.4,3250.2999999999997
1905,2019-12-10,159.7,2.1,20.0,70.3,3.5,74.4,7.4,19.0,62.6,62.9,5.9,12.8,335.5,29.7,122.1,47.2,24.5,188.0,71.5,256.0,454.0,2.5,6.0,1.7,2.1,76.7,114.1,228.8,1.8,274.8,187.2,,249.2,36.1,114.3,3331.6
1906,2019-12-11,163.0,2.3,21.1,67.9,3.7,76.2,7.5,19.0,62.3,65.4,5.6,12.8,332.2,30.3,121.0,46.9,24.8,196.1,72.5,257.5,455.5,2.6,6.3,1.7,2.2,76.5,110.8,229.9,1.8,278.4,192.7,,253.4,36.4,113.5,3356.9000000000005
1907,2019-12-12,160.7,2.1,18.9,69.1,4.1,76.9,7.4,19.0,62.1,64.8,5.5,12.4,325.9,31.2,111.3,45.9,24.5,196.6,72.6,243.8,451.3,2.7,6.0,1.7,2.2,76.4,97.8,211.8,1.8,287.5,197.3,,239.8,36.5,114.3,3288.4000000000005
1908,2019-12-13,159.3,2.1,19.0,53.8,4.3,75.8,7.4,18.8,62.6,66.8,6.1,12.6,319.3,29.2,95.7,38.9,24.0,204.2,72.4,211.0,438.7,2.6,6.0,1.7,2.1,76.2,94.7,202.2,1.8,283.2,199.6,,186.8,29.5,113.2,3128.9
1909,2019-12-14,156.6,2.0,20.1,54.9,3.8,75.8,6.7,18.6,61.4,63.8,6.0,12.2,317.1,29.3,110.4,44.2,23.2,197.7,70.4,228.5,435.7,2.6,5.8,2.0,2.1,79.8,103.7,211.4,1.7,256.1,200.1,,229.9,33.4,112.0,3185.8
1910,2019-12-15,154.2,2.0,19.7,63.9,3.4,74.2,6.6,18.2,61.6,62.0,6.2,11.4,299.5,27.6,101.7,47.7,21.8,178.7,63.4,220.9,422.9,2.5,6.0,1.7,2.1,75.8,97.2,212.7,1.6,223.8,199.6,,234.2,32.7,108.3,3071.8999999999996
1911,2024-01-15,194.5,2.4,24.0,102.9,5.4,106.4,,,71.6,90.1,,13.1,361.8,36.3,159.9,65.9,31.2,263.4,81.8,302.2,564.8,3.0,6.2,2.2,2.2,101.9,158.9,322.6,1.8,245.7,236.6,4.0,379.3,44.9,140.1,4197.8
1912,2024-01-16,190.5,2.4,25.0,100.0,5.4,107.1,,,70.1,91.9,,12.6,405.6,37.6,167.5,65.6,31.6,277.5,82.3,308.7,572.6,3.1,6.4,1.8,2.3,98.8,164.6,328.7,2.0,242.5,242.4,4.0,370.6,46.5,144.1,4281.200000000001
1913,2024-01-17,196.1,2.9,26.1,100.8,5.0,108.1,,,69.6,93.0,,13.2,413.2,37.0,167.4,62.1,31.0,279.5,82.3,316.1,573.7,3.1,6.5,2.3,2.3,97.6,161.6,328.7,2.1,268.3,249.1,4.0,389.4,47.4,147.4,4356.899999999999
1914,2024-01-18,205.1,2.9,26.9,102.2,5.0,103.8,,,69.2,91.9,,13.0,411.4,37.6,165.7,63.7,31.4,282.9,82.2,319.2,573.8,3.1,6.3,2.3,2.2,93.6,159.2,328.5,2.0,305.7,255.1,4.0,401.1,47.0,143.2,4413.2
1915,2024-01-19,212.9,3.1,27.0,103.9,5.5,104.1,,,72.3,97.0,,13.5,417.3,36.9,163.8,63.1,33.8,284.2,83.7,318.0,570.3,3.1,6.3,2.4,2.2,95.9,163.8,330.4,2.0,324.4,257.5,3.9,410.3,47.1,146.1,4477.800000000001
1916,2024-01-20,210.4,3.0,27.0,99.2,5.1,103.5,,,71.7,90.7,,12.7,418.7,38.3,164.4,64.4,31.2,281.6,84.8,318.0,572.1,3.1,6.4,2.3,2.2,95.0,167.2,335.8,1.9,317.8,254.5,4.1,403.8,48.2,149.8,4461.7
1917,2024-01-21,211.3,3.0,26.3,103.4,5.1,98.2,,,71.0,87.5,,11.2,397.0,36.2,151.1,66.0,31.6,267.1,78.2,319.6,556.9,3.0,6.2,2.2,2.1,92.3,168.0,327.9,1.6,302.2,250.8,3.9,391.3,46.6,142.5,4333.000000000001
1918,2019-05-06,196.6,1.9,23.0,88.1,4.9,96.3,7.0,18.4,64.2,106.7,5.7,10.7,373.2,26.7,156.6,46.4,25.3,236.2,84.4,208.7,497.2,2.3,5.6,1.7,2.0,66.7,150.1,223.1,1.2,349.6,169.7,,380.9,48.5,164.0,3852.5
1919,2019-05-07,196.5,1.9,23.9,92.8,4.9,95.4,7.3,18.5,65.9,110.7,5.0,10.7,379.4,27.4,165.3,45.0,26.7,226.9,86.1,209.7,504.1,2.4,5.0,1.8,2.0,74.0,156.9,230.6,1.1,343.7,174.8,,395.5,43.0,183.5,3927.099999999999
1920,2019-05-08,195.6,2.1,24.5,98.6,5.1,95.2,6.0,18.5,66.8,114.5,4.7,10.7,373.5,28.4,169.2,45.8,26.7,220.8,84.0,210.6,501.8,2.6,5.3,1.6,2.3,80.3,169.9,239.3,1.1,330.9,174.5,,408.6,43.6,194.5,3966.0
1921,2019-05-09,201.7,2.2,23.1,100.3,5.4,97.0,7.2,18.3,67.9,117.1,4.9,10.7,376.2,28.0,170.7,47.2,27.5,228.3,83.1,213.5,496.2,2.6,5.5,1.6,2.3,82.2,168.9,242.0,1.4,332.9,172.5,,419.6,43.8,194.6,4004.5
1922,2019-05-10,205.0,2.1,23.4,105.7,5.3,95.4,7.3,18.1,66.8,117.5,4.7,10.7,374.2,28.5,162.2,46.4,27.4,236.2,83.6,217.3,492.4,2.5,5.7,1.8,2.1,83.3,152.1,241.7,1.3,342.2,175.0,,432.3,42.1,198.5,4019.499999999999
1923,2019-05-11,199.1,2.2,24.4,106.1,4.7,95.0,7.3,18.2,68.3,110.5,4.9,10.7,370.7,28.6,162.0,43.4,26.8,232.3,84.6,213.2,491.6,2.5,5.2,1.6,2.3,87.7,152.0,227.1,1.3,352.7,167.0,,424.5,43.0,191.8,3972.2
1924,2019-05-12,194.3,1.8,23.3,105.7,4.7,94.1,7.1,17.9,67.7,99.6,4.8,11.2,364.2,25.8,158.8,46.5,28.9,214.9,78.8,206.1,479.3,2.6,4.9,1.7,2.0,83.5,162.4,205.0,0.9,326.3,154.8,,414.8,40.7,176.8,3820.400000000001
1925,2018-07-02,162.9,2.2,28.9,74.9,6.2,78.2,7.0,17.3,68.3,119.9,11.0,8.5,328.0,24.3,186.0,39.3,22.7,183.0,66.4,167.9,429.3,2.3,5.4,1.5,2.2,83.1,233.8,188.2,1.1,295.2,163.4,,351.6,38.8,159.2,3565.2999999999997
1926,2018-07-03,156.3,2.3,29.7,76.2,5.3,82.2,7.2,17.5,68.4,117.3,10.7,9.1,304.4,23.9,188.0,38.4,21.5,188.4,68.0,168.7,416.2,2.4,5.1,1.5,2.1,76.0,193.3,206.8,1.3,285.4,164.1,,352.4,39.1,155.5,3492.4
1927,2018-07-04,163.4,2.4,28.5,81.7,5.0,85.8,7.2,17.4,65.5,120.3,11.4,9.1,291.5,24.1,170.3,41.8,20.7,189.3,69.4,161.3,411.1,2.2,5.4,1.6,2.1,78.7,156.7,209.6,1.3,310.8,167.5,,359.1,39.4,159.6,3479.1
1928,2018-07-05,166.4,2.3,30.5,87.0,5.1,85.2,7.4,17.8,66.4,122.0,10.3,10.6,308.5,26.0,182.3,42.2,22.4,193.2,69.3,159.4,411.5,2.2,5.4,1.5,2.2,77.8,183.5,217.4,1.2,316.2,163.0,,387.8,43.2,157.8,3592.8999999999996
1929,2018-07-06,166.9,2.3,33.1,88.2,5.6,89.2,7.6,17.1,69.2,123.9,10.9,9.0,315.9,26.1,195.8,45.9,23.0,194.7,68.2,163.4,407.7,2.5,4.9,1.5,2.2,77.8,216.5,218.7,1.2,325.1,150.7,,398.3,41.4,169.7,3682.3
1930,2018-07-07,156.9,2.3,34.3,92.0,5.9,88.3,7.6,17.4,70.3,124.7,12.8,8.9,321.6,26.4,208.2,45.8,24.0,183.7,67.1,167.7,403.2,2.5,5.5,1.4,2.3,75.6,254.3,231.4,1.2,309.5,141.2,,412.2,44.5,174.4,3733.1
1931,2018-07-08,152.2,2.1,31.4,94.0,5.6,80.7,6.9,17.1,69.5,123.3,12.5,8.2,312.4,23.7,204.2,45.2,23.3,163.5,58.5,168.8,383.1,2.3,5.5,1.5,2.3,74.7,261.7,233.1,0.9,294.9,135.8,,424.5,44.2,164.9,3639.8
1932,2021-03-29,219.6,2.2,23.7,93.2,2.8,98.4,4.1,13.7,62.8,56.3,18.2,11.0,306.2,21.3,91.9,45.7,28.2,261.0,80.0,208.7,504.2,2.7,5.7,1.6,2.1,92.6,109.7,178.2,0.8,341.7,270.9,,318.7,26.4,166.8,3678.7
1933,2021-03-30,219.5,2.2,19.9,97.5,3.5,100.2,5.4,15.8,64.0,70.2,18.8,12.2,355.5,25.5,102.2,49.9,26.4,265.1,82.7,208.6,531.9,1.9,4.8,1.3,2.3,97.6,116.4,175.9,1.1,352.5,275.0,,299.6,32.2,183.0,3828.8
1934,2021-03-31,225.0,2.2,21.2,95.5,3.4,108.1,7.2,18.7,69.2,73.6,17.4,12.2,392.0,29.1,112.8,47.8,28.1,272.2,87.2,219.0,546.1,2.2,5.5,1.0,1.7,99.0,126.4,203.4,1.2,359.7,278.8,,295.3,32.9,190.0,3994.000000000001
1935,2021-04-01,226.1,2.1,23.0,94.6,3.3,110.8,7.1,18.8,69.4,72.2,18.1,11.6,394.0,28.4,112.0,49.4,28.3,273.0,85.1,225.3,547.6,2.3,5.7,1.7,2.0,98.8,120.2,204.8,1.0,366.4,280.0,,283.2,33.1,186.0,3994.2
1936,2021-04-02,234.1,2.2,24.9,97.5,3.3,112.7,7.3,19.2,69.3,71.0,18.9,11.2,395.8,28.9,117.3,49.8,28.4,277.1,77.6,225.5,546.4,2.5,5.6,1.9,2.2,102.7,118.0,205.2,1.0,367.2,282.7,,308.8,35.9,184.4,4045.6
1937,2021-04-03,231.5,2.1,28.2,99.1,3.3,113.5,7.5,19.5,72.1,68.3,18.4,11.4,396.4,28.7,116.8,49.7,27.3,277.5,83.1,228.6,554.6,2.4,6.0,1.6,2.0,104.9,121.0,203.5,1.0,367.8,286.1,,312.5,36.3,191.8,4083.6
1938,2021-04-04,221.4,2.2,25.7,97.5,2.9,113.3,7.0,19.2,70.3,68.0,18.9,11.0,387.9,26.3,107.8,49.3,28.9,266.0,77.2,227.0,540.6,2.3,5.1,1.6,1.9,107.7,118.4,200.7,0.9,351.3,276.9,,301.9,34.6,168.9,3949.400000000001
1939,2020-11-16,153.5,1.9,23.2,75.5,2.9,68.6,4.3,14.6,63.0,54.0,18.2,10.1,244.5,21.9,84.6,40.2,26.1,154.8,71.5,257.0,397.7,2.7,5.4,1.7,2.0,71.4,83.9,208.0,1.1,219.6,140.6,,205.0,26.1,108.0,2870.2
1940,2020-11-17,158.1,1.8,23.2,74.5,3.0,71.7,6.1,16.7,63.7,58.2,17.6,10.8,273.5,27.3,101.2,49.5,25.3,164.3,69.0,274.9,436.1,2.6,5.5,1.7,2.0,73.5,95.9,224.9,1.3,232.6,143.2,,237.1,31.8,110.3,3095.8
1941,2020-11-18,162.8,2.0,22.9,76.4,3.1,72.8,7.0,17.9,64.8,59.7,17.8,10.8,292.1,29.5,109.2,50.3,25.2,177.6,70.3,274.8,457.6,2.6,5.7,1.7,2.2,74.8,100.3,228.2,1.3,243.9,145.9,,243.0,34.0,114.4,3209.7000000000003
1942,2020-11-19,167.5,1.9,24.0,76.4,3.1,74.5,7.2,18.0,64.6,61.4,18.4,10.9,306.1,30.2,110.7,49.4,24.9,181.5,72.1,270.0,467.0,2.7,5.9,1.6,2.1,74.2,101.4,230.4,1.5,255.3,148.3,,238.5,35.0,118.5,3262.3
1943,2020-11-20,171.3,2.1,24.6,73.3,3.1,73.1,7.3,18.1,62.2,61.8,20.0,11.2,314.0,30.5,111.5,50.3,23.8,189.6,72.5,271.4,451.5,1.8,6.2,1.7,2.1,74.6,100.4,231.8,1.6,264.7,149.6,,244.9,35.6,121.7,3287.0999999999995
1944,2020-11-21,170.0,2.0,24.5,69.2,3.1,71.8,7.2,18.1,62.8,59.0,18.6,10.8,312.9,29.8,111.8,50.2,24.1,189.9,71.4,271.9,452.5,2.5,6.1,1.7,2.0,74.4,101.4,233.6,1.6,267.1,149.0,,237.4,35.1,116.8,3267.6000000000004
1945,2020-11-22,167.8,2.0,22.7,72.1,2.9,71.9,6.8,17.9,63.7,58.7,18.8,10.1,312.2,27.8,106.3,46.9,24.3,181.5,64.2,270.8,442.3,2.8,6.0,1.4,2.1,73.3,97.4,230.0,1.3,249.4,144.2,,237.7,33.4,100.7,3178.1
1946,2021-07-26,175.8,2.2,38.7,133.4,6.3,95.8,6.8,19.0,65.1,123.7,19.4,11.9,299.6,28.9,211.3,43.0,31.1,149.1,67.6,198.9,408.2,2.6,5.7,1.6,2.5,115.4,276.6,253.7,1.4,315.2,194.4,,475.8,42.9,174.6,4006.8
1947,2021-07-27,186.7,2.2,39.2,128.8,6.2,87.6,7.2,19.5,66.1,113.7,18.0,12.0,308.3,28.3,198.7,43.7,30.8,161.3,68.4,185.6,421.1,2.6,5.4,1.5,2.5,112.8,264.2,241.3,1.3,326.2,214.8,,437.9,30.6,170.4,3953.6
1948,2021-07-28,192.4,2.1,38.9,125.7,5.2,79.3,7.4,19.6,67.4,102.4,17.5,11.2,307.8,28.6,151.9,40.7,30.8,170.0,69.8,182.9,425.7,2.6,5.4,1.7,2.7,107.2,186.9,227.5,1.4,333.1,219.9,,363.2,39.8,162.8,3740.5
1949,2021-07-29,194.6,2.2,35.1,120.3,5.5,77.6,7.4,19.7,65.3,101.4,18.0,12.2,311.6,29.0,152.4,43.4,27.9,175.5,69.6,187.2,426.9,2.8,5.7,1.6,2.8,106.2,169.0,221.1,1.3,337.7,218.0,,376.3,43.0,143.9,3721.1
1950,2021-07-30,196.3,2.2,36.8,104.2,5.6,78.5,7.4,19.5,55.8,101.9,19.0,12.3,316.7,30.0,151.4,44.2,19.8,182.1,70.6,188.5,421.2,2.7,5.5,1.5,2.7,103.1,197.0,219.4,1.2,345.4,218.6,,375.8,43.5,134.5,3724.0
1951,2021-07-31,196.6,2.3,35.0,84.4,5.7,78.3,7.3,18.9,55.1,100.3,19.1,12.2,319.8,30.0,163.2,44.3,23.9,182.2,67.4,183.1,415.8,2.6,5.8,1.6,2.5,106.4,221.3,204.8,1.3,339.4,217.0,,379.0,44.5,156.6,3736.7
1952,2021-08-01,194.4,2.3,34.3,111.2,5.6,81.7,6.3,18.9,62.4,96.4,18.3,11.0,301.0,26.4,154.9,43.6,26.7,170.1,63.9,167.5,407.8,2.5,5.5,1.6,2.4,99.9,231.6,201.1,1.1,316.8,214.0,,329.0,40.0,158.2,3616.7
1953,2019-10-14,165.1,2.1,29.5,92.9,3.8,87.8,7.4,18.1,61.3,85.8,6.3,12.8,341.8,27.4,155.4,40.8,24.2,160.2,68.7,181.8,438.4,2.4,5.5,1.7,2.1,89.9,146.2,206.5,0.8,301.2,175.4,,324.6,35.5,141.5,3453.1
1954,2019-10-15,164.4,2.1,29.4,92.2,4.3,87.1,7.6,18.2,62.9,86.0,6.3,12.8,348.0,26.8,157.7,40.3,24.1,160.7,69.6,184.5,446.6,2.5,5.6,1.6,2.3,84.4,151.2,211.2,0.9,292.1,179.7,,326.3,36.1,148.2,3481.4
1955,2019-10-16,156.5,2.3,30.0,93.3,3.9,86.8,7.7,18.3,64.2,88.3,5.8,12.8,357.3,28.1,157.5,38.9,24.0,158.1,67.7,185.5,452.7,2.4,5.3,1.7,2.2,80.8,141.5,213.1,0.8,282.1,180.8,,330.1,35.8,141.6,3465.4
1956,2019-10-17,152.3,2.0,31.0,95.0,4.2,89.5,7.6,18.6,63.8,87.9,5.3,12.8,360.1,28.1,156.1,41.3,24.7,161.8,67.4,187.7,458.8,2.5,5.5,1.7,2.2,81.5,138.5,215.5,0.9,266.3,173.4,,327.3,35.6,154.3,3468.6
1957,2019-10-18,154.9,2.1,30.1,95.5,4.1,83.1,7.6,18.3,65.0,86.4,5.7,12.8,364.7,28.1,145.9,30.5,25.5,162.5,67.9,187.1,441.8,2.6,5.4,1.7,1.8,81.7,118.8,213.0,0.9,276.9,163.4,,323.6,35.7,161.1,3413.7
1958,2019-10-19,155.4,1.9,30.2,88.1,3.9,78.2,7.7,18.2,63.2,80.7,5.8,10.3,362.1,27.8,142.9,39.9,24.4,154.6,67.0,182.7,400.0,2.4,5.5,1.7,1.9,88.0,118.9,208.4,0.9,264.2,147.6,,316.5,34.9,164.8,3307.6
1959,2019-10-20,149.7,2.1,29.1,83.8,3.3,75.7,7.2,18.1,61.6,75.3,5.9,10.8,343.1,23.7,137.5,40.0,22.3,138.3,61.8,168.1,368.4,2.2,6.0,1.8,1.9,90.4,110.9,202.2,0.8,249.8,142.9,,299.3,31.8,156.5,3128.9000000000005
1960,2018-02-19,174.4,2.3,23.0,66.6,3.1,71.4,7.1,17.6,68.3,61.1,9.7,9.9,304.6,25.8,118.3,44.2,22.0,213.1,70.8,184.7,428.7,2.6,5.6,1.5,2.2,79.0,109.4,198.9,1.5,301.4,200.6,,283.1,34.7,122.6,3276.6999999999994
1961,2018-02-20,176.3,2.3,23.0,67.0,3.2,74.3,7.4,17.6,69.4,61.7,11.9,9.2,308.5,25.4,121.3,44.9,22.3,217.1,71.4,187.2,438.2,2.5,5.4,1.8,2.0,80.1,112.7,206.7,1.7,313.4,201.6,,288.2,37.3,126.9,3346.9
1962,2018-02-21,173.7,2.3,24.1,67.3,3.2,73.9,7.4,17.9,69.9,61.8,12.1,9.1,307.8,26.8,120.4,45.4,22.4,219.5,72.1,190.4,438.8,2.5,5.5,1.7,2.0,82.7,109.6,204.7,1.8,314.5,201.7,,291.7,34.8,124.3,3351.0
1963,2018-02-22,177.0,2.4,23.2,67.4,3.2,76.8,7.4,17.9,68.8,62.4,10.0,9.3,315.1,27.0,120.5,46.0,22.8,220.8,72.2,194.4,446.0,2.6,5.8,1.7,2.0,79.8,121.4,209.4,1.6,314.6,202.2,,281.7,35.5,123.8,3379.8
1964,2018-02-23,177.3,1.7,22.4,72.8,3.2,78.0,7.5,17.2,69.4,63.9,9.8,9.2,315.1,27.0,122.0,44.6,23.0,222.5,71.9,197.3,441.2,2.6,6.1,1.9,2.0,78.9,116.5,209.2,1.5,316.5,206.8,,278.9,35.8,124.0,3384.7000000000003
1965,2018-02-24,170.1,2.0,23.0,68.5,3.0,77.7,6.3,17.7,68.7,60.7,9.4,9.7,315.5,26.6,119.7,43.1,22.9,221.5,70.9,199.1,441.0,2.4,5.8,1.4,2.0,81.7,99.2,210.0,1.6,310.0,207.3,,288.3,35.4,125.5,3355.3000000000006
1966,2018-02-25,173.9,2.1,22.6,70.0,2.7,78.0,6.8,17.6,67.4,58.1,9.7,8.8,307.4,22.6,112.6,42.5,22.4,213.6,66.7,251.4,427.2,2.4,5.5,1.3,2.0,77.4,103.8,200.7,1.6,285.5,202.7,,284.1,32.0,117.2,3307.5999999999995
1967,2022-07-11,163.3,2.5,39.4,137.3,6.6,101.2,,,76.9,130.4,19.5,11.6,310.6,32.4,224.5,53.9,33.9,154.5,65.3,205.5,418.1,2.7,5.5,1.6,2.8,123.8,290.0,238.5,1.6,316.2,136.5,,535.7,47.6,184.1,4109.2
1968,2022-07-12,158.8,2.6,40.9,134.6,6.9,101.6,,,76.7,126.2,19.8,11.7,311.9,32.2,236.1,54.1,34.1,159.0,69.0,210.1,424.0,2.8,6.1,1.6,2.7,118.3,313.9,248.4,1.6,327.1,135.3,,527.6,48.1,185.9,4165.3
1969,2022-07-13,166.4,2.7,44.2,137.1,6.9,96.5,,,76.6,128.4,17.9,11.7,311.1,32.7,234.5,52.9,33.9,156.1,67.6,212.8,416.4,2.8,6.0,1.7,2.7,117.4,311.4,250.0,1.5,336.5,125.0,,533.4,48.0,188.4,4167.6
1970,2022-07-14,172.2,2.6,42.7,131.2,6.5,91.9,,,77.2,133.0,17.4,11.5,323.3,30.4,218.0,48.7,32.1,155.4,66.9,211.4,414.9,2.7,5.8,1.9,2.7,116.2,269.9,243.0,1.4,335.4,134.0,,506.0,49.0,192.9,4084.500000000001
1971,2022-07-15,183.2,2.9,45.5,131.6,6.8,91.1,,,76.5,129.4,17.4,11.6,321.9,30.8,203.6,47.0,32.0,160.3,67.0,210.0,420.2,2.9,6.0,1.7,3.1,117.0,229.4,217.7,1.5,348.9,162.2,,508.8,49.4,191.6,4063.1
1972,2022-07-16,191.3,2.8,44.2,136.4,6.7,95.2,,,77.6,124.5,14.7,11.1,322.1,33.9,208.6,50.2,33.0,159.3,68.3,218.2,430.4,2.9,5.9,1.8,3.0,129.1,256.0,219.8,1.5,341.1,174.6,,506.2,51.0,192.9,4149.599999999999
1973,2022-07-17,183.6,2.6,39.1,138.6,5.5,90.4,,,76.2,113.9,19.5,11.0,312.9,29.6,173.5,50.6,31.4,148.9,62.8,216.8,420.5,2.8,6.0,1.7,2.9,125.8,208.5,219.1,1.1,308.0,170.0,,488.1,47.0,181.7,3923.6999999999994
1974,2018-05-07,172.7,2.1,19.5,89.7,4.4,88.7,7.1,17.2,70.3,102.7,4.0,11.2,345.1,23.5,138.5,37.5,25.0,206.4,75.1,190.6,502.0,2.2,4.6,1.7,2.0,92.7,128.3,203.8,1.3,325.3,148.9,,363.8,39.2,169.4,3624.6
1975,2018-05-08,178.4,2.1,20.6,92.5,5.7,90.5,7.1,17.7,70.4,97.1,3.7,11.2,347.0,22.6,112.1,41.7,26.7,208.3,72.7,190.8,508.5,2.1,3.9,1.5,1.9,92.3,135.3,191.2,1.4,321.0,154.1,,334.9,35.3,170.2,3580.4
1976,2018-05-09,179.3,2.0,17.3,82.9,4.2,88.5,7.0,17.7,69.9,95.5,3.0,11.2,346.7,24.7,130.6,41.8,25.8,197.0,69.8,194.0,509.1,1.7,3.1,1.4,1.6,91.1,141.1,204.7,1.3,316.9,149.4,,331.4,38.0,168.9,3576.7
1977,2018-05-10,178.1,2.0,20.4,88.9,4.6,89.1,7.5,17.8,66.1,97.2,5.4,8.6,350.9,30.6,139.8,40.8,25.0,190.4,69.6,195.3,513.0,1.7,4.3,1.2,1.6,83.1,151.1,208.1,1.1,317.2,146.8,,340.1,36.6,162.5,3604.6
1978,2018-05-11,176.7,1.8,20.2,87.6,5.0,86.9,7.5,17.3,72.5,105.5,5.0,10.3,354.3,24.0,145.5,43.1,25.4,175.8,70.2,195.4,498.1,1.8,4.6,1.3,1.8,83.6,158.0,227.2,1.4,327.0,150.5,,365.6,36.3,155.2,3650.7
1979,2018-05-12,172.4,1.9,21.9,88.6,4.9,81.9,7.5,17.2,70.9,108.7,4.8,10.9,350.2,24.3,149.2,37.4,25.7,157.5,68.9,193.0,493.3,2.0,4.9,1.6,1.7,88.5,149.1,222.7,1.3,330.1,146.2,,373.9,42.7,152.0,3616.2
1980,2018-05-13,164.0,1.9,22.0,88.1,4.4,82.6,7.0,17.3,68.2,100.3,5.4,10.0,338.8,21.0,122.6,34.6,23.2,153.3,62.2,186.0,484.7,1.9,4.7,1.4,1.6,81.8,130.9,217.5,1.2,309.1,136.1,,327.6,33.4,140.4,3392.9
1981,2016-12-26,144.1,2.1,20.2,58.8,3.5,69.5,6.2,15.8,61.6,59.9,9.2,8.8,272.2,24.6,113.8,37.0,22.0,194.0,63.4,220.9,403.3,2.5,4.0,1.3,1.9,67.8,97.6,203.2,1.7,275.2,150.7,,271.7,32.3,100.1,3027.5
1982,2016-12-27,145.5,1.9,19.3,64.6,3.4,69.4,6.3,16.0,62.1,60.6,10.1,8.6,265.8,25.8,114.7,35.4,22.4,194.2,65.4,217.7,406.5,2.1,4.7,1.4,1.6,66.5,98.3,205.4,1.5,287.1,154.2,,271.1,33.1,101.2,3050.4999999999995
1983,2016-12-28,148.3,2.1,20.0,62.0,3.5,70.6,6.4,16.1,62.1,60.6,9.9,8.7,270.6,25.3,114.5,36.8,24.4,202.8,65.4,217.7,403.6,2.6,4.9,1.6,1.9,67.8,99.0,213.6,1.6,278.7,153.1,,276.7,33.1,101.3,3073.7000000000003
1984,2016-12-29,146.3,2.0,20.9,60.2,3.5,71.2,6.3,16.0,61.7,60.6,9.7,8.8,274.5,25.3,115.0,37.0,23.5,195.4,62.6,218.3,401.0,2.3,5.2,1.4,2.2,68.4,98.6,205.3,1.8,277.6,153.1,,273.9,32.5,104.2,3052.7999999999997
1985,2016-12-30,146.1,1.7,21.5,59.0,3.6,71.2,6.4,15.8,62.3,62.8,9.7,9.0,279.2,26.8,108.0,37.5,24.2,194.5,63.6,216.5,400.9,2.3,5.0,1.5,2.2,65.4,99.4,206.0,1.8,280.9,153.6,,265.9,32.7,101.8,3045.2999999999997
1986,2016-12-31,148.9,2.1,22.2,65.2,3.4,70.9,6.3,15.8,52.0,58.6,11.4,8.8,277.5,25.2,108.1,43.2,22.5,195.6,62.7,216.7,388.1,2.3,5.1,1.5,1.9,72.3,96.5,201.9,1.4,279.5,153.7,,270.8,32.0,103.3,3033.7000000000007
1987,2017-01-01,141.8,2.0,20.5,62.7,3.1,69.2,5.0,14.2,56.1,56.3,11.9,7.6,261.4,22.3,105.4,46.7,23.0,183.0,56.2,214.3,381.7,2.3,4.5,1.3,1.8,75.0,91.1,199.7,1.4,257.1,144.3,,282.3,29.7,95.0,2935.9
1988,2017-10-30,157.9,2.3,23.0,67.5,3.2,74.5,7.1,17.0,66.6,69.9,9.7,9.1,316.0,25.3,117.9,38.5,21.8,173.4,66.5,227.3,420.7,2.1,5.3,1.4,1.9,80.3,101.5,196.3,1.3,264.7,155.2,,286.1,33.8,114.5,3165.8
1989,2017-10-31,160.4,2.4,24.0,65.3,3.2,74.3,7.3,17.0,63.8,69.0,9.9,9.1,316.6,25.2,118.6,40.6,22.5,178.8,65.8,230.0,423.5,2.3,4.8,1.4,1.9,77.0,102.8,199.6,1.3,256.1,155.4,,285.5,34.1,109.2,3165.0
1990,2017-11-01,158.7,2.5,24.2,64.0,3.3,72.8,7.0,16.7,62.3,68.5,8.2,9.6,313.9,24.9,116.8,36.8,22.4,168.1,64.7,229.2,418.3,2.4,5.1,1.4,2.0,78.3,104.2,197.2,1.4,258.8,153.8,,277.7,33.5,106.3,3121.1000000000004
1991,2017-11-02,159.0,2.4,23.9,67.0,3.3,72.0,7.0,16.9,62.8,69.1,7.9,9.2,316.2,24.0,119.9,38.6,20.6,182.7,65.6,231.3,419.2,2.7,5.3,1.4,1.9,70.7,103.6,204.3,1.1,257.3,151.7,,282.8,34.1,104.8,3146.6
1992,2017-11-03,161.7,2.5,24.3,66.2,3.3,70.6,7.1,16.2,62.6,69.0,9.4,8.9,321.0,24.2,117.9,39.2,22.2,192.7,66.6,233.2,412.6,2.5,5.5,1.3,2.1,73.2,96.8,208.9,1.0,253.9,152.5,,284.6,34.3,108.5,3162.7999999999997
1993,2017-11-04,158.6,2.5,22.8,65.7,3.0,69.7,7.1,16.7,64.6,64.7,10.2,9.2,315.9,23.8,116.6,40.0,23.2,186.9,65.8,234.3,413.6,2.1,5.3,1.4,2.2,72.6,94.3,207.7,1.2,249.8,151.8,,287.7,33.1,107.8,3138.1
1994,2017-11-05,149.1,2.4,22.7,64.8,2.8,63.8,6.6,16.6,64.9,61.8,9.7,9.2,306.4,23.0,107.5,39.6,22.7,172.7,58.5,233.8,405.1,2.3,5.4,1.4,2.2,71.9,97.9,204.0,1.1,227.8,145.4,,282.2,30.5,109.1,3030.3999999999996
1995,2017-07-24,165.3,2.0,25.6,73.2,6.0,78.8,6.8,16.6,58.9,104.9,9.6,8.1,213.0,26.3,178.4,37.0,21.0,176.3,64.8,140.5,369.7,1.9,4.4,1.4,2.3,72.9,228.4,155.0,1.8,319.3,179.0,,336.7,39.0,117.2,3249.5999999999995
1996,2017-07-25,165.9,2.0,30.2,62.1,6.9,82.5,7.0,16.7,55.8,104.4,8.0,8.1,221.7,27.1,186.0,38.0,13.3,183.6,66.0,141.1,379.2,2.0,4.5,1.3,1.9,76.8,240.1,158.2,1.3,327.9,182.4,,350.9,40.7,123.2,3324.6
1997,2017-07-26,166.6,2.0,30.2,56.9,6.3,80.8,7.1,16.9,55.2,107.3,9.2,8.1,223.7,26.8,190.9,37.1,21.1,190.0,66.7,142.9,389.7,2.1,4.5,1.3,2.2,74.5,253.8,168.0,0.4,330.5,185.4,,337.3,39.9,131.2,3374.1
1998,2017-07-27,169.5,2.0,29.8,73.1,6.3,78.5,7.0,16.9,59.3,111.9,9.9,8.7,220.5,27.5,197.2,38.0,19.2,192.3,66.5,140.0,389.0,2.3,4.7,1.3,2.3,73.8,247.5,181.3,0.9,328.3,186.9,,324.4,40.1,143.7,3408.2
1999,2017-07-28,169.2,2.0,31.5,78.2,5.7,80.2,7.0,16.3,62.3,113.5,10.0,8.7,227.0,27.5,201.9,43.6,21.8,192.4,66.0,136.0,382.1,2.2,4.6,1.2,2.3,77.4,243.9,182.6,1.2,318.7,186.6,,347.0,41.3,153.3,3452.4000000000005
2000,2017-07-29,168.6,2.1,30.4,78.1,6.4,84.7,6.9,16.8,61.2,108.3,10.5,8.3,232.5,27.2,200.4,37.8,23.5,189.3,66.2,144.7,390.7,2.0,4.8,1.3,2.2,81.8,239.2,166.5,1.2,311.5,185.8,,363.9,41.7,156.3,3459.8
2001,2017-07-30,167.4,2.2,30.6,72.8,4.8,88.9,6.5,16.5,60.0,102.5,10.7,8.4,224.4,23.5,188.8,38.8,20.2,178.6,60.6,148.8,388.1,2.0,4.6,1.2,2.2,79.1,223.5,158.2,0.9,288.3,187.8,,356.8,38.5,146.5,3338.4000000000005
2002,2023-07-10,219.3,2.7,41.9,142.3,4.0,111.0,,,75.1,107.9,,12.5,342.0,23.0,162.3,46.8,39.5,215.0,76.3,224.7,514.9,2.3,4.9,1.7,2.9,124.3,172.2,238.8,1.4,343.1,235.1,5.7,449.3,39.1,220.2,4274.3
2003,2023-07-11,216.1,2.7,42.2,137.6,4.9,108.0,,,77.0,110.2,,12.8,352.7,24.2,178.1,52.1,39.9,219.0,78.3,227.6,523.2,2.6,5.1,2.0,3.0,123.4,216.7,254.9,1.5,328.4,226.8,5.4,457.9,36.8,214.9,4359.099999999999
2004,2023-07-12,213.6,2.6,40.3,137.5,5.6,111.9,,,76.0,119.6,,13.3,351.7,27.3,197.4,52.3,39.6,221.7,78.5,231.0,520.6,2.3,4.9,1.9,2.9,127.2,266.6,270.7,1.5,338.7,232.2,5.9,466.8,36.9,220.4,4495.0
2005,2023-07-13,207.1,2.6,41.4,135.7,5.7,116.2,,,84.3,123.9,,13.1,367.5,29.1,206.5,59.0,40.7,220.5,77.9,232.6,524.0,2.4,5.2,1.9,2.7,132.8,278.0,283.1,1.5,336.3,244.1,5.8,462.6,36.5,224.8,4581.8
2006,2023-07-14,212.4,2.6,40.9,128.3,6.3,120.1,,,76.5,123.4,,12.9,378.4,31.5,215.4,53.2,38.9,222.7,76.5,226.7,524.3,2.6,4.9,1.8,2.9,120.5,295.0,270.8,1.3,349.5,260.1,5.7,475.5,40.0,220.7,4616.3
2007,2023-07-15,216.3,2.6,43.9,132.4,6.5,112.1,,,76.0,120.5,,13.1,371.6,33.0,219.3,52.1,36.9,222.9,77.8,226.9,520.7,2.7,5.1,1.7,2.9,109.4,303.8,286.5,1.1,355.5,251.2,5.7,459.4,40.8,211.7,4596.4
2008,2023-07-16,211.3,2.8,39.9,135.5,6.0,103.0,,,74.5,113.8,,12.2,356.2,29.9,192.9,51.5,35.5,202.9,73.2,220.3,489.1,2.4,5.0,1.7,2.8,121.7,276.6,275.2,0.8,337.4,239.7,5.8,470.0,39.5,187.1,4388.700000000001
2009,2016-12-05,138.5,2.1,20.6,54.5,3.3,64.5,6.1,15.2,56.2,55.2,8.5,8.9,273.5,24.1,111.1,36.7,22.2,189.2,64.0,213.0,428.8,2.1,4.4,1.4,2.1,66.2,114.4,195.4,1.4,247.6,140.6,,248.3,31.3,97.8,2954.8
2010,2016-12-06,136.6,1.9,21.6,55.5,3.3,64.8,6.3,15.3,59.1,56.7,9.0,9.2,274.6,24.3,120.4,35.7,22.5,192.1,67.0,217.2,427.1,2.0,4.1,1.4,1.5,66.1,113.4,202.3,1.6,212.9,139.4,,256.5,32.5,100.0,2958.7
2011,2016-12-07,139.1,2.0,21.7,55.2,3.4,64.9,6.3,15.3,61.8,56.6,9.1,8.7,270.8,24.9,114.0,35.0,22.0,191.8,64.0,218.0,418.3,2.0,4.4,1.4,1.8,66.9,113.9,204.9,1.4,255.9,141.1,,251.7,31.8,99.9,2985.5
2012,2016-12-08,141.3,2.2,22.5,57.0,3.3,66.0,6.3,15.2,60.2,56.6,8.7,8.7,273.9,24.5,115.1,35.7,21.3,195.7,64.1,215.8,419.2,2.5,4.5,1.4,2.0,68.5,100.2,202.9,1.4,276.4,142.8,,251.0,32.3,99.9,3005.0
2013,2016-12-09,138.9,1.8,21.8,57.0,3.4,68.6,6.2,15.2,58.3,58.5,8.8,8.7,273.3,24.3,115.3,35.9,21.1,204.9,64.9,216.6,417.8,2.2,4.7,1.5,1.8,66.6,109.6,204.7,1.6,284.0,142.4,,261.6,32.8,102.7,3043.6999999999994
2014,2016-12-10,140.3,1.9,22.6,57.4,3.2,68.0,6.2,15.2,54.2,54.4,8.3,8.2,270.8,23.2,116.7,35.6,23.3,195.3,64.6,217.7,406.4,2.3,4.8,1.5,1.6,67.7,114.8,202.4,1.9,279.9,139.5,,253.3,33.1,100.7,3003.1
2015,2016-12-11,135.5,1.8,21.5,55.0,3.0,64.6,5.7,14.9,58.5,53.7,7.3,7.3,263.1,22.0,110.0,31.7,20.5,183.7,57.3,218.4,398.8,2.2,4.8,1.5,1.6,67.8,112.0,201.5,1.4,261.0,136.5,,253.9,30.5,97.2,2911.7
2016,2019-04-01,195.1,2.0,18.0,75.7,3.3,99.0,6.5,17.3,64.8,72.0,11.1,12.0,359.3,24.9,117.9,44.5,22.8,243.7,84.7,205.9,477.1,2.3,4.9,1.5,1.9,81.3,124.3,213.8,1.1,342.7,218.5,,311.1,34.1,145.8,3648.900000000001
2017,2019-04-02,195.8,2.0,19.8,83.0,3.5,99.6,7.0,17.6,64.7,75.0,11.2,12.0,366.9,24.7,124.0,45.4,24.3,247.8,85.3,206.3,485.9,2.1,5.3,1.7,1.9,95.3,124.4,216.6,1.3,350.4,225.3,,320.1,35.6,168.7,3758.9
2018,2019-04-03,196.5,2.1,20.4,82.9,3.6,100.4,7.3,18.1,65.6,77.3,12.6,12.0,370.5,25.4,126.0,45.4,26.3,248.6,86.4,208.1,494.1,2.1,5.4,1.8,2.0,105.7,130.8,220.4,1.4,357.3,227.7,,322.8,36.5,172.6,3824.6
2019,2019-04-04,197.6,2.1,23.3,85.0,3.7,101.8,7.5,18.2,66.7,81.3,12.8,12.0,377.4,25.8,127.3,45.2,25.2,246.5,84.7,209.8,492.8,2.4,5.4,1.6,2.1,112.3,129.4,218.4,1.5,356.9,219.5,,331.4,37.0,174.4,3847.5
2020,2019-04-05,197.3,2.1,21.7,85.4,4.0,103.0,7.4,18.4,67.7,85.6,14.1,12.0,379.8,26.2,129.7,45.2,24.0,242.8,83.9,205.2,472.8,2.3,5.4,1.5,2.0,113.0,132.1,205.6,1.4,355.1,212.5,,336.7,37.8,169.8,3812.2
2021,2019-04-06,186.1,2.0,24.2,70.0,4.0,101.8,7.5,18.2,64.1,83.9,14.1,12.0,377.2,27.0,128.4,43.0,19.3,226.7,85.1,203.3,475.3,2.5,5.7,1.6,2.0,111.6,132.1,207.0,1.2,353.5,207.2,,334.6,38.2,145.5,3724.499999999999
2022,2019-04-07,181.9,2.1,20.3,61.7,3.5,102.4,7.4,18.4,62.9,83.6,6.4,12.0,362.5,24.3,111.2,42.6,17.7,218.6,78.7,200.1,470.5,2.5,5.8,1.6,2.1,95.1,120.4,201.4,1.2,323.7,197.0,,287.3,35.2,110.4,3480.4
2023,2022-06-06,184.4,2.4,33.7,124.6,7.0,107.4,,,76.2,135.0,16.3,14.1,443.6,34.1,207.4,47.0,33.2,185.4,79.6,263.6,577.7,2.7,5.1,1.8,2.6,125.8,220.6,310.3,1.6,338.4,180.6,,518.0,50.1,189.8,4557.1
2024,2022-06-07,201.8,2.5,37.8,127.4,7.6,109.3,,,74.6,138.3,16.6,14.4,446.8,35.6,215.8,51.9,33.2,195.6,78.8,263.9,591.5,2.7,5.6,1.8,2.4,126.5,226.2,318.8,1.6,337.3,188.5,,532.9,51.9,194.2,4670.999999999999
2025,2022-06-08,214.3,2.6,38.2,131.9,7.4,106.0,,,76.8,139.5,16.5,14.2,443.9,36.1,218.3,52.4,31.4,195.1,78.4,264.6,589.4,2.7,5.4,1.7,2.5,128.5,232.6,315.9,1.6,348.2,192.2,,533.3,52.9,194.6,4706.599999999999
2026,2022-06-09,223.5,2.6,35.8,120.9,7.5,111.5,,,76.4,142.4,17.7,14.2,452.1,36.2,219.7,51.5,32.5,202.8,79.5,264.1,543.4,2.7,5.4,1.7,2.5,140.0,234.0,323.8,1.5,359.8,188.1,,537.0,52.2,185.8,4707.5
2027,2022-06-10,225.1,2.3,36.1,128.5,7.6,108.0,,,74.5,145.4,19.4,12.8,450.8,36.2,221.0,49.3,32.5,210.6,79.3,261.6,546.7,2.7,5.6,1.7,2.4,136.2,237.6,322.1,1.5,365.2,196.9,,532.6,51.9,174.4,4717.299999999999
2028,2022-06-11,221.2,2.3,36.3,127.1,7.2,106.0,,,74.6,139.6,17.5,12.3,445.3,35.5,220.4,54.0,33.4,208.5,76.7,249.9,520.2,2.6,5.2,1.9,2.8,129.6,241.3,322.3,1.6,365.5,190.1,,530.7,51.1,177.9,4649.4
2029,2022-06-12,219.8,2.6,32.1,121.1,6.6,102.2,,,75.2,135.6,19.2,11.2,403.3,32.4,210.2,55.1,33.8,194.3,68.7,229.2,489.0,2.7,4.9,1.8,2.8,124.8,233.2,310.3,1.1,337.0,179.4,,531.9,49.5,178.2,4435.5
2030,2022-05-09,187.0,2.3,35.2,113.3,6.0,112.1,7.1,20.2,78.2,122.4,18.4,15.2,438.8,33.3,185.7,47.0,32.3,212.2,84.5,269.1,608.9,2.5,5.0,1.8,2.3,127.4,201.5,290.3,1.6,339.8,193.9,,472.8,45.6,161.3,4484.3
2031,2022-05-10,166.5,2.2,33.4,117.6,6.2,110.9,5.7,20.5,76.8,125.9,18.7,15.4,442.5,32.4,191.8,49.7,33.0,210.3,80.9,273.8,606.3,2.5,5.1,1.9,2.3,125.4,225.2,288.7,1.6,310.7,190.7,,482.8,44.1,161.7,4472.0
2032,2022-05-11,151.7,2.2,32.5,121.6,6.4,109.9,7.3,20.3,77.6,129.8,18.8,15.2,443.0,33.4,200.4,53.7,33.7,197.6,75.1,274.5,609.9,2.5,6.0,1.8,2.3,118.3,223.6,307.3,1.7,324.9,184.1,,486.9,47.1,162.6,4492.400000000001
2033,2022-05-12,161.4,2.3,32.1,117.4,6.8,111.4,7.6,19.0,77.0,136.2,18.8,14.7,444.4,32.7,207.7,53.1,34.0,188.5,73.7,278.5,601.7,2.4,5.9,1.8,2.4,121.6,232.0,302.8,1.7,323.6,183.2,,500.2,46.1,169.8,4521.200000000001
2034,2022-05-13,172.9,2.3,28.6,121.9,6.8,108.5,7.6,19.7,77.7,135.8,18.9,14.8,436.4,32.8,205.2,53.2,33.1,189.6,73.5,278.5,585.8,2.5,5.4,1.9,2.5,127.4,231.6,300.4,1.8,314.3,187.8,,498.9,45.9,165.7,4497.999999999999
2035,2022-05-14,180.6,2.3,28.4,114.5,6.4,105.8,7.6,19.5,76.2,130.7,19.1,13.8,433.5,33.1,203.9,52.6,32.0,199.5,72.0,279.6,588.3,2.5,5.7,1.8,2.3,129.0,229.5,307.1,1.4,328.5,189.0,,514.2,49.0,161.5,4529.8
2036,2022-05-15,187.5,2.5,25.4,121.5,6.2,102.8,7.0,19.6,74.6,125.6,19.9,13.2,415.3,30.6,192.2,52.1,32.2,186.0,63.5,274.9,577.8,2.5,4.6,1.7,2.3,129.1,223.5,298.4,1.3,281.4,174.7,,510.5,47.7,160.9,4376.9
2037,2024-05-13,196.7,2.6,39.4,126.0,6.2,112.2,,,72.7,129.9,,15.8,455.7,31.4,205.2,55.5,42.9,244.3,93.7,267.1,572.3,3.1,5.7,1.9,2.8,130.6,209.4,323.5,1.4,390.6,167.5,,533.1,51.7,203.4,4770.299999999999
2038,2024-05-14,217.8,2.8,42.9,133.7,6.2,116.4,,,73.8,127.7,,17.2,425.1,32.5,212.4,52.9,44.3,245.3,91.0,264.6,578.1,3.2,5.6,2.1,2.9,130.6,222.2,310.7,1.6,388.7,192.4,,545.9,52.7,223.3,4841.9
2039,2024-05-15,226.3,2.8,44.3,143.4,6.4,114.5,,,76.7,129.3,,16.2,458.6,33.7,216.4,54.6,45.3,244.3,89.7,271.6,597.7,3.2,5.6,2.1,3.0,129.5,234.4,310.0,1.5,382.9,194.7,,554.3,52.5,232.0,4954.000000000001
2040,2024-05-16,221.3,3.0,45.1,146.0,6.8,117.5,,,77.4,134.8,,16.0,467.9,33.9,223.0,54.0,46.6,248.0,90.7,287.0,595.2,3.4,5.6,2.2,3.1,132.0,238.6,331.6,1.0,359.7,187.5,,564.7,53.8,236.4,5009.799999999999
2041,2024-05-17,211.0,2.7,41.8,150.6,6.9,116.3,,,78.0,139.7,,16.6,487.4,34.8,228.2,54.1,46.5,238.4,90.9,291.4,589.9,3.2,5.4,2.1,2.8,132.1,256.1,335.5,1.5,352.1,176.0,,575.6,56.3,244.7,5044.1
2042,2024-05-18,210.4,2.9,37.0,150.8,7.2,110.7,,,76.6,141.6,,17.6,495.4,36.1,234.5,53.3,48.5,233.6,88.0,293.9,607.2,3.0,5.4,2.4,2.8,129.3,260.8,341.6,1.4,351.1,175.7,,588.0,56.9,239.6,5080.0
2043,2024-05-19,204.5,3.2,35.6,149.0,6.9,111.1,,,73.2,138.5,,14.3,470.8,33.5,220.8,54.8,43.7,196.9,79.0,284.1,591.8,2.9,5.2,2.0,2.7,123.1,259.4,335.8,1.0,312.4,166.1,,584.8,52.8,225.0,4860.0
2044,2023-07-31,207.2,3.0,46.0,151.3,7.1,112.6,,,76.5,131.6,,12.6,347.3,35.3,226.5,51.7,39.8,196.8,78.8,252.3,474.4,2.8,5.2,1.9,2.1,125.7,298.2,259.8,1.2,378.8,215.1,5.8,529.7,47.4,226.6,4627.400000000001
2045,2023-08-01,208.8,3.0,48.1,148.3,7.6,108.7,,,74.5,136.0,,12.8,346.8,36.4,246.7,52.6,36.9,201.4,80.7,248.8,480.1,2.6,5.3,1.8,2.9,114.0,327.3,279.1,1.3,391.9,211.2,6.0,546.0,49.2,209.2,4700.0
2046,2023-08-02,211.4,3.0,47.2,121.0,7.8,90.9,,,68.7,139.3,,12.6,344.5,35.9,246.0,51.7,30.6,204.5,82.0,233.1,489.5,2.7,5.2,1.9,2.9,98.3,332.9,302.2,0.9,392.7,226.2,5.3,511.6,47.7,184.0,4607.2
2047,2023-08-03,217.4,2.9,43.9,134.0,7.8,75.2,,,71.7,137.7,,12.8,351.1,36.1,237.3,51.9,34.7,212.9,83.1,207.0,489.3,2.6,5.5,1.8,2.9,115.4,320.3,290.1,1.1,388.4,235.1,5.1,507.2,47.8,201.1,4606.500000000001
2048,2023-08-04,227.1,3.0,43.3,143.3,7.3,84.8,,,73.9,133.9,,13.0,362.2,36.3,236.2,52.5,38.0,225.3,83.1,203.2,488.8,2.6,5.5,1.8,2.8,118.8,313.0,295.6,1.3,393.8,246.2,5.2,479.3,47.5,212.8,4658.4
2049,2023-08-05,234.5,2.8,43.0,145.3,7.1,88.2,,,73.3,127.1,,13.2,368.6,36.7,235.2,52.6,35.9,226.5,81.8,208.3,493.8,2.5,5.7,1.8,2.9,113.4,302.9,301.1,1.2,386.5,252.6,5.2,490.1,47.4,211.7,4674.9
2050,2023-08-06,232.7,2.9,40.7,138.3,6.3,95.3,,,71.8,123.9,,12.0,350.6,33.2,225.3,49.9,35.4,212.2,75.6,211.3,482.5,2.4,5.7,1.6,2.9,122.1,316.6,301.9,0.7,367.5,249.0,4.4,453.8,40.3,190.6,4533.500000000001
2051,2019-04-08,191.4,2.0,21.3,79.5,3.7,102.8,7.5,18.7,63.8,85.6,5.3,12.0,378.0,25.4,116.7,41.3,18.7,235.1,85.7,197.6,497.4,2.6,5.9,1.7,2.0,85.9,119.0,197.5,1.3,349.6,204.0,,316.2,34.6,138.4,3656.8
2052,2019-04-09,194.1,2.1,22.3,70.9,3.7,101.7,6.2,18.9,69.2,86.9,5.2,13.7,379.7,26.2,126.8,43.9,20.9,228.9,84.8,210.4,499.9,2.6,5.7,1.6,2.0,83.2,126.8,211.3,1.0,359.6,206.7,,331.6,37.0,133.3,3727.6
2053,2019-04-10,195.9,2.1,24.3,75.0,4.0,100.4,7.5,19.0,69.7,91.0,5.3,13.7,379.9,25.3,129.4,41.0,22.5,233.5,84.0,212.3,500.8,2.1,6.1,1.5,2.0,89.0,125.9,215.1,1.3,362.8,205.5,,340.6,37.9,135.1,3770.4
2054,2019-04-11,175.0,2.2,24.8,85.6,4.0,100.5,7.7,19.0,66.5,94.4,5.3,11.8,386.5,25.2,131.2,45.9,22.9,234.8,86.4,212.8,502.7,2.7,6.3,1.8,2.2,89.5,126.3,215.6,0.8,362.1,192.6,,345.6,31.3,165.8,3796.7
2055,2019-04-12,192.0,2.3,25.4,89.7,4.0,100.5,7.7,18.8,69.7,94.8,5.2,11.8,389.4,26.7,127.1,42.8,23.9,239.3,87.3,211.5,501.4,2.6,6.4,1.9,2.3,89.3,126.1,210.6,1.2,365.4,190.1,,347.0,37.8,171.8,3832.7
2056,2019-04-13,191.0,2.2,27.8,90.8,3.7,101.6,7.6,18.7,65.4,90.0,5.0,11.8,383.1,26.8,126.3,42.2,20.7,237.8,88.6,213.7,489.9,2.6,5.5,2.0,2.2,91.4,123.5,216.6,1.1,361.5,187.4,,347.1,38.9,171.0,3804.4
2057,2019-04-14,192.4,2.0,23.6,85.3,3.4,102.5,7.3,18.3,69.0,85.5,4.8,11.8,369.0,24.8,116.6,44.2,24.3,223.6,83.3,211.1,468.4,2.5,5.4,1.7,2.1,93.6,114.7,213.0,1.1,332.8,198.2,,340.1,35.7,164.5,3684.6999999999994
2058,2017-01-30,151.8,2.1,22.0,61.1,3.7,73.2,6.7,16.9,63.7,60.2,9.4,9.4,284.5,25.9,98.0,44.2,23.0,200.8,67.9,198.9,425.9,2.3,5.6,1.4,2.0,67.7,89.7,193.9,2.2,254.0,160.7,,261.4,34.9,110.7,3041.6
2059,2017-01-31,152.5,2.1,21.8,61.8,3.6,74.8,6.8,16.5,64.3,63.6,10.2,9.9,285.7,25.0,100.9,44.0,23.3,208.3,68.6,201.6,434.0,2.3,5.8,1.5,2.1,67.6,92.2,202.0,1.1,264.0,164.8,,261.3,35.1,110.8,3095.9
2060,2017-02-01,159.7,2.0,21.5,65.4,3.6,73.9,6.7,16.3,64.2,63.9,9.4,9.6,281.2,25.4,104.3,44.5,23.8,208.1,68.2,202.7,429.8,2.2,5.4,1.5,1.9,69.8,92.0,200.8,1.4,267.5,165.8,,261.3,35.0,108.2,3103.2
2061,2017-02-02,155.4,1.9,22.1,62.2,3.5,75.0,6.7,16.5,63.2,62.9,8.8,9.1,284.4,25.3,110.3,45.2,22.1,210.3,66.7,202.5,437.8,2.3,5.3,1.5,1.9,68.3,92.9,197.9,1.4,268.0,167.9,,256.9,34.0,110.9,3107.3
2062,2017-02-03,158.5,2.0,21.5,59.9,3.6,76.1,6.7,16.4,63.7,64.1,8.0,9.4,289.4,25.5,106.9,45.7,21.8,211.4,65.9,204.2,427.5,2.1,6.0,1.5,1.8,68.6,94.5,201.2,1.7,277.2,167.6,,257.7,35.4,113.4,3122.8
2063,2017-02-04,156.8,2.0,22.6,59.6,3.4,71.2,6.7,16.9,64.6,60.2,10.9,8.0,286.4,27.9,109.4,46.3,22.0,209.4,65.5,203.7,428.0,2.2,6.2,1.4,1.7,66.9,79.0,201.9,1.8,266.0,165.8,,259.5,34.9,113.4,3088.2000000000003
2064,2017-02-05,154.9,1.9,21.7,61.7,3.1,75.0,6.5,16.4,62.7,59.1,9.3,8.2,272.4,23.3,98.9,33.3,21.7,198.5,59.0,201.6,419.1,2.2,6.0,1.3,1.7,66.4,79.4,199.9,1.3,257.0,162.5,,256.4,31.7,106.1,2985.6
2065,2018-04-30,181.3,2.2,20.8,55.2,4.9,85.2,7.2,17.6,67.0,102.3,2.1,10.8,343.2,24.4,145.7,42.2,19.1,215.5,81.4,177.4,499.9,2.0,4.9,1.3,2.0,72.4,145.7,209.2,1.5,338.6,160.1,,294.3,39.4,136.5,3521.6000000000004
2066,2018-05-01,162.9,2.1,20.6,71.4,5.0,78.4,5.2,16.1,68.1,104.3,2.5,10.8,346.4,24.0,150.6,44.1,20.6,202.2,71.8,178.0,458.6,2.0,4.9,1.3,2.0,64.1,147.8,208.8,1.0,296.2,150.6,,333.3,38.0,124.5,3425.4000000000005
2067,2018-05-02,168.0,1.3,19.5,77.5,4.7,78.8,6.5,16.7,65.7,100.0,5.7,10.8,346.4,23.1,133.2,40.1,21.4,209.5,76.3,186.5,489.8,1.7,4.6,1.4,1.7,78.3,133.3,201.6,1.3,315.8,155.4,,320.6,30.8,139.6,3474.3999999999996
2068,2018-05-03,150.6,2.2,21.7,74.7,4.4,75.5,7.4,17.2,67.2,93.7,5.9,11.4,351.0,23.5,122.6,37.8,19.5,196.9,75.0,169.5,504.4,2.0,4.6,1.5,1.8,77.6,128.4,196.1,1.4,323.5,128.4,,252.2,30.6,139.3,3327.6
2069,2018-05-04,147.6,2.1,20.9,78.0,4.9,84.6,7.5,17.2,69.2,97.6,3.6,11.5,354.4,24.9,138.7,38.2,23.0,187.0,73.1,186.1,498.2,2.2,5.0,1.6,2.0,89.4,137.7,207.9,1.3,314.7,127.7,,318.0,37.8,154.1,3476.0000000000005
2070,2018-05-05,159.7,2.1,22.1,81.9,4.8,86.2,7.5,17.4,69.6,98.7,4.2,11.5,352.7,24.9,140.7,42.1,22.1,203.0,74.2,191.8,508.1,2.3,5.1,1.7,2.1,95.5,148.7,210.9,1.4,320.3,140.6,,345.7,37.7,160.8,3606.2999999999993
2071,2018-05-06,168.0,2.1,18.9,87.7,4.0,87.0,7.0,17.4,68.6,95.2,4.2,11.2,337.0,23.2,133.2,37.3,23.6,193.2,66.6,187.1,495.2,2.0,5.0,1.6,1.8,92.0,129.1,206.2,1.0,303.5,140.1,,329.1,36.6,156.3,3479.6
2072,2023-10-16,241.6,2.6,35.2,129.2,3.8,118.9,,,72.0,95.0,,14.0,389.6,30.1,155.1,47.6,32.7,266.2,79.5,283.9,605.5,2.5,5.4,1.9,2.4,112.6,128.3,277.8,1.1,321.7,286.2,5.3,366.9,32.4,196.9,4414.799999999999
2073,2023-10-17,244.7,2.5,36.7,113.9,3.7,120.1,,,72.4,81.7,,14.3,422.5,32.9,146.2,47.8,32.2,267.0,80.7,286.7,618.7,2.7,5.7,1.9,2.6,116.4,133.9,266.2,1.2,320.0,283.6,6.0,300.2,37.2,199.1,4372.400000000001
2074,2023-10-18,246.8,2.5,37.2,113.5,3.6,117.8,,,72.0,80.7,,14.4,418.2,33.0,158.2,48.0,31.7,269.8,82.2,295.3,626.4,2.7,5.7,1.8,2.7,120.1,143.3,275.7,1.2,332.6,281.6,5.6,335.3,37.8,190.8,4461.900000000001
2075,2023-10-19,247.3,2.6,37.3,112.8,3.6,117.3,,,71.3,79.7,,15.0,431.5,32.9,159.4,47.6,32.5,276.6,82.6,299.8,626.2,2.7,5.6,1.8,2.7,116.7,146.0,276.6,1.2,340.5,283.1,5.5,342.0,38.4,188.5,4502.9
2076,2023-10-20,247.2,2.7,35.8,111.3,3.6,116.2,,,71.9,79.7,,14.9,427.2,33.5,161.0,50.3,32.8,277.3,82.3,301.3,615.6,2.7,5.8,2.1,2.7,108.3,148.2,284.2,1.1,348.4,284.4,5.4,345.9,39.1,176.7,4493.8
2077,2023-10-21,242.3,2.7,34.9,109.2,3.5,112.5,,,71.2,76.4,,15.1,436.2,33.7,161.4,49.8,31.7,274.4,82.7,305.1,607.4,2.7,5.8,2.0,2.6,108.3,149.3,288.8,1.1,345.2,263.3,5.4,345.9,38.6,158.8,4441.400000000001
2078,2023-10-22,233.6,2.6,30.3,105.8,3.1,110.2,,,68.1,73.0,,13.6,422.8,32.0,145.6,51.2,30.3,259.6,75.1,302.5,599.8,2.7,5.8,1.8,2.5,104.6,138.7,282.3,0.9,321.7,279.0,5.5,336.6,36.9,148.0,4298.2
2079,2020-11-23,170.4,2.1,23.3,71.1,3.3,72.8,6.8,18.2,63.8,62.0,18.3,10.2,330.9,29.7,113.3,50.5,24.3,195.2,69.4,273.3,442.3,2.8,6.1,1.6,2.2,70.0,99.6,233.8,1.5,270.2,147.1,,240.5,35.6,100.7,3269.7000000000003
2080,2020-11-24,166.8,2.1,23.8,72.5,3.2,74.6,7.4,18.3,63.6,62.6,17.4,10.3,335.4,30.6,120.5,51.2,24.6,200.9,71.2,275.9,462.6,2.8,6.3,1.6,2.2,69.6,102.7,236.2,1.5,266.4,146.3,,245.5,36.4,110.1,3329.0
2081,2020-11-25,155.1,2.2,24.4,75.3,3.4,74.5,7.6,18.4,65.0,64.3,16.9,10.1,333.0,30.8,121.1,52.1,25.0,198.6,72.5,279.1,458.3,2.9,6.2,1.6,2.3,67.5,105.4,236.1,1.5,236.6,146.6,,247.5,37.6,109.0,3291.6
2082,2020-11-26,122.4,2.1,23.6,74.0,3.0,73.0,7.5,18.5,62.7,61.8,17.7,10.0,334.6,30.6,117.1,51.4,25.4,186.1,67.3,275.3,458.0,3.0,6.4,1.6,2.1,67.5,110.1,224.5,1.6,208.4,138.4,,243.6,37.1,106.5,3175.2
2083,2020-11-27,116.6,2.0,24.3,75.1,3.3,70.0,7.5,17.2,64.8,63.4,18.1,10.2,333.4,29.6,122.7,51.6,25.8,186.4,72.2,276.2,443.7,3.0,6.3,1.7,2.1,67.6,113.6,231.9,1.6,243.9,128.8,,250.8,37.1,109.0,3217.7
2084,2020-11-28,127.9,2.0,24.6,72.0,3.1,72.8,6.1,18.1,63.7,59.8,17.3,11.0,334.7,29.6,123.8,52.0,24.8,177.9,71.7,276.4,433.6,2.6,6.1,1.6,2.1,68.9,117.7,233.3,1.7,255.4,130.7,,250.4,36.7,110.8,3227.7000000000003
2085,2020-11-29,130.8,2.0,24.1,75.2,3.0,73.9,6.9,18.1,62.6,58.1,17.4,9.1,327.9,27.9,118.1,51.1,24.8,174.9,66.1,275.7,447.9,2.7,6.0,1.7,2.1,67.9,108.6,232.7,1.4,241.3,135.5,,246.0,34.9,104.5,3187.7000000000003
2086,2021-05-10,207.4,2.2,26.4,88.5,3.9,72.3,6.1,15.8,62.6,74.6,17.8,10.8,373.0,26.8,134.5,49.0,25.3,196.8,73.1,210.2,508.9,2.3,5.7,1.4,2.2,93.3,145.5,223.2,1.0,319.2,166.5,,344.8,34.8,142.5,3677.2000000000007
2087,2021-05-11,195.2,2.3,26.4,95.7,3.9,69.2,6.5,16.0,64.4,77.9,16.8,11.1,373.2,26.6,134.1,44.1,24.8,190.8,72.1,206.2,515.4,2.6,5.7,1.5,2.2,81.4,146.8,218.1,1.0,329.3,165.3,,362.1,35.2,135.5,3668.4
2088,2021-05-12,178.9,2.3,24.8,74.9,3.7,76.5,6.3,16.1,62.5,77.7,18.7,10.9,365.4,27.1,132.8,48.1,23.3,188.3,69.4,213.2,515.3,2.4,5.6,1.5,2.2,86.3,140.9,211.1,0.9,330.5,153.9,,340.1,33.6,128.3,3582.7
2089,2021-05-13,188.3,2.4,23.9,77.7,3.4,75.7,6.3,15.9,62.7,71.6,18.5,10.6,368.1,25.6,125.3,49.1,21.6,183.5,65.2,215.0,512.0,2.4,5.4,1.5,2.1,80.3,127.3,207.7,0.9,315.8,154.4,,310.5,32.3,129.9,3501.8
2090,2021-05-14,187.8,2.2,24.0,97.5,3.2,78.2,6.3,15.6,64.9,73.0,18.1,9.7,360.2,26.6,132.2,39.7,26.3,180.9,54.2,218.8,503.2,2.2,5.7,1.6,2.2,87.2,137.2,216.6,1.0,306.6,156.2,,343.6,33.8,141.7,3566.6
2091,2021-05-15,186.4,2.3,22.6,110.0,3.6,81.0,6.3,15.9,65.8,72.8,18.2,10.5,365.7,26.9,131.8,46.8,27.5,159.6,48.7,221.7,479.0,2.5,5.6,1.5,2.2,94.1,137.2,217.7,1.0,288.2,147.8,,355.4,35.0,161.7,3560.7000000000003
2092,2021-05-16,182.8,2.1,23.3,115.6,3.5,85.8,5.1,14.9,64.8,73.6,18.8,3.8,332.8,24.2,129.2,50.1,28.1,144.3,52.7,206.8,401.8,2.4,5.6,1.6,2.2,97.1,138.3,222.4,0.8,270.4,137.2,,372.9,33.1,160.8,3416.2000000000003
2093,2024-02-12,222.5,3.1,28.0,93.9,4.2,106.0,,,71.1,75.4,,13.5,396.5,35.7,148.7,59.0,30.8,301.6,86.1,309.2,584.6,3.2,6.2,2.2,2.4,93.4,158.8,322.8,1.9,331.9,270.7,3.8,328.5,43.0,149.4,4361.799999999999
2094,2024-02-13,223.7,3.0,28.1,87.8,4.1,113.8,,,70.8,76.6,,12.8,407.4,36.0,154.8,59.1,27.2,306.6,85.2,298.6,593.6,3.1,6.3,2.2,2.4,98.6,164.4,327.6,1.7,360.9,278.1,3.9,317.8,44.2,154.6,4428.300000000001
2095,2024-02-14,224.3,3.0,28.3,84.9,4.0,116.4,,,72.0,76.4,,12.9,393.6,36.3,157.4,58.0,29.0,309.8,90.3,297.2,598.5,2.9,6.6,2.4,2.4,108.7,164.5,324.3,1.9,361.7,278.8,3.8,320.9,43.6,145.9,4434.2
2096,2024-02-15,226.6,3.1,27.6,87.2,3.8,118.8,,,70.3,74.1,,13.7,404.7,35.0,155.2,58.2,28.2,309.1,90.1,293.1,599.1,2.9,6.6,2.3,2.5,110.0,163.5,325.4,2.0,365.4,276.0,4.0,323.7,42.5,147.1,4444.900000000001
2097,2024-02-16,228.0,3.0,28.0,86.2,3.9,120.2,,,70.4,74.9,,13.9,410.6,35.3,157.4,58.0,29.3,305.7,90.3,294.1,603.0,3.0,6.4,2.1,2.4,109.2,162.6,327.1,2.0,367.2,276.0,4.2,330.6,43.1,152.3,4474.300000000001
2098,2024-02-17,226.1,3.0,27.5,86.4,3.7,121.2,,,67.5,68.6,,13.4,417.0,34.7,153.3,58.1,29.1,302.2,90.9,294.6,599.4,3.0,6.5,2.3,2.5,111.3,160.4,324.3,1.9,361.6,273.7,4.1,329.5,41.9,153.1,4447.8
2099,2024-02-18,217.9,3.0,26.1,84.3,3.5,122.5,,,70.1,67.0,,14.0,394.5,33.1,138.0,57.5,29.5,291.0,84.9,292.2,582.5,2.9,6.5,2.2,2.2,111.5,139.0,311.3,1.7,331.7,266.9,3.7,320.6,38.7,140.3,4264.3
2100,2022-06-13,215.3,2.3,28.3,123.3,7.6,107.0,,,75.2,150.3,17.8,12.2,400.1,34.1,225.3,49.4,31.5,212.4,75.0,239.1,527.5,2.6,3.7,1.9,2.7,136.2,242.0,296.4,1.4,354.5,183.7,,509.8,50.9,192.4,4549.899999999999
2101,2022-06-14,220.4,2.3,27.3,130.3,7.5,108.1,,,76.8,144.2,17.2,12.7,405.4,36.5,235.0,48.3,32.3,223.4,77.2,245.5,547.4,2.5,4.0,1.8,2.7,129.2,265.4,283.9,1.6,360.8,178.8,,507.5,52.9,188.1,4615.6
2102,2022-06-15,205.9,2.6,25.7,119.6,7.8,99.9,,,72.8,145.3,17.1,12.9,406.6,35.9,239.9,55.0,28.0,209.5,76.4,242.0,557.1,2.6,4.9,1.8,2.3,125.3,264.6,308.4,1.4,355.1,171.2,,526.5,54.3,177.7,4594.6
2103,2022-06-16,205.3,2.4,24.2,122.5,7.1,97.6,,,77.1,140.2,17.9,12.7,415.0,33.6,224.3,49.7,30.6,211.8,74.9,222.5,556.6,2.7,4.9,1.7,2.5,127.8,263.8,304.6,1.4,337.8,164.9,,493.8,50.8,189.9,4510.5
2104,2022-06-17,200.8,2.2,24.2,121.6,5.9,96.7,,,75.2,125.5,17.9,13.0,421.7,33.5,193.0,41.5,28.9,206.3,75.7,218.7,552.9,2.5,4.7,1.7,2.6,128.0,216.0,295.8,1.5,340.7,172.0,,463.2,48.2,172.5,4342.5
2105,2022-06-18,197.3,2.3,24.8,110.5,5.1,87.3,,,75.5,108.6,18.4,12.7,422.2,31.3,180.8,41.9,29.4,202.5,75.2,210.6,550.7,2.3,5.1,1.6,2.6,124.0,235.9,269.1,1.5,326.3,173.9,,438.8,45.8,163.5,4215.800000000001
2106,2022-06-19,191.4,2.2,25.1,104.1,4.6,85.1,,,73.4,98.6,20.1,11.7,401.3,30.0,170.2,43.3,27.9,180.4,68.6,192.1,516.6,2.5,5.4,1.5,2.4,129.4,255.1,228.3,1.2,303.4,162.2,,430.1,42.0,151.7,3998.599999999999
2107,2019-04-15,193.5,2.0,22.3,92.8,4.1,102.1,7.5,18.4,69.9,97.2,4.1,11.8,379.8,23.2,127.4,41.6,24.6,243.1,83.0,202.9,483.8,1.7,5.2,1.7,2.0,95.1,118.1,205.8,1.2,352.6,195.2,,351.0,39.0,171.1,3783.3
2108,2019-04-16,193.9,2.1,20.4,88.5,4.0,100.0,7.6,18.9,69.6,89.2,4.2,14.0,359.3,25.3,95.5,39.3,26.6,249.3,87.3,176.6,478.3,2.1,5.3,1.9,2.1,93.8,95.9,159.2,1.2,362.1,193.8,,284.6,37.5,178.0,3576.1
2109,2019-04-17,193.9,2.1,15.6,69.1,3.2,99.6,7.5,18.7,67.1,73.7,2.9,13.8,335.8,26.0,98.7,39.4,22.6,241.5,82.4,154.0,470.4,1.5,4.1,1.9,2.1,90.5,100.7,146.4,1.0,360.3,189.0,,251.5,34.6,162.6,3392.8999999999996
2110,2019-04-18,195.6,2.1,23.9,81.1,3.2,101.8,7.5,18.7,66.0,74.4,3.3,13.8,355.9,25.8,106.5,46.7,23.5,217.0,76.5,181.0,482.3,1.7,5.1,1.8,2.1,91.2,98.6,168.3,1.1,306.4,186.3,,269.9,33.7,170.5,3450.4999999999995
2111,2019-04-19,193.5,2.1,26.1,86.6,3.2,93.6,7.5,18.5,66.9,75.2,5.2,13.8,358.8,26.6,114.3,44.7,19.7,220.7,69.2,192.0,477.8,1.9,5.3,1.8,2.1,80.7,104.6,178.1,1.0,329.0,173.3,,301.0,37.5,166.0,3507.0
2112,2019-04-20,187.8,2.1,23.8,89.8,3.5,95.6,7.5,18.4,69.3,78.7,5.8,13.8,367.5,26.1,116.2,44.7,22.6,228.6,74.9,200.5,487.4,1.8,5.3,1.6,2.2,79.9,112.8,187.2,1.2,330.5,167.9,,315.6,38.1,164.3,3582.2
2113,2019-04-21,178.1,2.1,22.9,92.3,3.3,95.9,7.3,18.5,68.1,79.2,5.7,10.3,363.6,22.5,110.9,43.0,21.1,216.0,69.5,201.3,468.5,2.2,5.2,1.8,2.1,80.9,108.5,190.4,1.0,304.2,164.6,,320.3,35.2,155.0,3479.9
2114,2024-07-15,191.4,2.9,42.5,155.5,8.1,122.4,,,74.0,142.1,,10.5,422.7,39.3,279.3,55.5,43.4,199.1,69.7,259.8,500.7,3.1,5.5,1.6,3.0,116.1,348.3,304.8,1.3,327.6,221.2,,574.1,50.5,229.0,4880.3
2115,2024-07-16,195.6,3.0,44.4,152.0,8.2,124.7,,,73.9,150.4,,14.8,409.4,40.2,289.0,56.6,44.3,196.8,68.8,268.1,514.7,3.0,5.6,1.8,3.1,119.9,358.4,317.3,1.4,319.0,226.8,,603.2,54.4,231.7,4975.7
2116,2024-07-17,202.1,3.0,47.0,143.6,7.6,126.9,,,70.5,151.7,,13.5,393.8,39.1,275.5,56.1,38.6,204.1,73.6,273.1,507.4,3.1,5.6,1.5,3.2,122.2,358.9,325.4,1.3,337.9,232.8,,600.5,51.7,232.6,4979.0
2117,2024-07-18,199.3,2.9,46.9,161.0,8.1,128.6,,,74.7,149.3,,12.9,412.6,38.6,276.2,51.0,45.2,197.5,72.8,270.2,501.2,3.1,5.5,2.0,3.1,122.1,359.8,326.0,1.4,326.7,240.9,,609.0,52.1,242.5,5017.1
2118,2024-07-19,187.8,3.3,48.6,159.8,8.2,132.6,,,76.7,149.1,,12.5,414.1,39.5,279.3,55.3,47.4,189.6,73.3,271.5,507.1,3.4,5.5,2.0,3.0,119.6,358.3,320.5,1.4,328.6,210.2,,592.5,54.0,241.1,4970.5
2119,2024-07-20,182.0,2.6,46.6,163.0,7.7,122.7,,,74.3,144.7,,12.8,417.0,40.5,287.7,54.8,46.1,181.6,76.6,274.9,494.1,3.1,5.6,2.5,3.2,116.6,363.2,331.6,1.3,329.3,192.7,,601.7,53.8,236.3,4946.000000000001
2120,2024-07-21,195.6,3.0,44.4,152.0,8.2,124.7,,,73.9,150.4,,14.8,409.4,40.2,289.0,56.6,44.3,196.8,68.8,268.1,514.7,3.0,5.6,1.8,3.1,119.9,358.4,317.3,1.4,319.0,226.8,,603.2,54.4,231.7,4975.7
2121,2022-02-14,194.1,2.5,25.1,82.4,3.5,92.3,7.3,19.6,68.4,65.1,17.4,10.7,362.3,32.4,126.2,60.1,29.3,250.6,79.7,293.4,525.4,3.4,7.2,2.0,2.6,107.7,124.5,277.1,1.8,307.5,218.0,,315.1,32.3,117.3,3871.6
2122,2022-02-15,189.7,2.6,25.5,80.9,3.4,95.4,7.5,19.7,68.1,65.4,19.5,12.1,363.1,33.2,130.4,59.8,28.7,255.8,81.0,293.1,535.5,3.5,7.1,2.1,2.6,108.2,126.3,280.0,1.7,317.7,220.7,,312.3,37.9,120.6,3918.500000000001
2123,2022-02-16,203.0,2.6,25.5,82.9,3.3,96.2,7.8,19.9,70.3,65.6,19.6,12.4,359.1,34.4,131.8,60.6,27.3,256.2,80.7,293.5,536.0,3.5,7.2,2.2,2.5,107.7,130.0,281.7,1.8,323.2,220.7,,311.8,40.3,121.5,3950.2
2124,2022-02-17,202.9,2.6,25.3,83.8,3.3,95.5,7.8,20.0,71.5,64.3,17.8,12.4,362.3,33.9,131.4,59.0,28.6,256.3,80.6,294.3,530.4,3.4,7.0,2.0,2.5,110.9,131.2,279.3,1.8,326.2,216.0,,307.3,40.0,122.4,3941.3000000000006
2125,2022-02-18,204.0,2.6,25.8,80.6,3.4,95.7,7.8,19.7,70.3,65.6,19.5,12.4,367.5,34.2,131.8,62.0,28.3,256.4,81.0,293.4,530.7,3.4,7.1,2.0,2.5,109.4,137.4,280.3,1.9,331.9,222.4,,309.6,40.5,122.5,3971.2
2126,2022-02-19,201.5,2.6,25.6,81.4,3.2,96.1,7.8,19.9,68.9,61.0,19.5,12.0,368.7,33.8,130.2,59.7,31.2,257.5,80.5,287.5,533.8,3.3,7.1,2.0,2.3,112.0,138.2,278.5,1.8,311.9,221.8,,315.2,39.4,121.3,3944.8
2127,2022-02-20,200.2,2.5,22.8,82.4,3.0,94.7,7.3,19.5,68.9,59.4,18.4,11.1,354.4,28.7,118.2,56.1,28.0,245.0,75.4,284.4,519.5,3.3,7.2,1.8,2.3,109.3,124.7,273.1,1.5,304.5,217.2,,298.1,36.5,112.4,3798.9
2128,2021-07-05,171.9,2.2,34.3,124.5,7.3,85.4,7.2,19.1,63.0,127.5,17.1,11.2,382.8,29.0,243.4,44.4,27.5,196.4,72.1,229.7,514.0,2.7,6.2,1.6,2.4,105.9,301.7,275.7,2.0,300.4,219.9,,482.5,46.6,167.1,4332.300000000001
2129,2021-07-06,179.8,2.3,36.5,126.3,7.7,93.8,7.6,18.9,63.1,134.7,17.9,12.5,392.9,29.5,255.4,46.9,28.8,200.2,73.1,233.1,521.5,2.6,5.8,1.6,2.4,107.4,300.7,283.4,2.0,322.1,216.0,,505.3,48.4,176.9,4465.4
2130,2021-07-07,182.5,2.4,35.8,122.9,8.3,96.4,7.5,19.2,64.0,142.3,18.6,12.1,406.5,31.8,266.2,42.6,30.2,194.8,75.6,238.6,520.5,2.7,5.8,1.4,2.5,104.5,292.9,294.7,2.0,323.1,211.4,,514.5,48.9,172.1,4503.8
2131,2021-07-08,174.3,2.4,36.4,116.8,8.4,79.5,7.6,19.6,62.5,141.9,20.2,11.8,408.2,30.3,265.0,47.7,28.5,191.6,74.9,227.3,487.2,2.5,5.4,1.6,2.5,98.7,293.0,298.9,1.7,322.8,173.1,,490.2,48.0,165.5,4355.1
2132,2021-07-09,170.3,2.5,38.3,120.2,7.7,91.7,7.5,19.4,65.3,135.9,18.2,11.8,410.4,30.2,257.5,46.4,28.8,185.9,73.0,223.7,453.6,2.7,5.5,1.7,2.5,102.2,289.4,298.5,1.8,307.8,183.9,,480.2,48.5,173.5,4304.7
2133,2021-07-10,166.2,2.3,36.1,126.8,7.5,96.9,7.7,19.4,67.1,135.0,18.6,11.3,392.7,29.5,265.9,45.5,29.8,171.8,61.8,229.9,440.0,2.5,5.6,1.6,2.4,102.5,289.4,296.4,1.6,290.9,180.0,,503.5,49.7,177.4,4273.5
2134,2021-07-11,161.3,2.4,35.7,121.5,6.6,98.7,6.9,18.9,64.5,131.8,19.4,10.1,352.7,26.1,245.3,44.5,28.9,152.5,56.5,218.6,423.5,2.5,5.4,1.6,2.5,104.7,287.5,276.1,1.4,264.1,165.4,,472.6,43.0,170.1,4030.6
2135,2023-05-01,176.1,2.6,27.8,95.6,4.0,84.6,,,70.8,76.6,,13.7,386.8,27.9,129.6,56.4,31.3,223.7,82.0,176.0,483.4,2.7,5.4,1.9,2.4,109.0,142.2,211.0,1.0,298.3,137.9,5.8,293.1,34.3,144.7,3604.6999999999994
2136,2023-05-02,183.1,2.4,29.0,97.7,3.7,87.2,,,72.5,74.5,,14.8,391.1,29.2,130.4,56.1,31.1,230.3,85.4,176.1,510.8,2.7,5.5,1.8,2.4,108.6,139.1,217.5,1.5,299.0,152.8,5.8,300.2,36.7,160.2,3707.3
2137,2023-05-03,188.6,2.5,30.6,110.5,3.7,87.9,,,73.7,74.7,,15.6,388.3,28.4,129.5,55.9,29.3,242.4,87.0,184.1,512.2,2.7,5.3,1.8,2.4,105.9,140.1,222.2,1.6,313.6,160.4,5.6,308.1,37.2,181.2,3804.099999999999
2138,2023-05-04,193.0,2.3,30.4,103.3,3.8,94.0,,,74.1,74.1,,15.0,399.0,28.0,132.7,55.3,29.4,251.2,90.0,189.6,512.1,2.3,5.2,1.8,2.0,108.0,143.1,235.9,1.6,314.2,167.1,5.2,303.9,38.0,174.6,3850.9
2139,2023-05-05,193.2,2.5,32.0,111.9,3.8,99.3,,,78.0,79.0,,15.2,409.5,29.7,146.1,56.5,31.5,253.1,90.7,202.0,507.1,2.2,5.1,1.9,2.4,111.8,148.7,252.1,1.6,314.9,171.5,5.2,352.8,40.6,178.8,4003.2
2140,2023-05-06,194.8,2.0,32.8,116.8,4.0,102.4,,,76.5,81.3,,15.2,412.1,29.9,150.0,52.3,32.0,249.8,89.7,214.7,541.7,2.2,5.6,1.9,2.5,113.3,158.0,263.9,1.4,307.0,169.5,5.8,371.7,41.2,195.0,4109.4
2141,2023-05-07,190.3,2.3,33.3,123.1,4.2,102.6,,,77.7,82.1,,13.7,403.3,25.5,138.6,51.9,33.4,222.8,81.6,221.0,526.2,2.2,5.5,1.8,2.4,118.9,136.3,262.2,1.1,279.5,162.6,5.6,381.5,38.9,195.0,3997.9
2142,2017-03-27,163.4,1.9,21.5,64.2,3.7,89.1,7.1,16.9,66.1,72.9,9.9,11.0,323.6,24.7,114.5,37.8,24.7,216.5,74.3,177.2,488.2,2.0,4.6,1.3,2.0,81.6,121.3,183.6,1.4,312.8,182.9,,293.5,34.5,146.8,3384.5
2143,2017-03-28,168.6,1.9,22.8,64.9,4.0,87.3,7.3,16.8,67.7,77.3,10.0,11.5,330.2,25.5,120.6,41.4,24.7,229.2,75.7,178.9,486.7,2.1,4.6,1.4,1.9,82.1,127.7,188.3,1.4,323.4,186.0,,314.8,33.9,151.3,3479.2000000000003
2144,2017-03-29,165.1,1.9,21.4,66.8,4.1,91.7,7.4,16.9,66.6,80.6,9.8,10.7,330.4,25.7,121.1,41.3,24.5,218.0,75.8,178.5,494.3,2.1,4.5,1.5,1.9,81.7,126.9,190.8,1.3,322.1,178.7,,320.2,36.1,157.2,3484.899999999999
2145,2017-03-30,167.0,1.9,21.1,66.0,4.1,92.4,7.1,17.0,65.1,83.2,11.2,10.5,333.5,25.9,125.0,41.0,22.4,219.4,75.8,178.2,501.4,2.3,4.8,1.3,1.8,79.4,124.3,185.3,1.2,326.6,184.8,,320.6,35.6,146.2,3490.7
2146,2017-03-31,165.9,1.8,20.4,66.6,4.3,89.8,6.8,17.0,65.4,85.3,10.5,11.1,330.9,26.2,122.6,41.9,24.1,227.9,75.3,178.0,494.4,1.9,4.8,1.4,1.7,81.2,127.8,183.7,1.3,322.3,194.8,,332.2,35.9,156.5,3519.1
2147,2017-04-01,162.1,1.8,18.8,71.3,4.1,90.1,6.4,14.5,64.5,83.1,9.6,10.3,323.4,25.5,121.1,40.9,24.6,225.6,75.2,178.0,486.8,1.9,4.3,1.3,1.3,79.1,127.7,180.0,1.3,316.6,185.4,,314.9,34.7,152.4,3445.5999999999995
2148,2017-04-02,161.3,1.7,17.5,73.2,3.6,89.7,6.2,17.5,62.1,79.5,9.8,9.5,315.2,24.0,105.3,40.9,24.0,214.7,69.8,172.9,467.8,2.0,3.4,1.3,0.9,78.5,115.3,178.6,1.0,294.5,178.0,,301.1,32.5,141.1,3300.8999999999996
2149,2022-10-10,166.4,2.0,33.2,116.2,4.4,100.8,,,73.0,72.9,14.7,12.2,401.6,33.1,126.9,48.2,33.6,171.3,75.6,196.5,465.4,2.7,6.0,1.6,2.5,125.6,176.9,242.6,1.5,289.3,167.2,,275.4,35.6,180.0,3691.2
2150,2022-10-11,171.0,2.2,31.9,106.3,4.0,97.3,,,71.8,76.8,13.9,12.4,412.3,30.8,131.8,46.3,31.6,171.6,77.8,185.4,467.5,2.6,6.0,1.8,2.6,119.8,159.1,248.3,1.5,297.4,172.0,,289.2,37.4,182.7,3700.4
2151,2022-10-12,176.0,2.3,31.7,102.5,3.9,96.7,,,71.6,79.4,13.9,12.5,410.6,33.2,138.5,46.6,30.0,173.5,77.9,192.2,462.0,2.7,6.1,1.7,2.6,119.2,168.1,247.8,1.5,304.8,180.7,,308.0,37.9,168.4,3741.5
2152,2022-10-13,177.4,2.2,33.4,110.1,3.8,97.4,,,72.7,78.2,14.1,12.3,416.1,32.7,139.3,48.7,30.6,165.7,77.6,194.3,460.5,2.6,6.2,1.6,2.5,122.4,172.9,247.4,1.7,306.4,181.7,,318.0,37.9,170.1,3775.8
2153,2022-10-14,173.8,2.2,35.4,113.9,3.8,98.9,,,73.8,79.4,13.5,12.3,406.1,31.8,143.3,49.0,32.0,157.3,77.5,190.5,452.5,2.6,6.3,1.6,2.5,121.1,172.1,247.4,1.6,309.2,176.9,,318.9,37.0,174.6,3756.1
2154,2022-10-15,169.2,2.0,36.0,109.4,3.7,95.6,,,74.2,74.6,11.3,12.5,408.1,31.4,146.4,48.3,32.4,157.1,77.9,188.2,446.9,2.6,5.9,1.7,2.3,120.7,169.9,248.7,1.5,293.9,156.1,,316.0,37.1,175.0,3693.7
2155,2022-10-16,168.0,2.2,34.7,104.4,3.4,98.4,,,70.6,71.1,11.8,11.4,393.2,29.2,133.8,47.1,32.1,142.7,70.6,187.5,441.9,2.6,5.9,1.5,2.3,125.4,162.1,245.0,1.1,275.1,147.8,,305.2,33.3,163.2,3559.0
2156,2017-11-27,162.0,2.3,21.6,59.4,3.2,67.6,7.0,17.1,66.6,60.3,9.3,8.9,304.9,25.7,100.9,42.8,25.0,198.3,66.6,231.5,423.7,2.3,6.1,1.4,1.9,74.4,95.6,202.0,1.4,261.3,143.1,,264.1,33.8,97.2,3095.7000000000003
2157,2017-11-28,160.2,2.1,22.5,61.1,3.2,68.0,7.2,17.2,64.8,60.2,10.5,9.4,304.7,27.8,109.5,42.0,21.8,202.9,68.6,233.5,425.3,2.3,5.7,1.4,1.9,77.6,100.8,204.0,1.4,273.0,144.5,,269.5,34.8,99.4,3145.3
2158,2017-11-29,162.9,2.2,23.4,60.6,3.2,67.3,7.3,17.1,66.7,61.6,10.1,9.5,304.1,26.4,117.8,42.4,22.9,202.1,68.3,234.3,424.7,2.5,6.2,1.5,2.1,71.8,101.6,199.5,1.5,267.1,145.5,,268.2,34.6,102.4,3145.7999999999997
2159,2017-11-30,156.8,1.9,22.9,59.3,3.2,67.6,7.0,16.8,67.2,62.3,10.6,9.5,307.2,26.3,117.2,43.2,23.8,196.3,62.2,234.9,424.1,2.4,6.0,1.4,1.9,67.8,103.3,204.3,1.5,240.0,142.2,,264.4,34.8,99.0,3095.4
2160,2017-12-01,153.0,1.9,22.4,59.7,3.3,68.3,6.9,16.6,66.8,62.1,9.6,9.5,307.4,26.5,116.7,43.4,24.0,182.5,60.2,236.1,414.7,2.1,5.9,1.4,2.1,68.2,101.8,199.1,1.3,230.9,148.1,,269.6,33.8,96.4,3058.4
2161,2017-12-02,148.7,2.3,22.2,59.5,3.2,67.9,7.0,16.8,66.9,58.3,10.3,9.4,314.6,26.2,117.6,42.8,22.7,183.2,59.7,236.0,412.1,2.5,5.8,1.3,2.0,66.4,103.5,201.7,1.5,232.8,146.8,,277.4,33.9,93.6,3062.6
2162,2017-12-03,146.9,2.2,21.5,59.1,2.9,68.8,6.6,17.0,66.3,58.0,9.1,8.8,300.1,24.8,109.0,41.3,24.0,173.0,57.1,230.5,404.2,2.4,5.7,1.5,2.2,66.1,96.4,200.4,1.4,220.1,141.4,,258.7,31.6,89.1,2953.7999999999997
2163,2022-05-23,207.2,2.7,32.0,103.5,4.8,98.9,6.0,19.2,74.3,99.2,19.8,13.7,418.2,27.3,102.8,48.3,29.9,176.4,73.6,229.3,562.3,2.5,6.0,1.7,2.4,125.7,137.9,262.0,1.4,344.8,175.2,,315.6,34.7,172.4,3941.0
2164,2022-05-24,215.4,2.6,36.0,105.0,4.3,97.5,7.1,20.0,74.6,91.1,19.4,14.4,426.6,29.2,123.0,46.8,26.8,188.2,76.1,217.9,577.1,2.6,6.1,1.8,2.5,125.6,153.7,231.1,1.6,366.9,184.3,,311.6,39.7,180.7,4017.1999999999994
2165,2022-05-25,192.2,2.5,35.2,104.0,4.6,99.0,7.7,19.9,75.9,100.3,18.5,14.7,425.4,31.5,149.9,48.8,25.6,201.9,79.4,217.9,579.1,2.5,5.8,1.7,2.4,128.3,167.5,272.9,1.6,368.5,185.8,,385.5,42.5,182.4,4190.8
2166,2022-05-26,210.1,2.6,34.5,109.9,5.2,93.8,7.8,20.6,76.0,105.6,18.6,15.1,429.8,32.6,160.4,49.9,30.4,207.9,77.5,244.5,581.6,2.6,5.5,1.9,2.6,128.7,186.5,286.6,1.5,356.2,179.2,,426.3,44.4,176.1,4321.1
2167,2022-05-27,205.3,2.4,34.2,118.1,5.8,93.4,7.9,20.4,76.5,113.9,20.4,15.0,425.1,33.4,173.5,52.2,31.1,209.5,77.3,241.3,574.4,2.5,5.5,1.8,2.6,121.6,201.0,295.6,1.6,353.9,178.1,,442.0,46.6,182.8,4375.300000000001
2168,2022-05-28,212.7,2.2,36.1,118.5,6.3,96.2,7.8,20.0,77.0,118.4,19.3,14.7,426.1,33.1,175.6,48.2,33.0,215.8,76.2,247.4,568.9,2.6,5.5,1.7,2.6,123.2,191.0,298.0,1.5,351.9,179.5,,450.4,48.6,187.4,4406.4
2169,2022-05-29,216.9,2.2,36.7,109.0,6.0,98.4,7.4,20.1,76.3,118.4,18.1,13.3,412.7,29.3,166.9,44.4,33.0,206.6,70.4,243.8,561.6,2.6,5.8,1.5,2.5,131.7,178.3,298.8,1.2,331.4,178.5,,441.7,45.4,169.9,4289.099999999999
2170,2018-05-14,164.3,2.1,22.6,54.0,4.6,73.3,7.4,17.5,67.2,98.0,4.6,10.9,352.7,23.3,122.8,43.3,21.2,169.3,70.0,187.5,509.4,2.1,4.9,1.5,1.7,71.8,150.1,220.1,1.1,326.3,136.9,,255.7,31.3,128.2,3366.0
2171,2018-05-15,165.5,1.5,21.7,78.1,5.0,75.7,7.5,17.8,68.6,105.9,3.3,10.9,353.2,25.3,139.1,42.8,24.6,175.3,74.0,189.7,511.1,2.4,4.2,1.7,1.8,76.7,155.8,222.1,1.2,330.7,134.5,,336.1,39.4,148.4,3559.9
2172,2018-05-16,172.7,2.3,23.6,83.2,5.2,80.7,7.6,17.8,67.5,103.2,3.8,10.9,351.8,26.5,126.0,44.1,24.6,177.3,71.8,189.0,506.6,2.4,4.4,1.6,2.0,73.9,157.8,218.1,1.0,331.0,145.7,,349.1,41.1,138.3,3570.8999999999996
2173,2018-05-17,179.5,2.4,26.0,85.4,5.3,83.4,6.1,16.7,62.0,108.5,3.8,10.9,358.5,27.1,145.3,41.7,25.2,183.5,72.0,195.9,503.8,2.3,4.7,1.7,2.1,76.4,163.0,222.9,1.4,331.6,142.9,,378.6,39.1,141.4,3659.3
2174,2018-05-18,178.0,2.4,26.2,86.7,5.3,82.1,7.5,16.4,64.1,110.4,6.1,10.9,359.8,27.2,156.0,39.3,25.3,182.6,72.2,195.0,494.3,2.1,4.9,1.4,2.1,74.8,169.0,220.0,1.3,328.0,146.3,,382.1,38.8,154.5,3681.500000000001
2175,2018-05-19,179.8,1.7,26.8,86.9,5.2,84.3,7.4,17.7,65.6,108.8,5.3,10.7,358.6,27.1,139.0,35.6,27.0,183.7,73.1,196.7,496.0,2.1,5.5,1.5,2.0,85.2,164.8,221.6,1.2,312.0,149.4,,386.4,42.9,156.8,3676.8000000000006
2176,2018-05-20,171.3,1.7,27.3,76.7,4.6,84.8,7.1,17.7,69.3,103.7,10.9,10.1,345.5,21.9,144.7,41.9,23.2,154.5,63.9,194.1,491.2,2.2,4.7,1.4,1.9,89.0,164.4,221.1,1.1,302.1,150.9,,380.0,39.4,155.2,3587.2000000000003
2177,2018-12-24,162.5,2.2,22.1,70.3,3.6,73.7,7.1,17.5,65.8,67.2,9.1,10.2,324.7,28.6,125.5,49.1,23.5,204.6,70.8,257.5,415.1,2.4,6.5,1.9,2.2,70.0,110.0,237.9,1.4,276.4,178.8,,276.6,37.2,109.0,3327.8999999999996
2178,2018-12-25,161.5,2.2,23.4,69.0,3.4,74.7,7.2,17.5,66.2,64.8,12.5,10.2,324.1,29.4,129.0,49.2,24.2,206.8,65.6,259.9,416.5,2.4,6.3,1.8,2.2,71.9,96.3,238.7,1.5,282.9,180.6,,287.9,38.6,106.6,3341.9
2179,2018-12-26,165.0,2.2,23.6,73.3,3.7,73.7,7.2,17.5,69.7,64.6,10.5,9.7,318.7,30.9,130.3,48.2,24.9,214.4,71.1,260.1,415.7,2.5,6.6,1.7,2.1,70.6,123.2,240.5,1.4,290.6,184.0,,289.1,39.4,112.6,3406.2
2180,2018-12-27,167.1,2.0,23.3,72.4,3.7,74.9,7.1,17.4,66.4,69.6,11.2,10.4,322.0,31.2,131.2,50.7,24.5,213.2,73.1,258.7,407.9,2.8,6.4,1.8,2.1,69.7,117.8,241.2,1.6,302.0,190.3,,286.5,39.3,110.8,3417.1000000000004
2181,2018-12-28,166.9,2.1,23.3,73.8,3.9,76.1,7.1,17.2,66.1,73.2,12.6,10.4,319.4,31.6,130.6,52.8,23.6,211.2,73.1,257.9,393.3,2.8,6.7,1.6,2.2,67.9,119.6,242.4,1.4,303.9,188.5,,295.8,39.3,113.5,3419.0
2182,2018-12-29,165.6,1.9,23.3,72.1,3.7,75.1,7.0,17.3,64.6,69.3,11.1,9.8,317.3,30.6,128.6,50.5,23.4,204.8,70.2,256.4,388.4,2.8,6.7,1.9,2.0,68.2,119.2,240.7,1.4,287.1,184.0,,290.7,39.2,110.2,3352.1999999999994
2183,2018-12-30,160.5,2.1,22.8,74.7,3.2,75.6,6.6,17.2,64.7,66.5,11.2,8.9,309.6,29.2,120.3,49.9,26.9,192.1,64.0,255.2,378.4,2.8,6.4,1.8,2.1,68.1,106.1,237.0,1.4,261.0,178.0,,291.5,37.1,105.6,3244.8
2184,2019-05-27,197.0,2.2,25.2,105.3,5.2,94.3,7.1,14.6,67.9,111.8,6.3,12.4,385.7,28.9,165.3,46.7,28.2,194.9,85.6,224.0,509.5,2.5,4.7,1.5,2.2,96.5,155.9,248.1,1.3,345.5,176.0,,428.2,45.0,185.5,4020.2
2185,2019-05-28,201.0,2.1,28.0,108.7,5.4,89.0,7.3,17.4,68.8,114.9,6.0,11.8,391.1,29.4,173.6,47.8,28.5,214.1,88.1,227.4,516.4,2.7,5.0,1.7,2.0,89.5,166.3,257.9,1.3,356.2,181.8,,435.6,46.5,186.1,4118.799999999999
2186,2019-05-29,197.1,2.2,28.6,107.7,5.6,85.0,7.5,16.7,68.7,121.6,6.9,12.3,389.9,29.2,179.3,47.2,28.2,206.3,79.6,226.3,515.8,2.8,5.3,1.8,2.1,86.6,175.9,256.2,1.1,345.2,186.6,,444.4,46.3,198.1,4123.0
2187,2019-05-30,183.2,2.1,27.0,92.4,6.0,88.6,7.5,17.8,72.0,128.1,6.4,12.3,394.1,30.3,185.9,47.0,26.3,213.1,85.1,226.4,509.6,2.5,4.9,1.7,2.2,91.6,183.6,250.0,1.0,349.5,177.5,,469.0,46.7,189.0,4139.7
2188,2019-05-31,196.3,2.1,26.7,80.5,6.2,86.2,7.4,16.5,66.0,131.6,5.7,12.3,392.8,30.5,189.1,47.4,24.8,212.7,84.1,226.6,505.9,2.4,4.9,1.7,2.1,96.6,188.8,255.7,1.2,343.0,181.2,,445.2,47.8,175.9,4107.099999999999
2189,2019-06-01,197.3,2.2,28.8,99.7,6.4,37.2,7.2,17.2,65.9,132.2,5.6,12.3,393.0,28.8,188.4,42.3,25.3,198.9,81.7,223.9,500.6,2.2,5.5,1.8,2.2,96.8,186.4,261.6,1.2,336.8,170.9,,438.9,47.7,176.0,4031.5
2190,2019-06-02,194.2,2.0,29.8,88.8,6.0,88.5,7.1,16.3,66.3,132.7,6.1,12.3,376.2,27.0,182.0,46.8,25.1,184.8,77.6,215.2,489.6,2.3,5.9,1.7,2.5,85.8,186.9,260.2,0.9,313.7,167.0,,439.0,43.0,153.4,3944.9
2191,2022-03-28,234.6,2.1,27.8,111.8,4.0,116.3,7.6,17.7,74.3,84.7,16.0,14.5,412.5,29.3,140.8,45.2,31.9,257.9,77.9,254.4,594.6,2.6,6.3,1.5,2.3,115.9,155.6,251.3,1.7,364.5,251.3,,388.7,40.9,178.3,4325.7
2192,2022-03-29,221.0,2.3,27.8,113.5,4.2,118.3,7.7,17.7,75.7,89.1,17.4,13.3,427.8,30.7,144.2,52.1,32.4,268.5,79.7,257.9,601.7,2.7,6.5,1.7,2.3,115.2,152.1,255.8,1.7,375.4,280.0,,394.9,41.3,184.6,4426.6
2193,2022-03-30,215.0,2.3,27.9,113.5,4.2,117.9,7.6,17.9,76.8,92.6,16.0,14.5,423.9,31.5,146.0,44.1,33.7,272.6,87.1,259.1,610.5,2.7,6.5,1.7,2.3,110.3,152.7,255.4,1.8,370.2,276.9,,402.4,41.5,185.4,4434.299999999999
2194,2022-03-31,221.5,2.1,27.3,114.5,4.3,117.3,7.3,17.5,78.5,94.9,16.3,14.9,426.2,31.0,145.4,45.0,31.5,274.6,89.2,261.6,603.3,2.7,6.5,1.8,2.4,109.1,152.9,254.4,1.7,372.5,277.6,,409.3,41.1,186.3,4451.900000000001
2195,2022-04-01,234.5,2.2,27.7,115.3,4.3,120.4,7.0,18.2,76.2,93.2,15.6,14.8,417.2,31.3,143.5,47.8,31.2,276.2,89.0,259.8,590.6,2.7,6.4,1.9,2.4,111.2,156.2,243.4,1.7,368.9,274.0,,416.6,39.3,184.4,4434.400000000001
2196,2022-04-02,228.8,2.3,26.2,115.2,4.3,120.8,7.3,19.1,75.8,89.7,15.8,14.3,417.9,31.4,138.1,49.6,34.8,252.7,85.8,260.6,586.1,2.7,6.3,1.9,2.4,122.1,148.8,246.8,1.6,368.6,264.5,,396.4,40.2,183.9,4371.799999999999
2197,2022-04-03,214.5,2.1,25.2,111.0,4.0,121.2,7.0,19.4,77.3,87.3,16.9,13.2,405.8,28.9,125.3,45.0,35.0,245.1,78.2,255.0,583.3,2.6,6.0,1.6,2.3,123.8,143.9,245.2,1.4,342.7,256.4,,390.5,37.1,171.4,4234.2
2198,2018-07-23,174.6,2.2,31.0,83.2,5.7,69.3,7.1,17.5,67.2,112.5,12.0,9.6,281.0,26.8,163.6,37.1,20.8,176.5,62.3,151.2,391.3,2.3,5.8,1.5,2.1,82.7,228.5,165.6,1.2,319.6,186.8,,372.7,43.2,155.1,3477.2999999999993
2199,2018-07-24,179.3,2.3,31.4,88.7,5.9,75.9,7.4,17.5,67.4,120.2,13.6,10.2,283.3,27.2,183.0,39.3,22.2,177.0,62.4,152.4,394.4,2.2,5.5,1.6,2.1,81.8,238.1,170.3,1.2,327.9,192.0,,384.4,44.8,160.4,3581.3
2200,2018-07-25,181.7,2.1,32.5,79.2,5.9,79.1,7.3,17.1,69.0,118.1,13.8,10.1,277.6,27.0,183.0,37.3,21.6,180.3,62.8,153.5,396.1,2.2,5.8,1.5,2.1,86.0,231.7,176.9,1.2,328.2,195.7,,344.3,43.3,167.7,3549.6000000000004
2201,2018-07-26,185.6,2.0,32.0,82.8,5.6,77.5,6.4,16.7,66.8,104.9,12.3,10.1,280.4,24.0,148.3,37.0,22.4,183.1,63.4,143.5,392.5,2.3,5.7,1.4,2.2,82.7,193.2,171.7,1.3,327.8,197.5,,290.9,40.4,153.4,3375.4
2202,2018-07-27,182.5,2.2,33.5,86.8,5.1,79.8,7.0,16.0,66.1,100.0,10.0,8.9,282.5,23.3,140.7,39.0,22.3,183.0,64.0,153.4,392.7,2.1,5.7,1.5,2.1,84.8,195.9,180.0,1.5,327.3,203.9,,280.5,37.8,150.9,3380.6
2203,2018-07-28,182.0,2.2,33.8,80.0,4.7,82.9,7.0,16.2,66.9,95.1,9.8,8.9,290.0,24.2,142.3,38.1,22.3,180.4,64.8,161.5,402.4,2.1,5.9,1.2,2.2,90.2,209.0,188.1,1.4,328.1,208.2,,286.1,32.5,157.3,3434.6
2204,2018-07-29,179.4,2.4,31.0,72.4,4.8,85.4,6.4,16.1,67.7,94.6,10.2,8.9,288.2,23.6,152.0,40.6,21.9,172.5,60.4,165.7,406.8,2.2,5.8,1.2,2.2,91.7,212.5,198.9,1.5,307.0,210.3,,300.3,32.3,158.1,3442.4
2205,2024-03-18,239.9,2.2,31.0,102.1,3.4,117.5,,,70.9,69.5,,14.1,434.6,30.5,149.1,55.5,34.4,327.7,100.1,256.0,608.3,3.1,5.9,2.3,2.4,126.1,177.5,292.5,1.7,393.2,278.8,4.6,366.8,40.3,176.8,4593.3
2206,2024-03-19,238.8,3.0,31.5,98.9,3.4,99.7,,,71.4,71.9,,14.7,440.4,31.7,152.3,56.7,33.1,326.4,100.6,253.6,610.9,3.1,6.1,2.0,2.4,121.7,176.1,294.1,1.7,403.6,277.4,4.0,370.1,41.0,177.2,4595.9
2207,2024-03-20,225.9,3.0,27.2,69.4,3.5,95.5,,,70.4,74.8,,14.6,435.6,33.2,151.9,54.9,31.4,328.1,101.2,254.1,607.3,2.9,6.1,2.0,2.3,102.9,184.7,295.6,1.4,407.9,271.2,4.0,352.3,41.3,144.3,4475.000000000001
2208,2024-03-21,225.9,3.1,27.6,80.2,3.5,113.7,,,70.1,72.9,,15.9,444.5,32.3,147.1,54.4,33.6,323.8,101.0,254.6,616.0,3.1,6.4,2.3,2.4,107.1,162.3,292.5,1.7,405.2,277.0,4.4,344.4,41.4,139.2,4484.599999999999
2209,2024-03-22,230.7,2.8,27.3,86.9,3.7,120.2,,,70.6,76.2,,15.7,444.0,31.2,144.8,54.5,35.9,331.4,101.6,257.1,625.1,3.1,6.2,2.0,2.3,127.1,157.9,292.8,1.8,406.4,285.8,3.9,361.5,42.3,146.7,4574.900000000001
2210,2024-03-23,234.1,2.7,28.1,87.0,3.4,125.1,,,71.9,72.6,,14.7,442.5,31.4,144.2,56.1,34.9,324.0,100.8,258.3,624.7,3.0,6.3,1.9,2.1,129.3,164.3,289.8,1.6,402.1,287.1,3.8,363.5,40.8,159.2,4585.900000000001
2211,2024-03-24,229.7,2.9,25.8,89.7,3.2,125.7,,,70.4,66.3,,14.5,401.0,29.7,121.1,54.3,36.2,309.2,95.2,256.4,607.8,3.0,5.9,1.7,2.2,118.0,141.2,269.3,1.4,368.0,279.7,3.4,352.6,35.8,164.9,4359.2
2212,2019-06-10,181.0,2.3,30.5,96.9,6.3,92.4,6.4,17.4,66.9,136.7,5.1,11.9,398.0,29.3,194.8,47.7,27.3,187.2,65.8,221.9,459.6,2.3,6.0,1.7,2.3,94.2,203.3,269.8,1.2,327.3,165.1,,449.6,46.2,186.0,4049.099999999999
2213,2019-06-11,191.0,2.3,31.8,90.2,6.7,91.5,5.3,16.6,67.2,139.1,5.3,11.9,398.0,30.1,199.8,42.0,27.2,185.6,67.2,225.2,471.4,2.6,5.8,1.7,2.2,105.6,210.1,278.0,1.2,332.0,169.3,,461.2,48.1,186.4,4118.4
2214,2019-06-12,197.3,2.2,35.1,87.6,6.0,92.2,7.1,16.5,64.8,135.2,5.3,11.9,368.3,29.2,176.2,41.0,24.6,179.2,64.6,221.2,463.4,2.5,5.9,1.6,2.2,102.9,185.6,265.9,1.4,337.6,169.2,,403.0,38.4,184.3,3938.6
2215,2019-06-13,198.4,2.2,34.9,86.7,6.2,92.1,7.4,16.0,66.8,136.1,5.1,10.4,302.6,30.2,185.3,48.3,23.1,178.9,64.5,210.1,457.8,2.8,5.8,1.7,2.1,82.2,228.6,244.4,1.3,338.7,168.5,,430.6,45.5,168.4,3892.6
2216,2019-06-14,198.7,2.2,31.0,108.2,6.5,92.8,7.6,16.9,67.3,134.7,5.4,11.5,328.7,30.8,203.2,48.9,26.8,190.3,69.0,211.2,460.8,2.7,6.1,1.7,2.2,92.3,256.0,257.8,1.3,339.2,169.8,,453.9,53.2,190.8,4088.3
2217,2019-06-15,201.8,2.1,31.8,106.1,6.1,89.6,7.6,17.4,66.5,130.7,6.6,11.5,342.9,31.1,201.3,46.9,27.3,198.1,71.9,203.4,464.0,2.2,6.1,1.8,2.1,87.1,240.2,257.9,1.1,332.9,168.4,,450.6,46.9,180.4,4051.500000000001
2218,2019-06-16,197.6,2.2,30.0,110.7,5.7,86.9,7.0,17.3,65.8,117.9,6.4,11.5,325.4,27.8,165.9,46.8,26.4,192.8,69.0,191.1,455.8,2.5,5.8,1.8,2.3,77.4,237.6,223.1,0.9,330.6,166.4,,413.3,42.7,177.0,3849.9
2219,2021-10-04,198.0,2.3,30.6,88.5,5.4,96.8,7.5,19.6,61.2,111.0,18.3,13.3,330.1,29.6,181.1,44.3,27.0,182.2,73.2,224.2,448.0,2.6,5.8,1.7,2.3,110.3,193.2,231.7,1.4,294.7,202.0,,371.3,41.1,161.0,3819.3
2220,2021-10-05,195.7,2.4,33.1,94.4,5.5,94.4,7.6,14.5,62.8,112.4,18.3,13.7,333.2,29.6,177.1,46.2,25.3,183.6,74.0,226.2,449.3,2.6,5.7,1.7,2.3,114.5,183.5,223.0,1.6,295.6,197.4,,382.0,41.5,166.9,3825.6
2221,2021-10-06,182.8,2.5,36.3,98.1,5.3,94.3,7.7,19.6,65.8,111.0,19.7,12.9,342.0,32.4,177.7,45.6,25.7,169.1,74.4,228.1,451.1,2.6,6.0,1.7,2.4,119.9,185.6,223.2,1.6,290.1,201.0,,386.8,40.8,168.2,3839.8
2222,2021-10-07,181.3,2.5,38.3,101.3,5.2,98.4,7.4,18.9,64.3,107.0,18.2,12.7,359.7,31.8,170.8,47.2,27.6,168.5,75.7,233.6,451.9,2.6,6.0,2.0,2.5,123.0,193.3,216.2,1.6,303.2,209.8,,381.6,39.0,169.8,3881.2
2223,2021-10-08,180.2,2.3,39.6,100.5,5.2,98.3,7.5,19.1,65.6,103.8,17.5,13.4,359.6,32.9,184.0,47.6,27.7,170.6,75.2,235.9,450.3,2.7,5.8,1.8,2.5,117.0,190.6,221.8,1.6,308.1,210.1,,371.9,39.2,176.3,3894.4
2224,2021-10-09,175.2,2.3,39.5,110.1,4.9,97.8,7.4,19.6,63.8,96.9,17.7,13.8,358.7,32.7,171.8,48.8,27.2,165.7,71.7,236.4,439.4,2.7,5.3,1.6,2.5,113.6,170.8,236.0,1.5,290.3,187.3,,385.7,39.7,176.7,3823.1
2225,2021-10-10,176.7,2.3,38.2,114.2,4.4,100.0,7.3,19.5,65.1,94.2,18.2,13.1,345.4,30.2,160.0,45.6,29.1,152.2,66.6,235.8,422.7,2.7,5.6,1.6,2.5,110.5,179.6,247.9,1.4,270.8,185.2,,400.6,39.6,170.8,3766.7
2226,2017-07-03,151.9,1.9,26.7,72.8,6.1,71.6,6.2,15.2,60.6,104.2,9.5,8.4,234.9,25.5,158.5,37.8,21.1,173.7,60.3,133.7,379.5,2.0,3.6,1.3,2.0,81.2,211.9,152.8,1.1,303.5,143.2,,326.6,37.3,142.2,3176.1
2227,2017-07-04,149.9,1.8,26.9,66.1,6.3,73.0,6.4,15.7,59.6,113.7,9.3,8.5,243.5,26.3,176.5,37.6,20.7,173.9,63.0,132.5,391.8,2.0,4.7,1.2,1.9,76.9,220.4,158.5,1.1,316.9,147.6,,322.5,36.9,143.6,3244.0
2228,2017-07-05,159.1,1.7,29.0,66.8,6.4,73.0,6.7,16.0,60.8,120.6,9.3,8.6,249.6,26.7,177.9,36.6,20.6,176.7,64.5,136.6,398.6,1.8,5.5,1.2,1.9,83.7,219.9,175.0,1.1,310.5,147.6,,297.9,37.7,146.4,3283.1
2229,2017-07-06,156.5,2.0,28.9,70.8,5.7,74.3,6.7,16.3,62.2,112.5,9.4,8.7,264.4,26.3,189.1,35.2,20.5,178.8,63.7,148.6,403.9,2.0,6.0,1.3,1.9,86.3,208.8,185.4,1.1,312.4,147.4,,300.8,35.2,139.7,3320.3999999999996
2230,2017-07-07,153.4,2.4,31.4,72.3,6.0,80.3,6.7,16.2,63.2,111.7,8.6,9.5,268.5,26.6,181.5,33.8,22.0,182.3,63.7,156.0,409.5,2.0,6.0,1.3,2.1,82.6,213.5,196.8,1.1,304.2,147.6,,315.5,36.7,142.8,3365.3999999999996
2231,2017-07-08,148.7,2.1,29.4,78.8,6.0,84.3,6.7,16.3,64.1,107.8,8.2,9.0,265.8,27.6,184.4,38.0,23.2,181.1,62.9,163.0,425.5,1.9,4.5,1.3,2.0,77.5,237.6,199.9,1.1,301.1,145.4,,344.8,36.9,145.2,3438.9
2232,2017-07-09,152.5,1.9,27.0,74.2,5.8,83.4,6.0,16.2,64.1,111.5,8.6,9.0,253.7,25.5,183.8,38.1,23.3,172.6,58.7,157.8,420.6,2.0,4.4,1.2,1.9,75.0,245.1,204.3,0.9,273.4,145.4,,356.9,39.9,137.3,3388.9000000000005
2233,2020-12-14,156.2,2.0,23.6,75.1,3.6,80.3,7.1,18.4,63.2,63.3,17.8,10.0,326.9,31.5,122.0,53.9,25.1,199.3,69.9,234.3,436.5,3.0,6.8,1.6,2.1,71.0,113.5,237.6,2.1,258.4,177.1,,271.4,37.2,113.0,3321.7
2234,2020-12-15,157.7,2.1,23.9,76.8,3.5,80.7,7.4,18.4,64.2,64.8,17.7,10.9,329.6,30.6,126.9,56.0,24.7,202.8,71.4,243.8,452.3,3.1,6.8,1.6,2.0,73.4,116.7,245.0,2.2,270.2,180.5,,276.9,38.3,115.4,3405.0000000000005
2235,2020-12-16,159.8,2.2,24.2,75.6,3.8,81.4,7.5,18.3,63.3,69.6,17.5,10.5,324.7,32.8,130.1,57.6,25.6,200.4,72.9,247.4,456.1,3.2,6.8,1.7,2.3,76.0,117.7,246.7,2.2,268.0,183.6,,287.8,39.4,114.2,3437.7999999999997
2236,2020-12-17,159.6,2.2,24.5,75.9,3.9,83.1,7.5,18.4,64.0,71.6,18.1,10.5,328.5,32.4,132.7,56.6,24.8,207.1,72.0,258.3,457.0,3.4,6.6,1.6,2.3,85.4,123.1,246.8,2.2,258.3,183.8,,288.4,40.6,116.2,3474.2999999999997
2237,2020-12-18,163.3,2.2,24.1,79.6,4.0,83.7,7.5,18.3,64.5,75.0,17.1,10.6,334.3,32.5,136.4,57.4,25.3,212.3,72.2,267.5,454.7,3.1,6.8,1.6,2.3,80.3,123.3,251.5,2.3,262.3,188.4,,298.9,41.7,115.7,3527.9
2238,2020-12-19,162.2,2.3,24.0,80.7,3.9,83.0,5.5,18.4,66.0,68.1,18.0,9.6,334.1,32.9,136.8,56.5,25.8,208.0,69.4,273.2,455.0,3.1,6.4,1.6,2.2,67.4,128.6,250.9,2.3,256.4,188.3,,305.7,39.7,114.2,3506.999999999999
2239,2020-12-20,154.8,2.2,22.0,81.7,3.6,83.1,6.2,18.1,64.9,64.2,18.5,9.3,323.2,30.9,124.9,54.3,26.0,192.5,62.6,277.0,435.3,2.7,6.8,1.7,2.2,66.5,126.4,252.0,2.0,236.4,184.2,,309.6,38.5,105.3,3395.7
2240,2023-08-28,238.1,2.7,35.9,142.2,6.0,133.5,,,75.9,128.4,,13.1,463.7,33.1,236.9,47.5,41.1,289.4,84.4,282.0,561.7,2.7,5.2,2.1,2.9,134.6,272.2,349.8,1.0,365.4,258.8,5.2,503.9,46.0,209.5,5050.099999999999
2241,2023-08-29,242.5,2.7,40.5,142.6,6.3,133.1,,,73.9,132.8,,13.8,470.5,34.7,240.7,49.2,40.5,284.7,76.9,289.5,566.7,2.8,5.6,1.9,3.0,123.3,286.9,348.5,1.2,366.8,266.5,5.9,512.9,45.9,221.3,5109.7
2242,2023-08-30,240.4,3.1,43.0,146.6,6.5,132.0,,,77.6,130.7,,13.3,431.4,34.3,240.7,50.9,37.3,278.3,80.3,294.3,565.7,2.8,5.2,1.9,3.1,117.3,287.3,335.3,1.3,351.0,273.4,6.3,534.5,44.3,229.0,5073.1
2243,2023-08-31,231.6,3.0,45.1,154.3,7.0,130.8,,,78.0,132.3,,13.6,460.5,35.7,242.7,51.8,35.9,268.3,84.1,297.4,566.7,2.8,5.3,1.8,2.9,124.8,294.3,338.1,1.3,344.7,278.2,6.2,541.0,44.3,227.3,5125.3
2244,2023-09-01,244.6,3.1,44.3,149.6,7.5,129.6,,,78.2,138.1,,14.2,500.7,35.9,253.5,53.8,36.3,257.0,87.3,299.9,591.4,2.6,5.3,1.8,3.1,130.5,287.1,333.0,1.3,346.0,279.4,6.2,559.2,45.6,220.3,5219.200000000001
2245,2023-09-02,238.7,3.0,42.5,139.4,7.3,132.9,,,77.7,135.1,,14.2,511.6,36.3,250.8,53.7,38.5,253.3,85.1,302.0,596.2,2.5,4.8,1.9,3.0,120.1,287.1,361.4,1.2,330.6,271.2,6.3,569.0,46.0,226.6,5224.300000000001
2246,2023-09-03,205.7,3.0,45.8,150.1,6.6,121.4,,,74.5,128.6,,12.8,499.6,33.3,251.4,52.9,36.8,230.2,76.3,315.3,566.9,2.5,5.1,1.7,3.0,105.5,304.6,369.6,1.0,304.9,202.3,4.7,580.0,46.8,210.5,5025.900000000001
2247,2018-04-02,163.6,2.1,22.5,78.5,3.1,75.9,6.5,16.5,63.3,79.0,6.5,10.5,333.0,23.3,113.8,39.4,20.2,215.0,64.3,180.9,478.8,2.3,4.9,1.7,2.0,62.0,119.3,183.0,1.5,328.6,181.1,,305.4,33.1,117.2,3346.4
2248,2018-04-03,173.6,2.1,23.8,82.5,3.9,84.8,7.0,17.4,64.2,83.0,7.3,11.8,339.4,25.1,116.2,38.5,22.9,214.6,74.2,183.6,488.2,2.2,4.8,1.4,2.0,73.5,123.9,184.1,1.2,335.8,198.2,,310.6,35.4,145.8,3490.8999999999996
2249,2018-04-04,172.1,2.1,24.7,84.4,4.0,86.1,7.3,17.7,66.3,87.8,6.9,11.7,339.1,26.2,119.8,41.8,22.9,224.3,77.9,182.6,490.8,2.4,5.1,1.3,2.0,74.0,128.6,187.1,1.3,337.2,200.6,,314.8,35.3,158.6,3552.7000000000003
2250,2018-04-05,172.8,2.1,23.8,69.8,4.0,87.0,7.2,18.0,67.0,89.9,6.8,11.7,344.2,25.8,119.5,42.6,23.6,228.8,80.7,183.6,495.0,2.3,4.6,1.2,2.0,70.8,124.8,188.9,1.3,332.8,196.6,,310.9,35.5,160.2,3543.2
2251,2018-04-06,177.4,2.0,25.1,77.6,4.1,85.7,7.4,17.6,64.5,85.9,6.2,11.7,346.4,25.6,104.8,41.9,24.3,230.8,80.1,186.0,488.1,2.2,4.6,1.3,1.8,74.8,122.5,179.1,1.6,340.1,180.1,,296.2,35.8,160.9,3502.1
2252,2018-04-07,176.5,2.2,26.5,73.1,3.9,83.9,7.4,17.5,62.9,75.4,5.9,11.7,349.3,25.2,104.4,41.5,21.4,216.7,77.8,176.7,478.7,2.3,4.7,1.3,2.0,68.6,121.3,178.3,1.4,339.6,164.0,,266.2,35.3,155.5,3386.7
2253,2018-04-08,169.0,2.1,23.0,79.1,3.4,82.4,7.0,17.7,65.1,77.8,6.2,11.7,333.0,49.9,101.5,39.2,17.9,199.6,71.9,174.1,449.5,2.1,5.2,1.3,1.9,67.2,114.3,181.0,1.4,322.7,143.1,,278.3,31.0,127.9,3265.8
2254,2019-06-24,176.2,2.4,33.2,109.3,6.2,85.2,7.2,18.6,66.7,123.2,5.6,12.4,340.6,28.7,197.7,48.5,25.3,191.5,71.4,190.4,436.2,2.6,5.6,1.9,2.4,91.1,249.8,240.6,1.2,329.9,151.8,,383.0,40.1,183.4,3868.3
2255,2019-06-25,178.1,2.3,32.7,113.8,6.2,91.1,7.4,18.7,67.7,126.1,6.3,12.4,334.7,29.1,209.8,44.8,25.6,199.2,73.2,195.1,451.0,2.5,5.7,1.5,2.5,92.9,250.6,242.9,1.1,347.7,156.6,,407.9,44.4,195.2,3985.6
2256,2019-06-26,179.0,2.3,27.7,99.1,6.5,90.5,7.7,18.9,66.1,135.1,6.0,12.4,330.8,30.8,219.4,45.8,24.3,198.1,74.2,192.8,458.8,2.4,5.3,1.8,2.5,97.7,274.1,248.5,1.2,330.3,162.2,,416.9,46.5,181.6,4005.9
2257,2019-06-27,178.2,2.2,28.4,95.6,6.4,89.6,7.8,19.1,66.1,135.2,5.2,12.4,340.2,31.3,219.1,46.0,21.6,198.2,75.9,191.7,448.7,2.6,5.8,2.0,2.3,96.4,269.4,249.5,1.3,334.0,165.6,,435.1,46.7,182.4,4020.5
2258,2019-06-28,185.0,2.2,29.6,103.1,6.7,87.3,7.5,18.5,67.8,133.5,6.5,12.4,331.8,31.7,219.7,48.8,25.2,195.2,76.1,188.4,407.6,2.6,5.4,1.7,2.2,88.4,282.7,254.7,1.3,337.3,163.5,,446.8,47.2,175.9,4002.900000000001
2259,2019-06-29,184.6,2.3,31.1,101.1,6.8,89.7,7.2,17.1,62.6,136.7,5.4,10.9,328.2,31.5,224.5,44.6,25.3,191.8,77.2,187.4,388.5,2.8,5.8,1.7,2.2,90.4,281.5,255.7,1.2,339.7,147.0,,452.6,48.6,176.3,3968.6
2260,2019-06-30,174.3,2.2,32.7,100.3,6.1,86.3,6.8,17.4,66.5,136.0,5.7,10.0,319.5,28.5,211.8,42.3,25.7,170.3,70.3,171.4,371.1,2.7,6.0,1.7,2.2,88.4,286.0,246.4,1.0,319.5,136.3,,445.1,44.9,162.5,3806.0
2261,2019-03-18,192.4,2.2,23.7,76.7,3.0,81.1,7.3,18.3,66.0,61.6,11.2,9.8,342.9,26.6,123.4,46.2,20.6,247.7,80.3,203.6,457.5,2.4,6.1,1.8,2.1,75.7,124.5,220.5,0.9,338.2,225.2,,289.0,35.5,129.3,3561.2
2262,2019-03-19,196.9,2.1,23.1,78.3,3.1,93.1,7.5,18.4,67.0,61.7,10.5,10.5,341.0,26.9,127.0,46.3,22.4,252.8,83.3,207.8,466.3,2.5,6.0,1.9,2.2,85.3,130.5,218.3,1.1,348.0,229.8,,297.0,34.8,144.4,3656.100000000001
2263,2019-03-20,197.8,2.1,23.4,76.4,3.1,87.0,7.4,18.2,67.5,60.1,10.6,10.9,326.8,26.4,121.7,45.2,23.6,250.4,83.3,205.1,462.2,2.4,5.9,1.8,2.2,85.1,124.2,211.7,1.2,349.7,231.2,,295.8,32.1,148.9,3609.8
2264,2019-03-21,193.1,2.0,22.3,72.9,2.5,69.9,4.1,12.1,59.4,46.1,10.6,9.3,256.6,18.9,98.4,45.4,21.9,247.6,81.4,186.3,406.8,2.4,5.8,1.8,2.1,81.6,115.1,187.8,1.0,339.8,218.0,,274.1,23.1,136.7,3264.3999999999996
2265,2019-03-22,196.4,2.0,21.2,74.6,3.0,79.3,5.4,14.0,61.0,54.4,11.5,9.9,300.0,21.7,109.1,40.9,21.2,248.4,82.2,193.0,439.2,2.7,5.7,1.8,2.0,80.0,114.6,199.1,1.2,347.6,225.6,,268.5,27.3,136.4,3409.1
2266,2019-03-23,200.7,2.0,21.7,75.5,2.9,87.3,7.3,17.4,65.4,57.9,12.5,11.7,333.3,25.5,114.1,45.7,22.6,249.4,82.6,198.8,460.8,2.5,6.1,1.8,2.0,83.3,119.6,208.2,1.2,349.2,224.6,,267.7,32.3,140.5,3542.8
2267,2019-03-24,195.8,1.9,23.2,77.1,2.7,91.3,7.2,17.9,67.2,58.2,9.1,12.4,333.7,24.6,113.6,46.4,22.9,240.6,77.5,200.9,452.0,2.6,5.9,1.7,2.1,84.9,117.9,211.1,1.1,328.1,222.0,,279.9,33.0,137.4,3511.9000000000005
2268,2020-04-26,148.6,1.4,19.1,67.3,2.7,67.7,2.8,4.0,28.8,57.8,1.8,8.7,277.2,13.6,87.9,41.8,20.4,196.3,63.9,175.7,404.6,1.9,4.3,1.5,2.0,59.5,87.5,164.0,1.1,228.7,140.0,,235.1,19.2,98.4,2739.7999999999997
2269,2020-04-27,150.9,2.0,19.6,71.9,2.6,64.1,3.1,4.7,30.4,51.2,2.1,9.7,286.2,14.0,86.6,40.8,20.4,201.7,66.2,168.3,405.7,2.3,4.1,1.6,2.0,63.0,81.5,165.4,1.4,230.9,137.0,,222.1,20.1,97.7,2736.4999999999995
2270,2020-04-28,155.8,1.5,19.9,67.1,2.6,67.5,3.3,5.1,30.1,58.4,1.6,9.3,291.0,14.7,93.4,41.5,20.3,206.8,68.5,182.2,408.1,2.1,4.2,1.4,2.1,66.1,89.6,180.1,1.3,236.3,131.8,,249.0,21.6,91.6,2831.2999999999997
2271,2020-04-29,142.2,1.5,19.8,74.1,2.8,68.2,3.4,5.4,30.8,63.0,1.5,10.0,294.3,15.6,102.4,41.8,21.4,184.0,65.4,186.1,408.8,2.1,4.1,1.4,2.0,65.5,96.5,188.8,1.3,221.8,130.5,,276.4,22.6,97.1,2857.9999999999995
2272,2020-04-30,151.3,1.4,21.5,83.8,3.0,70.9,3.5,5.7,32.2,66.1,1.6,10.1,296.2,16.1,108.4,41.2,22.5,189.7,67.7,189.2,405.1,2.2,4.4,1.4,1.8,67.5,103.4,190.9,1.3,228.8,140.2,,287.7,22.4,106.8,2951.7000000000003
2273,2020-05-01,151.8,1.5,21.8,70.2,3.1,73.0,2.8,5.3,32.2,69.6,2.4,9.1,292.6,15.9,114.4,41.4,21.8,189.7,67.5,186.9,400.2,2.2,4.2,1.4,1.9,67.4,109.0,198.4,1.0,234.4,133.8,,268.6,21.7,101.9,2924.4999999999995
2274,2020-05-02,157.9,1.7,21.7,71.3,3.2,74.7,3.3,5.8,34.4,68.3,3.7,9.7,295.5,16.7,112.5,38.3,22.0,187.9,70.5,193.3,409.9,2.0,4.0,1.4,1.8,70.2,109.0,206.6,1.3,245.3,137.0,,287.1,23.3,95.6,2993.1
2275,2021-11-08,162.9,2.2,24.9,78.5,3.0,73.2,6.9,18.5,65.4,60.0,17.3,12.1,292.6,30.3,111.3,48.6,26.2,172.4,71.5,242.5,474.5,2.4,6.4,1.7,2.2,101.1,110.5,230.7,1.5,234.6,159.4,,256.8,32.1,116.2,3257.0
2276,2021-11-09,166.3,2.2,26.8,78.5,3.1,75.4,7.4,19.0,67.0,62.7,17.3,12.7,315.6,30.8,116.1,53.0,26.8,174.1,70.8,252.7,485.1,2.5,6.6,1.6,2.5,100.4,113.7,242.7,1.5,245.2,158.9,,266.1,34.4,120.7,3367.0
2277,2021-11-10,168.0,2.3,27.2,74.7,3.1,75.2,7.4,19.1,66.0,60.8,17.5,12.0,325.5,31.9,116.0,53.3,27.2,178.6,72.0,259.9,489.2,2.6,6.3,1.6,2.2,101.1,113.5,249.3,1.5,243.5,159.2,,267.8,35.3,121.2,3398.2
2278,2021-11-11,153.5,2.2,27.4,70.3,3.0,75.5,7.2,19.1,65.1,61.4,17.6,12.4,334.0,32.7,116.4,45.6,28.1,172.1,73.6,263.8,489.2,2.5,6.4,1.6,2.4,101.0,114.0,252.4,1.6,215.5,156.8,,268.1,34.5,122.3,3355.5
2279,2021-11-12,150.9,2.3,26.2,74.4,3.1,76.3,7.5,18.9,63.5,62.7,19.1,12.8,340.1,30.3,117.0,54.3,28.3,169.4,72.5,268.3,490.7,2.7,6.6,1.7,2.5,104.4,116.5,254.5,1.5,233.8,155.0,,270.4,35.4,123.0,3403.1000000000004
2280,2021-11-13,151.7,2.2,26.0,72.8,3.0,73.9,7.5,18.8,62.8,58.8,18.4,13.1,344.0,30.1,116.0,48.6,26.1,169.3,70.3,271.5,503.0,2.5,6.4,1.7,2.3,105.5,115.4,252.9,1.5,249.9,150.9,,265.6,35.6,120.0,3404.8999999999996
2281,2021-11-14,151.9,2.2,24.7,73.1,2.7,75.9,7.1,18.9,62.4,57.7,17.3,12.6,336.7,28.2,104.9,47.9,25.2,155.4,63.3,274.7,499.9,2.5,6.4,1.7,2.3,109.1,109.4,248.0,1.3,231.1,147.0,,272.4,32.9,107.9,3321.2000000000003
2282,2023-08-07,239.1,2.9,40.3,120.3,7.1,100.0,,,72.1,128.8,,13.4,381.0,34.4,237.7,49.9,33.8,235.8,83.2,222.1,515.7,2.5,5.1,1.6,2.7,120.2,312.6,308.7,1.0,385.7,258.5,4.7,460.4,44.6,185.8,4687.3
2283,2023-08-08,236.8,2.9,42.2,121.6,7.1,108.2,,,70.0,129.5,,13.7,394.1,35.6,249.0,52.2,35.1,242.6,84.2,236.1,536.7,2.3,5.2,1.8,2.8,119.2,321.9,316.7,1.1,389.7,259.7,4.6,488.5,45.7,182.0,4814.400000000001
2284,2023-08-09,235.6,3.0,42.3,107.1,7.3,113.3,,,73.1,129.4,,13.3,395.2,36.6,253.0,53.6,36.0,249.3,83.2,248.0,540.0,2.6,5.2,1.8,2.9,118.9,320.2,324.7,1.1,381.5,260.2,5.2,501.9,45.6,195.9,4862.2
2285,2023-08-10,236.4,3.0,44.2,123.0,7.1,115.0,,,74.9,132.0,,13.6,401.7,36.5,253.4,51.3,35.5,252.7,85.2,258.7,544.2,2.5,5.3,1.8,2.8,124.7,317.7,326.4,1.3,358.5,262.8,5.4,505.2,45.0,204.4,4906.9
2286,2023-08-11,231.0,3.0,45.0,137.6,6.9,122.5,,,75.0,134.8,,13.9,408.6,34.8,249.9,51.6,36.3,254.2,85.7,265.5,548.0,2.5,5.3,1.9,3.1,122.7,319.1,330.4,1.3,352.1,272.6,5.5,530.2,46.0,205.8,4978.2
2287,2023-08-12,225.5,2.9,43.6,134.3,6.6,126.7,,,74.5,129.3,,13.3,409.9,34.9,258.2,52.5,39.1,258.2,84.4,270.5,554.5,2.5,5.2,2.1,3.0,120.8,323.5,345.6,1.3,338.5,267.2,5.3,544.5,47.1,200.5,5001.200000000001
2288,2023-08-13,229.9,2.7,40.2,135.4,6.3,132.2,,,73.3,122.8,,12.6,396.1,31.8,249.5,51.6,39.0,245.9,77.7,266.2,545.1,2.6,5.5,1.8,2.8,120.7,329.1,347.2,1.2,316.4,274.4,5.4,529.7,43.6,184.7,4896.1
2289,2016-10-03,143.7,2.2,30.1,74.0,5.5,75.5,6.0,17.3,61.5,110.3,12.5,8.3,279.4,26.3,157.3,35.3,24.2,182.3,64.6,157.9,346.4,2.1,4.4,1.1,2.0,75.9,175.4,195.8,1.4,298.4,133.4,,317.6,39.0,154.4,3226.6000000000004
2290,2016-10-04,148.1,2.0,29.4,74.2,5.6,76.7,7.0,17.1,62.4,108.2,11.4,8.6,258.2,26.4,149.4,35.2,22.9,190.9,66.8,163.8,351.6,2.0,4.6,1.2,2.0,77.8,180.1,189.0,1.4,313.6,143.0,,324.9,39.2,160.2,3260.9999999999995
2291,2016-10-05,149.8,2.0,30.1,74.8,5.3,78.9,7.1,17.2,63.3,99.4,10.8,8.8,241.9,25.4,138.7,33.2,21.1,193.1,67.4,159.5,353.2,1.9,4.8,1.2,1.8,75.2,172.0,172.0,1.3,309.3,148.5,,318.1,37.3,153.5,3184.7999999999997
2292,2016-10-06,146.2,2.1,30.9,75.4,5.0,76.1,7.2,17.6,62.4,101.0,11.3,8.9,246.9,25.4,147.9,34.2,20.4,192.9,67.3,153.4,357.2,1.9,5.0,1.2,2.0,71.6,162.4,171.8,1.3,312.2,152.1,,301.6,38.1,151.7,3169.5999999999995
2293,2016-10-07,158.3,2.0,30.2,77.0,5.0,70.9,7.2,17.7,63.2,101.7,11.3,9.1,253.9,26.7,151.7,35.6,22.4,197.0,66.5,153.5,356.4,1.9,4.8,1.3,1.5,71.6,164.3,177.5,1.1,315.7,153.0,,306.6,38.5,150.6,3212.5
2294,2016-10-08,153.9,1.9,29.1,67.5,4.6,70.3,7.3,17.7,61.7,95.1,11.1,8.7,257.6,25.7,150.2,35.0,21.0,195.1,65.2,150.1,364.4,1.9,4.9,1.4,1.8,75.3,165.4,179.7,1.1,310.2,133.1,,303.7,37.3,143.3,3159.3
2295,2016-10-09,143.6,1.8,24.3,64.7,4.1,68.1,6.9,17.4,59.5,90.5,7.9,7.9,253.9,23.8,144.2,34.3,20.3,185.4,59.7,149.4,352.4,1.8,4.4,1.2,2.0,74.0,158.3,174.2,1.0,288.7,124.8,,301.9,35.1,129.9,3024.0
2296,2020-11-09,170.4,2.1,23.4,71.3,3.1,71.3,7.2,18.1,62.8,63.2,17.8,10.1,355.2,29.5,120.4,47.0,24.4,188.7,73.5,279.8,439.1,2.7,5.5,1.5,2.4,80.0,111.4,251.9,1.5,290.0,138.9,,280.3,35.8,114.8,3402.4000000000005
2297,2020-11-10,170.9,2.1,24.9,73.9,3.1,70.8,7.4,18.3,63.6,63.0,17.5,9.6,352.1,29.4,122.8,47.6,24.6,190.1,74.3,284.4,437.8,2.7,5.8,1.5,2.4,69.9,112.0,250.8,1.5,300.6,137.8,,279.4,35.1,118.9,3414.5
2298,2020-11-11,173.2,2.1,25.3,71.9,3.2,71.3,7.4,18.2,63.9,64.4,17.6,8.9,343.7,28.8,121.6,47.5,25.4,193.0,72.5,283.7,429.4,2.6,5.6,1.6,2.3,69.8,111.3,248.4,1.5,301.4,138.9,,280.1,36.8,123.0,3403.8
2299,2020-11-12,163.7,2.1,24.9,74.1,3.1,73.7,7.4,18.1,63.6,62.8,16.4,9.8,337.8,29.5,119.3,52.0,25.1,197.2,72.8,286.5,436.2,2.6,5.7,1.5,2.1,72.9,113.9,248.2,1.5,299.1,139.9,,294.9,36.4,120.9,3423.4
2300,2020-11-13,157.4,2.2,25.6,76.0,3.1,73.9,6.9,17.7,65.4,61.6,17.8,9.9,317.4,27.4,113.0,45.3,25.4,194.6,72.3,286.1,436.1,2.5,5.6,1.5,2.1,71.2,110.1,244.2,1.5,259.9,142.4,,296.8,33.9,121.8,3335.7000000000003
2301,2020-11-14,157.4,2.2,23.5,78.5,2.7,67.7,4.2,12.6,64.4,54.4,17.5,8.2,265.9,21.4,91.0,42.0,26.2,171.9,69.3,275.8,396.8,2.9,5.7,1.7,2.2,69.6,88.7,224.2,1.3,197.1,132.5,,280.7,27.0,113.5,3005.7
2302,2020-11-15,152.0,2.1,22.0,77.7,2.5,63.1,3.3,12.1,62.2,49.5,17.5,8.3,247.5,18.4,76.3,42.9,26.2,160.6,66.0,259.6,387.7,3.0,5.3,1.7,2.1,69.4,64.8,205.9,1.2,194.6,130.0,,237.0,24.5,106.1,2808.4999999999995
2303,2024-02-05,227.5,3.2,27.2,85.7,4.9,114.0,,,70.3,79.6,,12.7,413.5,35.9,139.3,64.6,29.3,294.3,87.3,301.0,593.4,3.0,6.9,2.4,2.3,98.2,143.8,288.1,2.1,345.1,259.7,3.5,294.1,43.7,148.5,4298.0
2304,2024-02-06,233.2,3.0,27.6,93.0,4.6,115.1,,,71.2,79.5,,14.5,414.0,37.1,144.9,63.3,30.8,301.4,86.9,313.0,608.7,2.9,6.7,2.3,2.1,96.0,148.1,307.3,2.0,350.3,268.0,3.9,318.3,45.1,155.1,4421.300000000001
2305,2024-02-07,233.7,3.2,28.1,89.9,4.7,118.3,,,70.0,82.3,,13.2,405.2,38.3,147.4,62.7,30.8,301.1,87.8,312.3,611.2,2.7,6.6,2.5,2.2,95.2,152.7,313.0,2.1,354.0,274.5,4.0,319.1,44.4,154.1,4443.0
2306,2024-02-08,232.2,3.3,27.8,91.3,4.5,119.4,,,69.3,80.9,,13.3,404.8,36.1,144.7,62.4,30.7,306.1,88.8,312.3,604.7,2.9,6.6,2.0,2.3,97.6,156.7,316.1,2.1,356.1,277.2,4.3,314.1,44.1,152.8,4441.8
2307,2024-02-09,228.7,3.0,27.9,95.3,4.4,117.8,,,72.0,79.9,,13.3,409.6,36.8,150.1,60.9,31.6,308.1,88.0,311.7,595.5,3.1,6.4,2.3,2.3,94.9,156.3,316.2,2.0,361.2,278.1,3.6,328.9,44.5,153.1,4463.0
2308,2024-02-10,224.4,3.1,27.8,93.8,4.1,120.2,,,70.6,74.8,,13.2,406.7,35.6,152.0,58.7,31.3,301.0,87.0,311.4,587.2,3.0,6.4,2.0,2.1,94.0,162.6,323.7,2.0,357.6,276.8,3.4,328.3,41.6,152.7,4432.6
2309,2024-02-11,223.0,3.1,27.1,94.0,3.7,115.8,,,71.3,71.9,,12.7,383.0,33.4,140.3,57.4,30.6,284.9,79.5,306.1,566.1,2.9,6.4,2.0,2.4,93.7,154.3,322.2,1.6,322.0,264.5,3.7,326.5,41.0,141.3,4260.900000000001
2310,2022-11-14,180.9,2.3,25.9,79.2,3.3,84.3,,,69.7,67.2,16.3,11.8,398.3,32.2,124.2,51.9,27.5,197.0,73.3,295.4,526.4,2.7,6.5,1.5,2.1,96.0,117.8,288.1,1.7,259.3,169.5,,290.5,35.5,119.5,3693.7
2311,2022-11-15,181.8,2.3,26.8,77.8,3.4,85.5,,,69.8,68.3,17.6,13.1,401.6,32.3,128.2,53.6,29.3,209.5,75.1,299.4,536.0,2.8,6.7,1.5,2.1,90.9,120.8,292.9,1.8,271.3,169.8,,295.7,36.4,122.5,3762.9
2312,2022-11-16,181.8,2.3,27.2,78.3,3.3,84.6,,,70.8,67.2,17.6,12.6,397.7,33.2,130.7,54.7,26.9,211.6,76.2,301.6,535.5,2.9,6.5,1.9,2.3,93.8,124.3,293.0,1.8,281.1,168.7,,296.6,36.8,124.2,3784.1
2313,2022-11-17,184.4,2.2,27.3,77.7,3.3,81.7,,,69.5,67.0,17.4,12.5,397.7,32.9,131.5,54.4,26.8,213.1,77.0,304.5,533.7,2.9,6.5,1.9,2.2,94.0,124.5,299.1,1.8,283.6,166.6,,295.4,36.4,123.8,3788.9
2314,2022-11-18,184.2,2.2,26.6,79.1,3.3,85.7,,,69.7,66.7,17.5,12.2,401.5,33.4,131.3,55.9,26.4,216.0,76.1,305.1,522.3,2.9,6.5,2.0,2.2,91.8,124.6,297.7,1.8,292.7,168.5,,298.7,37.0,123.8,3800.6
2315,2022-11-19,184.0,2.3,26.4,78.9,3.3,83.8,,,69.1,62.5,15.3,11.5,394.1,33.1,129.8,55.5,27.4,213.9,74.1,305.6,518.6,2.9,6.7,1.9,2.1,94.6,128.0,297.7,1.6,281.0,162.0,,300.0,36.4,121.0,3760.3
2316,2022-11-20,180.9,2.2,24.5,76.7,3.0,83.4,,,68.4,60.6,16.8,10.4,379.9,30.8,118.1,56.1,27.4,199.0,67.6,304.2,498.6,2.9,6.4,1.8,2.1,95.1,119.8,290.8,1.3,256.4,156.1,,295.1,35.5,111.7,3616.7
2317,2019-01-07,163.5,2.0,23.0,71.7,3.6,79.1,6.5,17.3,65.4,71.0,10.2,8.8,320.3,29.9,123.5,45.8,23.0,207.6,63.2,253.2,409.0,2.8,6.4,1.7,2.0,71.6,108.1,239.9,1.3,285.0,179.9,,274.4,38.4,117.9,3334.5000000000005
2318,2019-01-08,163.3,2.4,22.1,74.6,4.1,79.0,6.6,17.5,65.1,68.7,10.6,9.1,323.3,30.1,131.5,51.3,24.6,207.5,59.8,256.0,415.4,2.9,6.4,1.7,2.1,70.4,112.7,242.1,1.4,296.5,182.0,,289.2,39.7,112.6,3389.4999999999995
2319,2019-01-09,161.2,2.1,21.8,74.9,3.9,80.0,6.7,17.4,65.1,71.1,10.3,8.9,322.5,30.3,131.0,51.3,24.4,206.0,59.9,257.0,415.3,2.8,6.7,1.7,2.0,68.9,113.5,243.4,1.4,296.1,180.5,,289.2,39.6,108.2,3382.4999999999995
2320,2019-01-10,164.6,2.1,22.5,78.6,3.8,84.2,6.7,17.7,65.1,71.0,10.2,9.0,324.8,30.6,129.9,52.3,24.8,213.3,64.4,257.9,414.9,2.9,6.6,1.5,2.1,68.3,113.8,238.3,1.4,293.2,182.2,,292.5,40.7,114.2,3413.6999999999994
2321,2019-01-11,165.0,2.4,23.0,77.4,3.9,81.3,6.9,17.5,66.2,71.4,10.9,9.5,329.5,30.4,131.2,53.0,24.4,219.0,66.2,258.1,410.9,2.9,6.3,1.8,2.2,70.8,115.0,244.0,1.4,295.2,183.5,,293.3,40.5,115.4,3438.0000000000005
2322,2019-01-12,162.8,2.2,23.8,74.4,3.6,79.3,7.0,17.5,69.6,67.7,10.7,9.4,327.3,29.9,130.2,54.2,24.6,215.2,67.0,259.0,412.5,3.0,6.4,1.9,2.3,71.2,112.8,234.2,1.4,290.2,179.3,,291.9,39.4,114.2,3404.0
2323,2019-01-13,161.7,2.2,23.4,75.7,3.2,81.8,6.9,17.3,66.2,65.4,10.7,9.5,315.6,27.3,116.6,54.2,24.8,201.9,60.3,253.7,401.3,2.7,6.3,1.9,2.1,68.3,107.4,233.9,1.4,275.1,178.7,,285.5,35.6,104.1,3290.0
2324,2020-08-10,158.7,1.9,32.8,115.9,6.3,94.7,5.3,14.8,64.6,112.0,17.8,8.2,261.0,30.6,203.1,44.8,27.8,145.3,55.8,199.1,373.3,2.7,5.0,1.5,2.3,87.2,260.7,222.8,0.9,256.1,198.3,,444.7,40.0,170.0,3673.3
2325,2020-08-11,165.1,2.3,33.6,116.6,6.3,95.8,5.6,15.1,65.5,113.1,17.8,8.7,257.6,31.9,202.3,42.6,28.2,150.6,58.8,200.5,362.6,2.6,5.2,1.6,2.4,88.4,253.4,206.5,1.0,281.6,200.7,,438.2,39.6,173.6,3683.099999999999
2326,2020-08-12,163.3,2.0,35.8,98.6,5.6,95.6,5.6,14.7,64.1,111.0,17.7,8.7,219.2,31.6,200.4,45.1,27.3,153.7,61.7,193.5,360.4,2.6,5.1,1.6,2.2,88.8,263.3,225.4,1.0,278.3,207.6,,390.5,38.9,178.0,3606.8
2327,2020-08-13,160.2,2.1,36.0,106.3,5.4,93.5,5.7,15.2,62.8,99.0,17.6,8.8,231.2,28.7,168.6,40.9,27.5,156.9,63.5,185.9,350.5,2.6,5.3,1.6,2.2,86.6,257.7,231.9,1.0,287.3,185.3,,349.7,38.9,176.1,3500.5
2328,2020-08-14,157.8,2.0,34.9,113.6,5.6,90.5,5.7,15.2,65.9,97.5,16.7,8.7,241.6,31.2,177.0,43.5,29.0,160.6,64.3,183.9,339.1,2.7,5.5,1.6,2.3,83.1,249.2,221.6,1.0,291.7,176.1,,374.9,39.3,173.5,3514.9000000000005
2329,2020-08-15,144.6,1.9,30.6,115.8,5.4,90.3,3.9,12.8,64.0,89.4,17.8,7.2,229.2,26.5,177.4,44.5,28.2,150.2,61.2,183.1,303.7,2.6,5.5,1.5,2.3,75.4,255.2,207.8,0.9,275.3,146.4,,408.0,34.3,152.9,3362.7000000000003
2330,2020-08-16,142.6,1.8,30.3,108.1,5.3,81.8,4.7,13.8,62.3,99.2,17.2,7.2,241.7,27.8,182.6,42.9,26.3,136.3,58.9,186.4,322.1,2.5,5.2,1.5,2.3,76.4,261.6,216.0,0.9,260.4,118.7,,396.3,37.3,153.7,3339.1000000000004
2331,2017-07-31,169.7,2.0,30.7,80.8,6.0,90.5,6.8,16.7,55.9,106.5,9.7,8.9,239.6,24.9,171.7,35.0,22.7,194.1,67.6,155.4,409.8,2.2,5.3,1.5,2.3,77.7,215.7,161.9,1.1,295.2,194.6,,362.0,37.5,154.9,3423.7000000000003
2332,2017-08-01,160.2,1.9,31.0,81.0,5.6,88.2,7.0,16.6,59.9,103.4,8.7,9.0,245.0,24.2,161.4,29.2,21.9,195.6,68.4,157.0,415.7,2.1,5.9,1.3,2.0,79.9,175.9,161.9,1.3,295.4,194.7,,352.4,37.0,153.2,3361.2000000000003
2333,2017-08-02,157.8,2.0,31.6,86.7,5.3,91.0,7.1,16.2,62.1,103.6,8.7,9.0,245.1,25.9,149.8,35.4,23.0,198.8,69.3,159.2,420.1,2.0,4.8,1.3,2.2,78.8,164.6,169.9,1.2,291.1,191.4,,362.4,39.6,153.1,3377.2000000000003
2334,2017-08-03,160.8,2.1,32.0,75.7,5.5,86.2,7.1,16.7,63.9,107.4,5.7,9.0,254.8,26.5,155.9,37.4,22.8,203.5,66.7,160.5,418.5,2.0,4.6,1.3,2.1,80.2,189.5,173.3,1.3,294.3,196.2,,346.5,39.0,148.0,3404.3
2335,2017-08-04,165.1,2.0,31.5,75.5,6.2,93.2,7.2,16.9,54.7,109.0,5.6,8.1,259.1,25.7,162.9,39.1,23.0,193.0,64.5,161.9,416.5,2.1,5.6,1.3,2.0,77.9,202.2,184.4,1.4,300.3,193.8,,367.8,36.2,149.3,3452.2000000000003
2336,2017-08-05,157.5,2.1,31.9,79.3,5.4,92.9,7.3,17.1,60.4,107.4,6.6,8.9,264.9,25.5,174.2,38.1,22.1,186.4,63.3,164.6,429.8,2.1,5.6,1.3,2.0,74.3,216.1,190.2,1.1,298.1,189.7,,371.4,37.1,149.7,3491.7999999999997
2337,2017-08-06,159.8,2.1,30.1,79.3,5.0,85.8,7.0,16.9,60.4,106.6,7.6,8.9,258.9,24.5,169.6,36.9,22.5,187.3,58.4,157.5,423.5,2.1,4.4,1.2,1.8,78.0,221.3,192.7,0.9,281.5,188.3,,367.8,35.2,144.8,3435.6000000000004
2338,2019-05-20,193.1,2.0,26.0,106.2,5.1,92.2,7.2,17.7,70.1,102.8,6.7,11.8,382.1,27.9,158.0,41.8,28.4,225.8,85.2,219.1,507.0,2.3,5.2,1.8,2.1,93.9,146.2,226.8,1.1,348.9,172.2,,412.7,44.0,184.1,3966.3
2339,2019-05-21,201.7,2.1,27.6,107.3,5.3,92.3,7.5,18.2,70.1,110.8,5.2,12.4,387.9,29.2,167.3,48.3,28.7,221.7,86.8,222.8,513.6,2.6,5.2,1.8,2.1,85.0,158.9,230.7,1.1,359.7,173.0,,413.5,45.1,193.3,4047.9
2340,2019-05-22,202.5,2.2,27.1,105.8,5.5,88.9,7.5,18.0,69.8,114.0,3.9,12.4,384.3,13.1,171.5,48.1,27.5,219.4,87.7,225.1,513.9,2.6,5.2,1.9,2.3,81.5,169.5,233.6,1.0,364.0,171.3,,428.3,35.8,192.0,4046.0
2341,2019-05-23,202.5,2.1,25.5,96.5,5.2,92.3,7.5,18.1,68.3,114.5,4.1,12.4,391.1,29.4,164.4,48.7,25.2,218.9,89.4,227.8,522.1,2.4,5.2,1.8,2.2,94.3,161.7,240.3,1.1,365.3,175.1,,442.0,47.2,172.7,4086.6
2342,2019-05-24,199.9,2.2,24.7,104.7,4.9,93.5,7.5,17.9,68.1,105.5,5.3,12.4,388.3,28.8,147.7,43.5,26.0,205.3,82.8,223.8,505.3,2.2,5.4,1.5,2.4,92.0,139.4,234.0,1.1,355.5,172.5,,398.2,45.1,184.2,3940.099999999999
2343,2019-05-25,201.0,2.3,25.0,102.3,4.6,92.1,6.1,17.9,67.0,109.2,7.8,12.4,384.8,29.1,156.0,44.6,26.0,194.1,81.2,223.5,503.3,2.3,5.1,1.6,2.4,91.0,142.4,238.8,1.2,351.6,172.6,,406.1,44.6,155.6,3914.6
2344,2019-05-26,199.1,2.2,25.8,101.0,4.3,92.8,7.0,17.7,65.8,99.9,7.7,12.4,372.0,26.6,151.0,46.4,26.2,176.0,77.8,219.1,487.5,2.5,5.3,1.7,2.2,90.7,150.2,239.8,1.1,328.3,171.1,,414.7,41.9,154.9,3831.2
2345,2021-12-13,162.2,2.5,23.7,72.2,3.3,78.8,7.0,19.1,66.6,64.9,17.0,12.3,355.0,33.5,126.7,59.2,26.2,165.7,75.9,287.1,477.4,3.2,7.2,1.6,2.5,95.9,135.0,264.8,1.5,268.1,173.8,,285.1,37.9,108.5,3528.8
2346,2021-12-14,164.8,2.4,24.2,74.2,3.4,79.4,7.3,19.1,65.2,64.0,17.7,12.4,353.2,34.1,133.5,59.9,25.6,170.9,76.2,292.0,486.0,3.2,6.7,1.8,2.5,96.2,135.4,269.9,1.8,275.2,176.9,,295.1,39.0,111.4,3587.8
2347,2021-12-15,166.4,2.1,24.7,75.8,3.5,79.6,7.4,19.2,64.2,66.3,19.2,12.8,349.7,34.9,134.3,57.1,24.5,174.2,76.7,293.3,485.6,3.2,6.9,1.7,2.5,96.3,131.9,270.6,2.2,277.7,175.0,,301.0,38.9,112.3,3598.8
2348,2021-12-16,166.7,2.2,24.7,75.6,3.6,80.9,7.3,19.4,66.4,67.0,19.5,12.6,351.4,34.9,133.8,60.4,25.9,177.9,76.5,295.4,485.6,3.2,7.3,1.9,2.5,96.4,133.4,271.2,2.1,282.7,176.0,,300.6,39.9,114.1,3625.9
2349,2021-12-17,166.3,2.2,23.7,76.0,3.8,81.2,7.3,19.0,63.3,69.3,19.0,12.5,354.0,36.2,134.4,60.1,28.5,181.7,77.0,297.6,484.8,3.3,7.4,1.9,2.4,95.8,135.7,271.6,2.0,289.7,179.1,,299.2,40.6,110.9,3644.6
2350,2021-12-18,163.4,2.2,24.4,76.2,3.8,82.1,7.3,19.2,65.6,66.8,16.9,11.9,354.4,35.3,134.9,55.3,29.7,180.6,76.4,292.5,481.3,3.3,7.1,1.9,2.4,96.4,140.1,271.9,1.7,276.4,178.4,,306.7,41.6,111.3,3626.4
2351,2021-12-19,160.4,2.2,23.4,78.0,3.6,81.1,5.5,18.9,66.0,63.9,18.9,10.1,329.4,32.9,125.4,48.7,31.1,168.6,69.4,287.0,463.6,3.2,7.2,1.7,2.5,88.7,129.5,268.0,1.5,258.6,174.6,,306.6,38.5,103.0,3477.9
2352,2017-05-08,155.9,2.1,23.5,77.6,6.1,83.3,7.1,16.8,67.8,115.2,9.0,8.7,332.9,24.5,157.7,39.3,24.9,168.0,68.9,166.6,460.7,2.4,3.9,1.6,1.9,78.8,163.8,195.2,1.1,313.0,140.2,,370.3,39.4,151.9,3487.7000000000003
2353,2017-05-09,159.0,1.7,21.1,53.0,5.9,83.8,7.3,17.2,64.6,116.0,8.2,10.3,334.1,25.7,158.7,41.2,21.5,179.8,71.9,168.2,476.4,2.2,3.7,1.5,1.9,73.9,163.3,201.3,1.2,320.1,139.9,,316.6,39.3,141.9,3439.8999999999996
2354,2017-05-10,153.4,1.9,22.1,65.8,5.8,77.9,7.3,17.2,65.5,112.7,8.8,10.4,334.7,26.0,150.1,32.9,23.2,182.9,70.5,176.7,477.9,2.4,4.0,1.3,1.8,76.4,165.4,200.9,1.1,303.2,122.5,,346.2,41.1,143.3,3439.4
2355,2017-05-11,161.9,2.4,23.5,74.4,6.0,75.7,7.2,17.4,62.7,113.7,9.0,10.4,342.5,25.5,148.9,38.7,23.2,182.0,68.1,182.5,477.8,2.7,4.0,1.4,1.6,83.6,161.7,204.3,1.1,311.6,139.6,,362.9,41.1,141.5,3517.7000000000007
2356,2017-05-12,164.9,2.0,24.0,77.7,5.7,82.6,7.2,17.0,58.2,116.4,10.3,10.7,343.7,26.7,162.0,40.3,24.0,188.4,71.0,183.9,467.7,2.4,4.8,1.4,1.8,83.1,166.5,205.9,1.0,317.8,143.0,,373.3,40.7,134.6,3567.9
2357,2017-05-13,165.2,2.0,25.7,73.3,5.8,82.4,7.2,16.7,59.6,113.8,10.2,10.0,339.7,27.1,162.6,39.3,23.5,190.7,67.8,183.6,455.1,2.8,4.3,1.4,2.2,83.8,175.9,217.5,1.0,315.3,142.4,,377.9,40.8,138.9,3572.8000000000006
2358,2017-05-14,160.2,1.9,23.2,75.2,5.4,83.8,6.6,16.7,61.5,109.9,10.5,9.4,328.8,24.0,155.1,39.0,24.2,168.9,67.2,177.4,450.0,2.1,4.2,1.3,2.0,80.1,166.5,211.5,0.9,301.3,136.8,,360.3,39.0,128.4,3440.3
2359,2018-09-24,176.2,2.3,29.7,94.3,3.5,91.6,7.1,18.5,63.1,86.0,11.9,12.2,360.4,25.6,96.3,37.9,24.5,193.6,69.1,181.4,472.3,2.2,5.0,1.6,2.1,105.0,104.5,181.5,1.2,299.8,208.6,,302.6,34.1,167.1,3480.2999999999997
2360,2018-09-25,178.1,2.4,27.8,97.6,3.8,91.5,7.4,18.7,59.9,81.0,11.2,12.9,376.8,25.6,110.5,40.9,24.6,192.0,70.6,189.8,485.2,2.3,5.1,1.7,2.4,96.1,112.2,192.1,1.1,312.6,218.4,,314.8,34.6,170.8,3579.3
2361,2018-09-26,172.5,2.2,28.5,99.8,4.1,95.6,6.5,18.7,59.5,83.6,10.1,12.3,380.6,27.1,119.1,39.9,24.2,172.4,72.0,194.3,489.9,2.2,4.8,1.7,2.2,90.7,127.4,200.6,0.8,317.8,208.7,,333.0,38.1,172.1,3620.6
2362,2018-09-27,170.5,2.3,30.0,101.8,4.3,99.3,7.0,18.6,58.5,88.4,10.9,12.3,383.9,26.1,126.0,38.6,25.1,167.6,70.8,197.4,488.8,2.4,5.3,1.6,2.1,96.7,136.8,202.8,1.1,314.2,209.0,,345.2,38.6,179.0,3670.499999999999
2363,2018-09-28,176.0,2.3,30.6,101.4,4.4,100.6,6.6,18.3,60.7,93.3,11.1,12.3,388.6,27.5,132.6,39.9,24.9,171.8,69.4,201.8,481.5,2.3,5.0,1.6,2.2,98.7,141.1,207.5,1.1,306.4,217.1,,350.8,36.3,176.3,3709.6
2364,2018-09-29,179.5,2.4,32.0,102.5,4.2,102.7,6.8,18.0,58.2,93.2,4.1,12.1,388.2,26.3,135.9,32.2,25.0,164.3,69.5,204.8,479.6,2.4,5.0,1.6,2.2,105.2,139.4,207.1,1.2,300.6,216.5,,365.4,38.0,191.3,3724.900000000001
2365,2018-09-30,182.3,2.3,28.1,98.5,3.5,100.1,6.8,17.4,61.1,89.1,4.4,13.1,378.8,24.4,129.5,38.5,24.6,162.2,64.6,206.5,478.9,2.2,5.1,1.4,2.3,109.9,140.1,209.4,1.1,283.4,216.7,,350.4,37.5,177.0,3658.4
2366,2018-05-28,184.1,2.5,25.0,82.5,6.3,88.0,7.5,15.4,68.6,125.1,7.9,10.8,368.0,26.7,167.5,38.0,19.6,172.2,64.6,197.7,511.1,2.3,4.7,1.6,2.1,94.2,188.7,231.3,0.5,306.8,159.6,,423.4,42.5,169.4,3824.4
2367,2018-05-29,188.6,2.2,25.3,79.4,6.5,87.6,5.8,18.1,70.7,128.4,8.0,10.8,364.2,27.2,180.9,37.9,18.4,170.2,63.1,201.6,511.6,2.2,5.2,1.8,2.1,92.1,189.2,242.6,0.4,315.3,163.6,,403.5,42.1,164.7,3839.7
2368,2018-05-30,188.2,2.3,27.2,86.8,6.5,84.9,7.6,18.3,73.2,128.5,7.5,10.9,360.3,28.2,174.2,32.5,18.4,172.7,67.0,200.0,517.3,2.1,5.8,1.7,1.9,95.4,189.6,230.2,0.9,328.1,162.7,,382.2,42.0,177.3,3840.3
2369,2018-05-31,179.7,2.2,28.4,83.7,6.7,77.1,4.9,18.3,73.4,129.8,8.0,10.9,362.7,32.2,180.2,37.3,21.6,173.6,69.7,196.5,514.3,2.0,4.9,1.7,2.1,88.9,193.2,232.2,1.2,335.9,154.2,,400.9,45.3,175.8,3857.900000000001
2370,2018-06-01,179.3,2.3,29.6,72.4,5.9,82.2,7.7,17.6,68.5,130.3,7.1,10.9,367.8,23.8,161.1,36.0,20.5,171.4,71.5,191.8,472.5,2.3,4.9,1.5,2.0,95.0,177.6,244.9,1.3,332.5,152.8,,380.9,38.8,149.8,3722.900000000001
2371,2018-06-02,162.6,1.9,29.9,86.0,5.3,75.6,7.6,18.0,70.2,118.3,6.6,10.5,363.0,23.7,143.5,39.2,20.9,157.4,70.8,180.2,461.9,2.3,4.9,1.2,2.0,90.5,164.1,242.6,1.2,312.8,143.5,,302.2,35.1,146.4,3510.1
2372,2018-06-03,160.0,2.1,29.9,91.3,5.2,73.9,7.1,17.9,70.2,111.8,7.0,8.6,331.9,23.7,160.2,38.7,21.7,146.7,62.0,171.3,443.3,2.3,4.8,1.6,2.0,91.8,176.8,242.4,1.5,284.8,138.0,,359.5,39.6,159.0,3495.7999999999997
2373,2016-09-19,151.4,1.8,28.0,69.3,5.1,77.2,7.0,17.4,59.9,105.9,11.9,8.6,288.1,26.4,176.0,35.7,20.9,184.2,63.8,155.1,350.0,1.9,4.7,1.2,1.7,78.7,212.3,211.3,1.2,295.4,144.4,,306.1,38.4,151.6,3299.3999999999996
2374,2016-09-20,150.6,2.0,27.9,72.9,5.9,79.1,7.2,17.4,57.7,108.1,11.8,9.2,298.8,26.7,181.5,36.1,20.8,183.4,65.3,153.8,351.1,1.9,4.5,1.2,1.8,81.0,214.2,221.7,1.1,303.6,148.2,,310.1,40.7,157.0,3360.4999999999995
2375,2016-09-21,137.3,2.0,28.0,65.0,5.9,80.9,7.2,16.6,55.6,110.7,12.8,9.0,301.9,25.8,182.4,33.7,19.4,176.8,64.5,151.1,354.8,1.9,4.5,1.2,1.9,77.1,213.0,219.2,1.4,301.5,131.1,,304.9,39.4,149.8,3295.1000000000004
2376,2016-09-22,129.3,1.9,27.2,70.3,5.9,83.5,7.0,17.7,61.0,104.7,11.6,9.2,304.1,23.7,171.0,33.4,20.2,174.5,64.4,154.7,350.4,2.2,4.9,1.2,1.9,76.0,188.4,216.0,1.1,302.1,123.4,,307.4,33.8,150.9,3241.8000000000006
2377,2016-09-23,130.7,1.4,27.5,74.5,4.8,84.5,7.1,17.4,62.3,103.9,12.0,8.2,309.8,30.8,168.0,34.1,22.0,175.5,65.0,159.1,344.9,1.9,4.5,1.1,2.0,72.9,189.7,209.9,1.1,305.8,113.7,,313.9,37.4,144.7,3249.2000000000003
2378,2016-09-24,136.1,2.0,27.8,67.8,4.8,83.0,7.1,17.2,62.2,99.9,11.3,8.6,307.7,30.7,166.0,32.0,21.3,173.2,64.2,152.9,339.2,1.9,4.5,1.1,1.8,71.8,190.2,202.8,1.1,311.0,111.4,,299.0,37.4,144.0,3200.2000000000003
2379,2016-09-25,134.5,1.7,28.0,57.1,4.3,83.4,6.7,16.7,58.4,93.1,11.3,8.0,298.1,28.3,158.3,31.8,19.7,163.0,58.8,149.9,331.6,1.8,4.5,1.1,1.6,73.0,184.6,196.0,1.2,289.0,107.8,,293.7,34.9,132.4,3071.3
2380,2024-02-26,232.9,2.9,30.8,87.2,3.6,128.0,,,71.5,71.0,,12.5,398.2,36.2,153.7,56.0,34.4,309.3,91.7,282.5,589.1,3.1,6.4,2.1,2.5,110.0,174.4,313.5,2.0,366.2,277.3,3.4,324.0,42.1,145.2,4437.3
2381,2024-02-27,237.1,3.0,28.6,88.9,3.8,122.2,,,70.5,71.5,,13.3,414.6,37.2,150.7,56.1,34.1,318.8,95.0,255.5,596.7,3.1,6.6,2.0,2.6,107.6,168.1,310.6,2.0,376.7,283.0,3.6,318.8,43.7,154.3,4455.3
2382,2024-02-28,237.5,3.2,28.4,89.1,3.7,120.3,,,71.5,71.5,,13.5,412.0,36.7,149.5,55.4,32.7,319.5,96.2,246.9,601.1,3.2,6.5,2.0,2.5,108.6,160.9,315.2,2.0,377.6,286.8,4.0,320.3,42.1,155.3,4449.1
2383,2024-02-29,237.2,3.2,28.5,89.3,3.5,125.3,,,70.5,72.0,,14.0,423.5,35.1,148.5,55.1,32.8,320.9,96.7,260.7,610.7,3.1,6.3,1.9,2.5,111.5,158.4,317.8,2.1,378.4,289.8,3.7,327.7,41.4,162.2,4508.4
2384,2024-03-01,236.4,3.1,28.6,91.3,3.7,125.0,,,68.7,73.0,,14.5,426.5,35.4,141.5,54.4,33.8,322.4,96.0,245.9,604.8,3.1,6.2,2.0,2.4,105.6,141.3,298.8,2.0,383.5,291.4,4.0,328.1,42.0,161.5,4450.3
2385,2024-03-02,236.1,3.2,28.6,91.7,3.6,128.2,,,70.6,68.1,,13.9,406.2,30.1,121.0,50.2,34.1,317.8,94.1,218.7,596.1,3.2,6.1,2.6,2.6,116.4,122.1,250.0,1.8,383.1,290.2,3.8,269.7,39.5,160.4,4237.299999999999
2386,2024-03-03,233.7,3.2,26.7,80.4,3.5,125.9,,,67.8,66.7,,12.6,361.5,26.8,113.0,48.9,33.4,303.6,87.1,213.5,569.1,3.2,6.2,1.9,2.5,116.7,120.8,275.7,1.5,350.6,285.4,3.2,253.6,35.2,150.6,4057.599999999999
2387,2021-03-15,213.1,2.2,25.2,88.2,3.2,104.9,7.6,20.3,67.9,68.5,17.2,11.8,388.1,30.8,134.4,53.3,25.9,262.5,84.2,230.9,528.4,2.6,6.6,1.7,2.3,90.9,139.3,243.1,1.3,330.0,270.4,,321.6,36.5,151.4,3974.5
2388,2021-03-16,217.5,2.4,27.2,91.4,3.3,107.0,7.4,20.3,67.2,69.1,18.3,11.8,390.6,31.1,137.8,50.6,25.4,264.6,85.4,230.2,549.6,2.6,6.1,1.7,2.2,95.5,138.9,245.6,1.2,346.6,274.0,,325.4,38.1,160.4,4054.8000000000006
2389,2021-03-17,216.2,2.4,27.6,94.4,3.4,109.0,7.8,20.4,70.3,70.4,18.2,12.0,387.3,31.5,137.0,49.7,26.6,266.0,87.1,232.9,554.4,2.8,6.2,1.7,2.3,108.3,139.9,245.1,1.2,347.1,275.6,,330.1,38.9,163.6,4095.7
2390,2021-03-18,215.3,2.3,28.4,94.8,3.3,110.2,7.8,20.5,69.6,70.0,18.0,12.6,393.5,31.2,140.7,49.3,26.8,265.6,87.5,227.8,553.5,2.7,5.7,1.6,2.2,100.4,133.1,236.8,1.2,348.9,273.9,,339.7,37.9,165.0,4085.999999999999
2391,2021-03-19,211.1,2.1,28.9,95.3,3.4,107.7,7.9,18.9,68.0,73.5,18.2,12.7,392.6,31.8,142.2,50.7,26.7,264.1,87.7,211.0,532.6,2.3,5.3,1.5,2.0,101.1,129.5,232.7,1.2,351.0,272.9,,340.2,38.5,167.1,4040.9
2392,2021-03-20,210.7,2.2,29.0,95.4,3.3,101.7,7.9,20.1,70.6,69.9,18.4,12.1,389.8,31.1,140.8,49.1,26.9,260.6,85.5,208.5,516.3,2.8,4.3,1.6,2.4,107.6,148.7,236.2,1.1,350.0,270.4,,338.8,38.6,168.1,4029.0
2393,2021-03-21,209.7,2.2,27.0,98.5,3.0,105.0,7.2,20.1,69.4,67.0,18.7,11.2,378.9,28.4,126.0,48.4,27.0,249.2,76.7,215.4,487.7,2.7,4.7,1.6,2.2,103.6,147.2,227.2,1.0,322.9,264.1,,333.6,35.5,170.6,3901.4
2394,2022-01-24,188.7,2.7,25.5,83.4,4.5,84.5,7.2,19.3,69.2,78.1,19.3,11.4,353.1,34.3,117.9,61.4,30.5,244.6,72.9,254.9,487.6,3.6,7.5,1.9,2.3,94.5,126.1,254.2,1.8,301.9,206.4,,309.6,43.8,118.3,3730.3
2395,2022-01-25,190.1,2.5,25.7,85.5,4.4,86.9,7.5,19.3,69.1,80.7,17.2,11.4,356.5,34.9,123.3,65.4,28.8,245.2,73.0,263.2,489.1,3.6,7.4,1.8,2.3,92.5,128.5,259.0,1.9,308.3,207.0,,324.2,45.6,120.7,3789.999999999999
2396,2022-01-26,185.4,2.6,24.0,85.9,3.8,85.5,5.2,16.3,69.0,69.2,17.8,9.8,333.4,31.1,105.8,63.2,29.8,224.3,69.4,268.7,448.5,3.5,7.4,1.9,2.5,92.4,114.7,260.5,1.5,290.4,201.6,,332.5,38.0,112.4,3615.000000000001
2397,2022-01-27,184.7,2.6,24.6,86.8,4.1,87.0,6.4,18.2,69.0,75.8,18.9,11.0,349.6,33.4,116.5,57.8,29.1,229.4,73.3,276.1,481.6,3.5,7.3,1.9,2.5,92.6,121.4,268.1,1.9,301.0,204.9,,325.1,42.7,118.3,3734.6
2398,2022-01-28,186.8,2.3,25.0,90.4,4.1,88.9,7.6,19.4,70.3,78.4,18.2,11.6,359.1,35.0,122.9,63.1,30.3,234.4,74.6,284.6,492.9,3.6,7.7,1.9,2.6,94.2,122.7,275.9,1.9,305.5,208.9,,328.3,44.9,125.4,3831.1
2399,2022-01-29,186.9,2.3,25.5,86.9,3.8,89.8,7.6,19.3,71.3,71.8,17.7,11.9,358.4,33.9,124.6,59.7,30.2,234.6,76.0,287.2,489.5,3.6,7.3,1.8,2.6,96.6,121.0,278.1,1.9,306.4,207.1,,322.7,44.0,124.1,3813.8
2400,2022-01-30,184.2,2.3,24.9,87.7,3.6,89.8,7.3,19.2,70.4,68.6,18.8,10.8,347.5,31.9,113.6,63.7,30.8,228.8,70.1,289.6,489.3,3.5,7.5,1.9,2.6,95.4,111.5,276.8,1.7,283.9,203.5,,312.9,41.3,117.1,3719.5
2401,2023-11-20,218.9,2.6,26.7,80.2,3.4,88.3,,,69.2,66.3,,14.5,376.7,32.9,129.9,52.3,29.4,253.8,82.5,331.2,568.7,2.6,5.8,1.7,2.3,99.6,126.3,295.5,1.3,308.0,211.6,4.1,325.5,37.1,134.2,4054.9
2402,2023-11-21,210.3,2.7,28.1,80.9,3.4,89.2,,,69.8,69.7,,14.7,393.7,33.5,135.4,51.9,28.7,262.2,83.8,334.8,577.1,2.7,6.3,2.0,2.3,98.2,132.5,302.8,1.4,317.3,211.3,4.2,309.0,38.6,138.0,4110.1
2403,2023-11-22,207.2,2.7,27.5,84.8,3.6,89.6,,,71.5,71.1,,14.7,391.0,34.5,139.4,51.0,30.1,260.0,82.2,333.8,578.0,2.6,6.3,2.0,2.2,93.9,139.6,301.2,1.5,305.0,213.3,4.1,308.6,39.4,136.3,4100.5
2404,2023-11-23,203.5,2.6,28.1,83.8,3.4,90.8,,,71.3,71.6,,15.4,397.4,33.3,138.7,51.7,29.7,259.2,81.6,334.8,582.2,2.7,6.3,1.9,2.3,94.8,135.2,302.4,1.5,297.9,202.8,4.0,304.2,39.1,136.2,4082.8
2405,2023-11-24,201.4,2.7,28.1,83.5,3.6,89.6,,,71.8,70.8,,15.3,395.3,34.7,140.1,53.3,30.6,256.5,82.2,331.8,583.1,2.8,6.2,1.9,2.4,95.1,141.6,306.4,1.5,303.3,194.6,4.0,298.6,39.5,135.0,4078.8
2406,2023-11-25,200.3,2.8,27.7,80.8,3.4,89.7,,,68.4,68.8,,15.0,398.1,34.7,141.0,54.9,29.8,246.3,80.9,330.0,583.4,2.7,6.4,2.0,2.3,95.4,142.2,274.6,1.5,294.2,196.5,3.9,300.0,39.2,134.8,4022.6
2407,2023-11-26,198.6,2.8,25.8,85.3,3.2,89.3,,,70.9,67.2,,13.6,318.2,32.4,126.9,55.0,29.7,225.1,75.1,306.7,547.1,2.7,6.3,1.8,2.2,95.0,133.8,264.7,1.2,259.9,193.8,3.8,295.7,36.6,123.1,3762.7999999999993
2408,2021-06-28,179.7,2.2,32.6,118.1,6.8,91.1,7.0,18.6,68.0,128.9,18.3,11.5,356.7,32.5,238.5,47.5,29.2,184.2,69.7,200.1,424.0,2.7,5.5,1.6,2.6,104.7,293.0,257.3,1.3,314.3,203.0,,458.5,45.7,165.8,4129.5
2409,2021-06-29,195.3,2.3,33.0,114.1,7.2,95.9,7.3,18.7,67.3,132.4,18.1,11.9,347.3,33.4,248.6,48.4,27.4,199.4,71.7,207.4,442.6,2.6,5.5,1.6,2.5,110.7,296.3,274.6,1.3,344.9,225.8,,476.8,48.1,168.3,4297.200000000001
2410,2021-06-30,199.3,2.2,31.9,115.1,7.5,99.8,7.3,19.0,65.8,135.9,18.7,12.5,352.9,35.2,251.7,47.4,27.5,211.0,75.2,210.7,457.1,2.6,5.4,1.6,2.5,107.7,297.9,281.4,1.3,349.8,234.3,,485.6,47.6,170.5,4380.500000000001
2411,2021-07-01,189.8,2.3,32.1,108.3,7.6,92.8,7.1,18.5,63.4,141.8,18.1,11.9,359.3,30.2,257.7,43.5,28.0,215.9,73.2,209.1,435.3,2.6,5.7,1.6,2.4,104.4,306.1,286.1,1.3,336.8,230.8,,486.5,48.1,151.6,4318.300000000001
2412,2021-07-02,179.6,2.2,30.8,100.1,7.6,90.4,7.3,18.7,62.2,141.0,19.9,12.0,362.4,28.5,258.0,41.7,28.7,212.6,72.3,216.0,462.3,2.5,5.9,1.7,2.4,102.9,304.6,289.6,1.6,316.7,214.9,,480.5,47.3,150.8,4283.8
2413,2021-07-03,176.0,2.2,31.6,106.6,6.6,89.4,7.2,18.9,62.8,119.1,17.0,12.2,371.7,29.4,221.4,42.5,27.7,210.5,69.2,220.3,480.3,2.6,5.7,1.7,2.4,117.6,267.9,281.9,1.8,319.9,226.9,,451.7,46.0,159.5,4216.1
2414,2021-07-04,172.6,2.2,32.3,119.0,6.3,90.4,6.4,18.7,63.5,114.1,16.5,10.4,358.6,27.1,221.9,46.9,27.6,199.5,66.1,220.7,488.0,2.7,6.1,1.5,2.5,115.9,297.6,269.7,1.6,290.5,223.6,,462.5,42.4,155.0,4187.6
2415,2019-12-30,164.6,2.1,21.7,82.3,5.0,78.7,7.0,18.6,63.4,85.8,5.7,12.8,319.5,30.0,130.3,52.5,24.8,206.3,72.7,253.0,428.6,2.7,6.1,1.9,2.2,70.2,119.9,234.1,2.0,268.3,204.2,,313.9,40.7,108.2,3446.1
2416,2019-12-31,170.1,2.2,23.4,82.0,4.9,78.8,6.9,18.2,64.3,85.5,5.1,13.7,316.7,30.1,133.5,54.1,25.6,212.2,73.6,253.6,419.6,2.4,6.5,1.8,2.2,67.9,121.9,240.2,1.9,285.2,204.5,,311.8,39.3,110.2,3476.4000000000005
2417,2020-01-01,165.2,2.2,21.7,82.9,4.8,74.8,5.8,16.7,64.6,83.5,5.5,12.6,301.9,30.1,128.2,53.2,26.3,205.3,73.4,239.3,395.8,2.4,6.3,1.7,2.2,66.3,118.8,239.8,1.7,270.3,201.2,,320.7,38.1,106.8,3376.4999999999995
2418,2020-01-02,167.4,2.2,22.5,77.0,4.3,69.0,6.4,17.6,62.8,79.2,5.5,13.0,313.2,30.2,127.5,51.5,23.0,212.4,75.4,228.2,411.1,2.7,5.7,1.8,2.3,65.8,121.0,239.1,2.0,286.8,201.7,,299.0,39.2,107.0,3380.1
2419,2020-01-03,171.2,2.2,21.7,76.4,4.3,68.1,7.2,18.6,61.4,76.6,5.3,12.9,320.7,31.0,132.6,53.2,22.6,217.5,75.4,227.4,408.6,2.7,6.2,1.9,2.3,62.9,121.4,240.4,2.0,298.3,194.9,,286.8,39.2,106.4,3387.5
2420,2020-01-04,166.4,2.2,21.4,75.3,4.0,73.1,7.2,18.3,63.2,71.1,5.7,12.7,319.4,30.1,132.1,53.3,23.9,217.4,74.9,230.3,408.1,2.5,6.1,1.8,2.3,64.0,118.0,241.9,1.5,294.2,191.9,,294.2,40.1,109.3,3384.9
2421,2020-01-05,160.8,2.3,20.7,76.2,3.8,74.2,6.5,18.1,62.5,69.0,5.6,10.9,307.9,29.2,121.4,51.2,23.3,201.0,68.2,228.8,398.2,2.6,6.2,1.8,2.1,63.6,107.5,237.2,1.6,279.2,190.8,,289.4,37.0,102.9,3268.2
2422,2018-01-15,158.2,2.3,23.0,72.8,3.7,73.6,7.0,17.1,69.2,65.5,9.5,9.5,269.0,26.6,126.0,46.3,23.9,200.4,66.4,218.6,432.0,3.0,6.3,1.8,2.0,71.1,102.8,207.6,1.8,229.5,165.1,,300.8,38.0,107.8,3163.4000000000005
2423,2018-01-16,155.8,2.3,23.5,73.7,3.6,74.1,5.3,17.6,70.5,65.5,9.8,9.9,300.5,27.8,125.6,46.8,24.4,210.5,67.1,219.2,438.4,2.9,6.7,1.8,2.0,77.6,106.5,187.4,1.7,249.8,171.8,,306.0,39.6,109.5,3240.4
2424,2018-01-17,160.1,2.2,23.4,73.2,3.6,72.4,7.3,17.7,70.6,68.1,9.0,9.9,305.2,28.2,125.9,47.0,24.5,210.6,67.4,221.1,432.5,2.7,6.3,1.7,1.9,75.6,108.3,213.5,1.6,269.3,177.7,,306.9,38.4,110.9,3300.8
2425,2018-01-18,166.2,2.1,23.8,73.8,3.5,73.5,7.5,17.8,69.5,67.3,7.7,9.9,309.5,28.1,123.4,46.6,24.9,210.4,66.9,222.4,430.8,2.7,6.2,1.8,1.9,74.4,107.2,213.9,1.8,282.0,178.5,,299.4,41.5,109.1,3312.2
2426,2018-01-19,166.5,2.2,23.5,74.6,3.5,72.9,7.4,17.3,70.5,66.8,8.8,9.5,307.5,27.8,124.7,46.6,25.2,209.4,66.0,223.8,421.8,2.7,5.5,1.7,1.8,75.4,113.1,214.5,1.9,274.1,181.6,,302.8,37.4,108.4,3303.7000000000003
2427,2018-01-20,166.3,2.2,23.8,75.4,3.4,75.0,7.4,17.7,71.3,64.3,9.3,9.7,307.3,27.9,126.5,46.1,22.5,210.6,65.1,223.7,421.6,2.6,5.4,1.4,1.7,79.3,109.4,212.7,1.6,281.4,179.2,,301.5,39.5,104.3,3303.6000000000004
2428,2018-01-21,159.6,2.2,23.0,70.2,3.1,74.3,7.0,17.4,70.5,62.0,9.1,8.6,294.8,25.4,116.8,46.8,26.0,196.9,60.5,220.5,409.5,2.7,6.0,1.7,1.7,74.0,103.3,211.6,1.6,267.4,174.6,,294.1,36.1,102.1,3186.9999999999995
2429,2022-07-04,192.8,2.4,39.9,126.8,7.4,97.0,,,75.0,130.2,19.3,11.9,355.6,32.9,227.2,51.2,32.8,194.6,64.5,209.3,488.3,2.6,5.4,1.5,2.6,114.3,293.5,238.0,1.4,340.7,164.7,,481.9,49.0,188.2,4279.8
2430,2022-07-05,191.1,2.4,43.5,130.6,7.8,103.3,,,76.9,140.6,19.9,11.8,352.5,35.5,249.7,50.7,34.1,183.3,65.9,205.5,471.5,2.6,5.4,1.6,2.7,115.5,312.5,254.7,1.5,351.1,170.6,,506.6,48.6,194.5,4381.3
2431,2022-07-06,178.0,2.7,41.4,124.5,6.8,101.5,,,75.7,145.8,17.0,12.3,347.1,34.6,244.4,51.6,32.1,177.3,66.1,212.4,467.9,2.7,5.5,1.8,2.8,113.7,309.0,255.8,1.6,344.1,162.9,,515.3,48.4,188.3,4327.7
2432,2022-07-07,180.6,2.7,42.7,127.8,7.3,105.5,,,77.2,149.1,18.9,12.3,344.7,32.4,253.3,51.9,33.0,174.6,66.2,214.8,461.6,2.8,5.4,1.7,2.8,113.4,312.0,251.8,1.6,341.9,170.1,,527.4,49.1,193.0,4366.400000000001
2433,2022-07-08,172.3,2.5,41.1,133.6,7.6,106.0,,,78.2,149.3,18.6,12.0,333.9,34.3,261.2,52.8,32.9,168.8,66.1,219.2,457.1,2.7,5.6,1.8,2.7,112.7,316.0,258.2,1.5,338.9,158.3,,541.8,49.3,197.3,4370.400000000001
2434,2022-07-09,162.8,2.5,41.7,130.9,6.2,96.1,,,78.6,137.1,16.3,12.0,327.0,33.0,240.2,53.2,34.0,155.2,64.9,209.4,432.9,2.7,5.6,1.6,2.7,109.9,286.2,262.1,1.5,340.5,135.5,,511.6,45.1,191.8,4167.7
2435,2022-07-10,156.8,2.6,40.5,138.6,5.0,98.6,,,75.1,122.1,18.5,10.8,306.7,26.5,195.9,53.1,33.7,135.9,59.5,200.6,405.9,2.6,5.6,1.4,2.8,126.9,253.9,231.9,1.2,303.1,124.0,,513.5,43.5,176.6,3908.2
2436,2024-02-19,225.8,3.1,28.0,85.4,3.6,124.3,,,71.1,70.5,,14.1,405.4,33.8,135.1,51.2,29.8,308.6,92.5,289.5,598.5,3.0,6.6,2.1,2.5,113.4,124.1,302.3,2.0,355.0,277.4,3.8,310.5,41.1,151.2,4336.7
2437,2024-02-20,230.9,3.1,27.3,84.9,3.6,125.3,,,70.1,71.4,,13.4,415.9,33.2,135.9,53.5,30.1,312.5,93.7,294.8,605.1,3.1,6.7,2.1,2.5,114.8,137.6,314.8,2.0,371.9,282.4,3.9,307.6,40.2,157.7,4424.0
2438,2024-02-21,232.1,2.9,27.5,79.3,3.7,124.5,,,70.0,73.3,,12.8,410.7,35.2,144.7,54.6,30.1,312.8,95.2,290.4,605.3,2.9,6.5,2.0,2.2,115.6,150.5,312.4,2.0,373.9,283.6,4.4,297.2,41.7,160.2,4434.499999999999
2439,2024-02-22,236.1,3.1,27.3,80.9,3.6,125.7,,,71.2,72.4,,12.8,411.0,35.4,149.6,55.9,30.0,311.1,95.0,284.3,601.9,2.7,6.7,2.0,2.3,112.4,163.0,316.1,2.1,382.6,283.1,3.8,309.2,42.1,160.3,4468.400000000001
2440,2024-02-23,238.8,3.1,27.4,87.0,3.6,126.9,,,71.6,74.3,,13.2,408.1,36.8,156.4,56.6,30.0,316.0,92.9,284.6,599.4,3.0,6.4,2.2,2.4,112.0,170.0,320.1,1.9,389.1,288.3,3.4,329.2,42.3,156.2,4526.7
2441,2024-02-24,238.0,3.1,27.7,85.0,3.6,124.1,,,71.5,70.2,,11.9,404.0,36.3,159.3,51.6,30.8,314.0,91.4,290.8,588.7,3.1,6.3,2.1,2.5,113.0,176.0,318.7,1.9,385.1,289.5,4.0,325.4,42.3,156.5,4501.9
2442,2024-02-25,232.0,3.1,27.2,86.2,3.3,124.7,,,72.2,67.9,,11.8,382.3,34.3,144.9,55.5,30.4,296.6,84.5,286.7,570.0,3.2,6.6,2.0,2.5,108.9,181.2,314.2,1.7,344.5,275.3,3.6,322.1,40.0,140.1,4331.6
2443,2022-11-28,183.8,2.2,25.3,77.0,3.3,86.1,,,68.0,65.0,17.5,12.1,392.4,33.1,129.7,56.5,27.3,211.6,74.7,305.6,538.8,2.9,7.0,1.9,2.3,98.9,134.2,301.3,1.7,298.3,170.8,,298.6,36.7,117.4,3817.3
2444,2022-11-29,184.6,2.2,26.2,78.1,3.4,87.2,,,69.5,65.2,17.8,12.2,393.8,33.4,135.7,56.9,27.2,198.3,76.0,309.7,538.6,2.9,6.7,1.9,2.2,93.8,135.2,305.4,1.8,303.3,171.0,,301.6,37.4,119.7,3834.6
2445,2022-11-30,188.1,2.3,26.7,79.7,3.4,87.4,,,70.3,66.5,15.6,11.9,392.2,34.2,137.3,56.4,27.6,212.4,76.8,311.7,535.3,2.8,7.1,1.9,2.2,94.7,139.4,300.6,1.8,306.0,173.4,,300.2,37.7,121.6,3860.999999999999
2446,2022-12-01,191.2,2.5,26.4,76.8,3.4,87.8,,,67.0,66.5,17.0,13.0,378.4,33.8,134.6,55.9,26.0,218.5,76.9,308.4,529.3,2.8,6.7,1.8,2.2,93.5,135.3,302.3,1.8,303.1,175.8,,292.3,37.0,117.5,3820.8
2447,2022-12-02,190.8,2.3,26.1,77.5,3.4,88.0,,,67.7,67.2,17.5,13.4,391.1,33.0,133.9,57.3,26.3,222.2,78.4,310.4,531.4,2.8,6.8,1.8,2.3,94.1,135.3,302.1,1.8,312.2,180.3,,294.3,37.7,117.5,3862.1
2448,2022-12-03,193.7,2.0,25.8,76.7,3.4,85.8,,,71.7,65.4,17.6,13.4,395.7,33.6,135.3,56.2,26.3,219.0,78.4,309.2,541.9,2.9,6.7,1.9,2.4,95.8,137.3,304.1,1.6,306.2,180.6,,288.9,37.1,114.1,3866.499999999999
2449,2022-12-04,190.9,1.9,25.2,78.2,3.1,87.3,,,69.5,59.8,18.1,12.4,377.1,31.3,119.2,55.4,27.3,206.1,70.1,307.6,536.1,2.6,6.7,1.7,2.1,103.8,135.8,299.6,1.4,264.0,175.0,,292.3,34.8,105.3,3735.3000000000006
2450,2020-03-02,195.3,2.1,22.5,72.1,3.1,91.3,7.1,18.6,63.8,61.5,7.3,10.9,360.1,27.5,110.4,46.8,24.2,237.2,78.9,226.7,476.6,2.7,5.6,1.6,2.1,72.4,111.2,236.5,1.4,323.0,248.6,,250.8,33.8,120.1,3561.3000000000006
2451,2020-03-03,195.9,2.2,20.3,73.1,3.4,86.2,7.6,19.0,62.9,62.8,6.6,11.0,363.1,28.4,119.5,46.9,22.9,245.1,79.9,234.3,490.8,2.5,5.7,1.6,2.2,71.6,116.5,244.7,1.5,334.0,254.0,,257.1,35.0,115.5,3631.7
2452,2020-03-04,201.2,2.1,21.3,73.5,3.4,84.3,7.7,19.2,59.7,63.9,7.5,11.0,356.5,28.2,114.0,45.4,21.7,244.5,80.0,232.1,490.1,2.8,5.5,1.7,2.2,69.9,114.0,225.9,1.7,337.3,254.1,,250.0,35.1,111.4,3587.0000000000005
2453,2020-03-05,199.5,2.1,22.5,73.5,3.3,85.1,7.5,19.5,60.3,62.9,8.1,10.4,354.3,29.4,97.2,45.7,20.3,251.9,79.2,232.0,491.6,2.6,5.9,1.6,2.1,69.3,101.7,215.6,1.7,336.3,247.3,,230.3,34.8,115.5,3529.000000000001
2454,2020-03-06,194.7,2.2,22.5,67.3,3.5,83.5,7.6,19.1,59.5,64.4,9.6,10.4,345.3,29.6,87.6,46.8,21.0,248.5,79.4,220.7,486.1,2.6,5.7,1.7,2.2,67.8,91.6,153.3,1.4,339.7,244.1,,209.5,32.9,114.0,3384.3
2455,2020-03-07,185.7,2.3,22.2,64.8,3.5,72.2,7.6,19.1,59.5,59.9,5.4,10.4,344.0,30.5,99.1,49.2,20.9,247.7,79.5,221.5,486.1,2.7,5.9,1.6,2.2,68.6,97.3,193.9,1.5,332.2,237.6,,218.8,34.6,109.7,3405.9
2456,2020-03-08,182.4,2.3,21.0,71.1,3.1,81.2,7.4,19.0,60.8,58.2,5.4,9.2,335.6,27.5,93.2,47.4,22.5,237.4,73.9,221.0,471.5,2.7,5.7,1.7,2.2,71.4,93.8,201.1,1.3,309.7,226.7,,232.1,33.8,104.9,3345.6000000000004
2457,2018-06-04,165.9,2.2,30.0,94.1,6.4,76.1,7.5,18.1,72.4,127.8,7.2,9.8,360.3,26.2,171.6,37.9,24.0,156.0,65.7,189.8,465.0,2.2,4.9,1.5,2.0,92.2,190.8,257.7,1.2,299.6,142.8,,400.2,44.3,171.9,3733.1
2458,2018-06-05,170.4,2.1,32.0,94.0,6.6,78.1,7.8,18.2,72.3,134.1,7.2,10.3,366.9,26.4,181.4,38.4,25.4,161.9,67.4,190.5,453.0,2.3,4.9,1.5,2.1,90.5,179.7,252.6,1.1,314.1,147.2,,411.9,45.7,174.0,3779.6
2459,2018-06-06,162.6,2.5,30.7,98.6,5.7,81.3,7.9,18.3,70.1,129.5,6.6,10.6,365.1,26.3,160.3,40.1,24.7,161.9,69.3,183.2,459.1,2.3,5.0,1.4,2.3,91.0,139.5,236.1,1.2,314.0,148.6,,393.9,40.4,177.4,3675.400000000001
2460,2018-06-07,157.9,2.1,30.9,94.3,6.3,79.4,7.7,18.5,70.1,131.0,6.6,10.6,367.6,28.4,177.3,43.8,25.0,160.2,67.4,181.5,437.3,2.3,5.2,1.5,2.3,97.1,173.0,246.4,1.1,302.6,135.2,,405.5,45.5,179.4,3708.6
2461,2018-06-08,154.1,2.0,33.9,85.3,6.7,77.6,7.4,18.1,68.2,137.4,8.4,10.6,369.8,27.5,181.9,42.4,22.8,156.6,61.9,178.5,437.4,2.3,5.5,1.5,2.1,90.6,185.0,244.4,1.1,305.6,136.8,,399.1,46.6,178.1,3694.999999999999
2462,2018-06-09,153.0,1.9,33.9,90.6,5.5,76.9,7.7,17.8,68.4,122.1,8.2,10.6,366.4,24.4,148.5,38.6,22.1,144.7,52.4,169.0,410.2,2.1,5.2,1.6,2.1,89.5,156.5,224.2,1.2,299.2,133.4,,388.1,42.9,168.2,3495.1
2463,2018-06-10,149.3,1.9,32.7,94.7,5.3,73.3,7.0,17.5,69.3,110.4,8.4,10.6,353.1,24.3,133.3,40.1,23.0,136.5,53.1,153.8,403.4,2.1,5.0,1.6,2.1,90.1,158.5,211.8,1.0,282.8,124.0,,377.9,38.7,158.6,3362.6
2464,2020-12-07,147.4,2.1,23.3,73.2,3.2,78.7,7.2,18.0,63.0,61.9,17.5,10.0,349.4,29.8,127.1,52.3,23.9,185.2,69.4,284.8,454.8,3.0,6.2,1.6,2.1,67.4,127.4,248.2,1.7,233.5,163.9,,259.4,36.2,113.2,3352.4999999999995
2465,2020-12-08,147.8,2.2,22.9,73.1,3.2,80.1,6.5,18.2,63.4,62.1,18.0,10.4,350.7,30.5,132.2,53.1,24.2,180.0,69.6,287.9,465.0,3.1,6.4,1.6,2.2,69.1,126.1,252.3,1.7,241.3,165.3,,264.0,37.2,112.1,3390.0
2466,2020-12-09,148.4,2.3,23.8,73.6,3.3,80.9,7.5,18.4,61.5,62.6,16.0,10.7,346.7,30.8,133.1,52.3,23.9,178.4,72.5,289.9,472.6,3.1,6.4,1.7,2.3,67.9,126.6,253.4,1.8,246.8,173.5,,261.9,36.6,114.6,3412.6
2467,2020-12-10,150.1,2.4,24.4,73.5,3.2,80.2,7.3,18.6,61.4,62.6,17.1,10.7,350.0,29.9,128.7,52.1,24.2,183.9,70.3,288.9,475.4,3.1,6.5,1.6,2.3,67.8,125.4,252.2,1.7,250.3,170.8,,262.5,37.0,113.3,3416.3
2468,2020-12-11,152.6,2.3,24.3,75.5,3.3,80.2,7.4,18.1,62.1,60.3,17.0,9.8,325.3,31.0,126.8,52.9,25.6,188.8,73.0,246.4,467.6,3.0,6.4,1.6,2.5,68.5,123.0,241.8,1.7,259.1,172.2,,261.7,37.7,114.0,3350.4
2469,2020-12-12,151.6,2.1,23.9,74.9,3.1,79.1,7.6,18.5,62.2,58.4,17.3,9.5,325.1,28.6,118.9,42.4,25.3,192.9,72.5,219.5,456.2,3.2,6.5,1.7,2.4,70.1,106.7,242.5,2.0,262.8,171.9,,258.2,35.3,114.1,3273.9
2470,2020-12-13,152.6,2.0,22.8,74.5,3.2,79.5,7.0,18.0,62.2,59.0,17.0,9.1,313.3,28.7,114.5,52.3,25.5,183.7,65.8,225.0,438.7,3.0,6.5,1.6,2.2,70.2,111.8,239.3,1.9,241.5,172.5,,256.4,35.3,106.8,3209.7000000000003
2471,2020-08-24,163.6,2.0,35.4,110.0,5.3,85.9,6.1,15.8,63.1,96.1,16.5,8.0,243.4,27.7,172.6,44.2,26.2,163.8,68.4,175.5,365.1,2.6,5.8,1.6,2.2,84.8,234.2,205.1,1.0,287.7,183.5,,387.6,39.3,156.7,3494.6
2472,2020-08-25,170.8,2.1,38.1,118.5,5.4,89.6,6.4,15.9,63.7,97.2,16.6,8.6,249.7,30.5,181.2,40.8,28.2,175.3,70.6,186.3,381.4,2.6,5.5,1.6,2.5,79.1,240.7,194.8,1.0,295.3,200.5,,416.8,40.8,163.9,3628.9
2473,2020-08-26,171.5,2.2,37.0,112.9,5.7,83.5,6.2,16.2,63.8,100.5,17.2,9.0,255.3,31.4,182.6,37.6,26.8,182.7,71.4,193.7,389.1,2.9,5.7,1.8,2.4,76.3,251.0,207.3,1.0,299.4,203.4,,425.0,40.3,154.9,3675.3000000000006
2474,2020-08-27,168.4,2.2,35.2,103.5,5.6,72.5,6.5,16.5,61.0,102.3,16.3,8.8,265.2,30.8,191.4,33.3,25.9,187.3,71.3,185.6,385.0,2.9,5.5,1.7,2.4,87.3,245.3,219.0,1.0,296.9,176.6,,416.6,39.8,143.7,3620.9
2475,2020-08-28,176.5,2.0,36.1,108.3,5.5,58.0,6.6,16.6,62.7,103.2,17.3,8.9,269.6,29.1,188.1,38.8,27.6,193.8,71.9,173.9,377.2,2.8,5.5,1.7,2.2,95.0,207.1,225.7,1.0,301.8,172.9,,404.0,40.4,153.8,3593.1
2476,2020-08-29,184.8,1.8,34.8,115.6,5.3,68.0,6.6,16.6,62.6,96.7,17.9,8.9,271.6,31.8,188.2,41.5,28.8,195.7,71.1,163.4,372.2,2.7,5.4,1.6,2.1,86.9,206.0,218.3,1.1,303.8,175.2,,397.9,39.5,165.9,3598.4
2477,2020-08-30,185.5,1.8,32.2,118.8,4.8,56.4,6.1,16.3,62.9,90.6,16.7,8.1,250.6,28.8,175.4,43.7,29.2,184.2,66.2,157.5,358.9,2.6,5.5,1.6,2.1,86.3,207.0,195.3,0.9,279.6,178.3,,383.2,36.3,167.4,3448.6000000000004
2478,2022-07-25,195.2,2.6,37.7,125.0,6.9,97.1,,,75.2,119.9,18.1,11.9,324.2,31.2,202.1,46.1,31.1,188.5,71.9,201.4,450.0,2.4,5.9,1.4,2.7,124.1,260.4,215.9,1.5,315.7,194.7,,442.6,46.0,171.2,4055.6999999999994
2479,2022-07-26,185.3,2.4,37.7,125.7,7.1,98.3,,,75.5,121.3,18.1,12.1,326.8,32.2,216.5,47.5,32.1,195.0,73.6,207.3,460.6,2.5,6.0,1.7,2.6,125.7,279.2,206.7,1.6,313.5,182.1,,449.6,45.9,181.5,4109.800000000001
2480,2022-07-27,186.9,2.5,39.6,115.4,7.0,99.5,,,76.5,123.6,17.9,12.3,313.2,33.0,220.6,47.0,31.8,195.5,73.7,212.3,459.7,2.6,6.1,1.7,2.7,129.8,283.5,212.4,1.6,308.8,195.1,,458.0,46.1,191.3,4143.799999999999
2481,2022-07-28,193.5,2.5,39.1,122.0,6.8,105.0,,,75.0,119.3,18.0,12.3,328.8,33.4,207.7,43.0,31.7,182.5,73.9,218.8,466.3,2.7,5.8,1.7,2.6,134.6,269.3,202.1,1.6,314.2,206.9,,451.0,47.4,192.4,4149.1
2482,2022-07-29,202.9,2.6,41.8,127.8,6.6,107.6,,,75.3,114.4,18.1,12.3,340.7,30.6,185.4,49.3,30.2,186.7,75.7,222.8,463.5,2.7,5.7,1.8,2.7,132.7,252.5,211.6,1.6,324.9,210.7,,443.8,42.5,195.9,4160.8
2483,2022-07-30,204.3,2.4,40.7,130.5,5.9,109.0,,,75.6,107.1,20.3,13.0,347.2,30.1,168.8,49.2,30.5,171.9,75.6,224.1,468.4,2.7,5.9,1.8,2.7,134.9,237.3,227.4,1.4,318.7,211.5,,423.4,44.5,195.0,4119.1
2484,2022-07-31,198.5,2.5,34.4,119.3,5.1,115.5,,,74.2,98.4,20.0,11.8,336.6,27.5,152.4,44.4,32.8,155.4,68.6,228.1,452.1,2.7,5.9,1.7,2.8,139.4,191.8,230.8,1.0,287.0,218.9,,418.8,40.6,183.6,3937.7
2485,2023-07-03,226.7,2.7,38.4,116.3,7.3,113.8,,,74.5,136.9,,12.3,355.6,35.7,249.2,52.5,34.2,222.6,72.0,225.5,524.5,2.6,4.7,1.9,2.8,128.9,300.4,276.8,1.4,346.2,221.4,5.8,485.4,46.7,202.0,4599.3
2486,2023-07-04,213.7,2.6,41.5,119.7,6.8,116.8,,,76.1,139.5,,12.8,378.6,34.1,250.5,49.7,35.5,219.1,68.8,234.0,535.6,2.7,5.4,1.9,2.7,125.0,309.9,296.6,1.3,339.1,230.0,6.0,493.3,47.4,218.1,4686.5
2487,2023-07-05,207.7,2.8,44.6,118.0,6.1,115.2,,,74.9,134.4,,12.1,384.0,33.8,240.2,48.7,36.7,212.0,66.2,232.8,520.3,2.7,5.3,1.8,2.8,117.9,230.4,301.4,1.5,342.8,212.3,5.1,490.9,48.3,220.1,4546.6
2488,2023-07-06,201.3,2.6,41.8,132.1,6.2,106.4,,,73.5,123.5,,12.1,367.8,33.1,224.7,49.6,36.0,203.1,68.8,229.4,508.2,2.4,5.0,1.5,2.6,117.2,213.1,274.8,1.4,345.1,217.4,5.7,458.0,42.4,207.3,4387.2
2489,2023-07-07,207.7,2.6,42.8,128.5,6.4,100.0,,,73.3,125.0,,12.2,363.3,35.0,233.4,50.3,35.3,203.7,71.3,219.1,503.9,2.6,5.2,1.6,2.8,120.2,239.1,260.1,1.3,358.4,218.0,5.5,464.3,43.9,194.3,4403.799999999999
2490,2023-07-08,209.4,2.4,43.7,133.6,5.2,99.9,,,73.7,111.3,,12.3,350.5,33.5,196.1,48.1,35.9,203.1,70.8,224.6,495.1,2.5,5.2,1.8,2.9,119.2,190.0,240.5,1.2,360.6,216.9,5.5,433.6,42.8,189.8,4235.7
2491,2023-07-09,217.1,2.5,42.6,139.6,3.9,102.4,,,71.1,101.4,,11.6,321.0,30.3,148.6,43.9,36.5,188.3,67.3,217.9,485.7,2.3,5.0,1.8,2.9,122.8,150.4,234.5,1.0,331.6,215.9,5.4,422.0,36.1,199.5,4034.1
2492,2019-03-25,197.7,2.0,24.8,79.5,3.1,94.2,7.3,18.3,67.1,61.7,11.6,12.4,351.5,26.9,117.7,45.8,24.7,252.5,84.7,199.3,471.3,2.1,5.7,1.7,2.7,87.1,118.3,209.5,1.3,345.9,223.9,,291.7,35.2,152.1,3639.8
2493,2019-03-26,197.6,2.2,23.2,62.1,3.1,96.0,7.4,18.2,64.7,64.3,12.4,12.4,355.6,26.2,123.4,45.1,23.1,273.3,86.3,200.8,484.0,2.3,5.5,1.9,2.7,98.4,123.5,216.3,1.5,341.9,229.2,,279.4,35.2,145.2,3672.8
2494,2019-03-27,198.1,2.0,22.7,72.8,3.2,98.1,7.5,18.4,67.6,65.9,11.7,12.4,357.6,26.7,124.6,46.1,23.9,256.3,86.4,203.1,489.6,2.4,5.6,1.9,2.1,98.7,126.9,215.4,1.5,350.1,226.8,,297.6,35.8,145.8,3713.7
2495,2019-03-28,198.8,2.1,24.6,78.7,3.2,97.2,7.5,18.5,68.9,67.4,11.0,12.4,364.6,25.5,126.3,44.4,23.8,254.3,86.7,204.8,487.7,2.5,5.7,1.9,2.2,90.5,129.8,214.8,1.4,346.0,225.6,,308.6,24.0,160.1,3730.0
2496,2019-03-29,199.6,2.3,25.8,81.5,3.4,97.6,7.2,18.3,69.3,71.8,12.7,12.4,366.5,25.6,129.4,36.0,23.8,255.8,86.5,205.8,483.3,2.4,6.0,1.6,2.1,90.8,131.5,222.9,1.3,351.1,227.8,,317.9,36.9,172.7,3788.0
2497,2019-03-30,200.4,2.3,25.6,84.1,3.4,102.9,7.2,18.3,69.0,73.9,12.3,12.4,366.4,25.1,127.6,41.9,23.8,253.5,85.9,208.4,484.0,2.5,5.6,1.6,2.3,91.3,130.8,220.4,1.3,349.3,229.1,,320.0,36.8,164.2,3792.0
2498,2019-03-31,196.7,1.8,15.2,85.1,3.0,97.8,6.7,17.7,68.2,69.1,11.7,12.4,350.5,23.1,113.9,41.6,24.0,232.7,79.3,202.5,462.0,2.0,5.4,1.4,1.8,83.1,121.4,217.5,0.8,327.0,219.1,,292.2,34.1,158.4,3586.9999999999995
2499,2020-01-20,177.3,2.4,21.5,78.2,4.5,78.7,7.0,18.3,64.6,77.7,7.8,9.9,324.8,32.2,126.4,51.0,25.3,233.6,73.3,235.9,445.9,2.8,6.5,1.9,2.3,69.0,105.1,234.2,1.8,283.0,211.8,,281.2,40.0,112.2,3454.9999999999995
2500,2020-01-21,180.6,2.1,22.9,79.0,4.3,79.8,7.3,18.6,64.7,75.9,7.3,10.1,327.1,32.8,129.6,51.3,26.2,233.8,75.7,243.1,457.6,2.4,6.5,1.6,2.1,68.4,106.5,240.4,1.9,294.0,216.6,,283.7,41.0,122.3,3524.1
2501,2020-01-22,182.4,2.1,24.1,81.6,4.2,77.1,7.5,18.8,63.9,76.6,5.2,10.3,329.1,31.3,130.3,49.8,25.9,234.8,74.9,242.1,460.2,2.3,6.6,1.6,2.1,70.3,111.2,238.7,1.9,297.4,216.3,,283.2,39.6,118.8,3529.2000000000003
2502,2020-01-23,184.3,2.3,22.8,79.4,4.2,80.8,7.4,18.5,65.2,75.0,5.7,10.4,337.6,31.6,129.6,50.6,25.6,233.2,76.0,242.8,464.3,2.7,6.5,1.9,2.5,71.0,111.0,238.6,2.1,302.3,218.9,,270.6,39.3,118.3,3540.1000000000004
2503,2020-01-24,182.8,2.3,23.1,79.7,4.2,82.2,7.5,19.0,64.4,76.0,6.9,10.1,341.5,32.1,131.6,50.3,26.0,233.6,76.3,250.7,466.0,2.7,6.6,1.9,2.5,69.5,112.9,237.6,2.7,300.3,217.2,,283.9,39.9,121.4,3572.9000000000005
2504,2020-01-25,183.0,2.1,23.2,78.7,4.1,83.7,7.4,18.7,64.7,71.4,5.2,10.0,339.1,30.1,130.9,50.9,26.4,228.6,74.0,255.7,464.7,2.7,6.7,2.0,2.3,70.4,114.3,245.5,2.8,299.5,213.6,,284.6,39.9,119.1,3563.2999999999997
2505,2020-01-26,178.7,2.3,22.2,82.8,4.1,80.0,4.8,14.9,64.3,60.3,5.4,8.7,312.7,26.6,116.7,49.9,26.6,214.7,65.3,254.5,424.1,2.8,6.5,1.9,2.3,70.1,99.3,231.0,2.1,270.3,208.0,,282.3,33.5,107.5,3343.5
2506,2019-08-05,169.3,2.2,34.0,107.8,6.5,81.1,7.6,18.6,65.5,126.4,5.1,10.0,322.7,29.9,205.8,41.9,23.4,191.5,72.8,157.7,386.3,2.6,5.8,2.0,2.2,81.0,284.4,220.9,1.2,347.2,152.5,,403.0,45.1,177.9,3801.4
2507,2019-08-06,179.4,2.1,30.9,101.6,6.0,77.9,7.5,18.6,64.0,122.3,5.5,10.0,321.8,29.9,210.4,41.0,22.6,183.5,72.7,154.9,382.6,2.3,5.6,1.7,2.0,79.7,271.4,218.1,1.0,336.3,150.4,,364.9,44.2,161.8,3694.1
2508,2019-08-07,175.1,2.2,26.8,83.7,5.6,79.0,6.7,17.3,65.3,119.6,6.7,10.5,305.1,25.0,199.5,43.0,21.5,172.9,65.4,157.1,367.1,2.4,5.9,1.4,2.1,80.6,270.0,201.3,0.8,317.2,147.3,,377.9,42.2,144.9,3557.8
2509,2019-08-08,182.5,2.5,27.6,78.9,6.5,82.5,7.2,18.2,65.3,130.2,6.1,11.6,331.7,28.1,214.9,44.1,23.5,188.5,69.2,160.3,392.3,2.3,5.6,1.7,2.3,84.0,291.7,218.1,1.0,336.8,155.9,,368.4,43.9,164.1,3756.4
2510,2019-08-09,188.4,2.3,28.7,69.9,6.0,83.4,7.6,18.6,65.5,113.4,5.6,11.6,340.4,28.2,207.9,40.8,23.2,195.2,68.6,165.3,402.8,2.5,6.0,1.8,2.3,85.1,268.9,225.8,1.3,338.4,164.2,,325.6,41.9,170.8,3716.3
2511,2019-08-10,185.9,2.2,27.1,76.5,5.9,87.3,7.6,18.7,65.0,127.8,9.1,11.6,344.5,29.8,210.1,42.0,22.8,188.8,66.1,174.2,403.7,2.6,6.4,1.7,2.2,89.5,262.6,239.7,1.1,327.8,166.6,,318.3,43.9,168.6,3745.9
2512,2019-08-11,187.1,2.3,27.2,59.2,5.5,91.8,7.6,18.7,64.7,135.5,7.2,11.6,354.4,29.0,214.6,42.4,22.6,190.0,67.2,180.9,403.8,2.4,5.3,1.7,2.2,88.3,244.6,242.6,1.2,327.2,163.8,,313.4,40.3,164.9,3729.3
2513,2019-10-07,158.5,2.3,25.1,94.4,4.1,82.8,7.0,16.7,56.1,82.5,6.1,12.0,299.3,26.7,147.8,38.8,23.2,136.3,66.3,172.0,408.9,2.5,5.1,1.7,2.3,79.7,148.4,182.5,0.5,268.8,176.0,,322.2,36.3,128.2,3227.8999999999996
2514,2019-10-08,154.8,2.0,22.0,86.3,3.5,79.6,4.6,14.6,51.2,73.1,6.6,11.2,281.6,22.4,135.6,35.2,20.5,137.1,68.7,167.8,371.3,2.3,5.1,1.7,2.1,77.2,133.1,184.7,0.3,288.2,164.0,,311.2,32.2,120.5,3080.0999999999995
2515,2019-10-09,158.4,2.0,23.5,81.3,4.0,83.7,6.4,16.6,53.1,82.8,6.0,11.2,307.2,25.9,148.9,39.9,20.9,145.7,72.1,173.2,401.5,2.4,5.2,1.6,2.1,76.7,148.4,193.7,0.4,312.9,166.7,,325.9,35.4,118.3,3262.2000000000003
2516,2019-10-10,159.6,2.2,26.1,91.3,4.1,87.5,7.6,17.7,59.9,83.2,6.3,11.2,327.4,27.2,155.6,39.9,23.2,153.5,71.7,178.6,418.3,2.5,5.6,1.8,2.2,78.3,154.6,197.7,0.6,318.7,168.6,,332.7,35.4,128.2,3387.2
2517,2019-10-11,159.1,2.6,29.1,93.0,4.1,88.3,7.8,17.7,61.9,84.9,6.3,12.7,329.8,27.8,158.2,40.6,23.8,156.5,70.2,180.5,414.9,2.3,5.6,1.8,2.2,90.7,155.3,201.4,0.6,323.6,165.9,,329.4,34.9,140.5,3432.4000000000005
2518,2019-10-12,160.6,2.4,27.6,93.6,4.0,86.9,7.7,17.7,62.2,82.5,5.9,12.8,333.3,27.6,157.5,40.0,22.2,155.1,68.6,178.8,420.2,2.2,5.7,1.7,1.9,86.2,152.6,202.7,0.7,320.9,160.2,,323.1,35.8,141.4,3410.6000000000004
2519,2019-10-13,162.2,2.2,28.0,92.0,3.2,87.7,7.1,17.6,59.2,80.2,7.0,12.8,320.9,25.6,146.0,38.6,24.3,147.2,62.8,178.2,413.6,2.6,5.7,1.7,2.1,87.6,140.8,202.3,0.5,284.9,163.9,,316.4,33.4,139.1,3305.0
2520,2020-01-27,182.9,2.2,22.7,79.9,4.6,82.3,6.2,17.2,64.8,69.0,5.3,9.8,332.4,28.4,123.5,51.2,26.3,228.3,72.1,255.7,454.7,2.9,6.7,1.5,2.3,70.1,107.5,238.4,2.1,296.7,215.0,,281.2,38.9,113.9,3503.7000000000003
2521,2020-01-28,187.8,2.2,23.4,80.6,4.4,80.8,7.4,18.9,66.3,72.1,4.6,10.2,338.0,28.6,116.3,52.2,26.3,233.3,74.2,258.5,467.0,2.9,6.6,1.7,2.4,71.0,102.9,240.6,2.2,307.0,218.5,,270.4,38.7,119.5,3544.899999999999
2522,2020-01-29,191.0,2.1,23.2,76.8,4.3,80.8,7.4,18.8,64.1,71.8,5.7,10.2,330.5,29.2,123.1,48.4,24.2,235.8,75.0,259.6,461.9,2.6,6.6,1.7,2.2,71.5,104.2,240.9,2.2,302.4,219.7,,271.8,38.5,114.1,3530.2000000000003
2523,2020-01-30,191.8,2.1,24.1,80.6,4.1,83.2,7.3,18.7,66.3,71.1,5.5,10.0,327.8,30.8,124.0,49.9,26.1,239.4,74.1,258.0,454.7,2.6,6.5,1.6,2.1,71.2,106.9,240.9,2.0,308.0,219.4,,271.2,39.3,120.5,3549.2
2524,2020-01-31,190.0,2.5,22.0,78.9,4.4,81.9,7.3,18.4,65.5,73.0,5.4,9.2,330.4,31.8,125.6,51.3,25.6,240.7,75.0,262.8,448.3,2.6,6.4,1.8,2.1,70.1,111.2,243.6,2.0,314.3,224.4,,282.1,39.6,118.9,3576.4999999999995
2525,2020-02-01,188.6,2.2,23.0,76.8,4.0,80.8,7.0,17.8,63.3,68.0,5.8,10.6,324.0,30.8,124.7,51.1,24.1,233.8,73.7,264.8,443.4,2.6,6.6,1.7,2.1,70.1,111.6,243.7,2.1,306.3,210.8,,276.9,39.2,119.8,3519.4
2526,2020-02-02,182.7,2.2,21.6,78.0,3.7,81.6,6.5,17.8,64.5,67.3,5.5,9.1,316.4,27.7,116.3,49.5,24.7,217.7,67.0,265.1,435.6,2.6,6.7,1.7,2.2,75.1,106.1,242.5,1.9,282.7,204.6,,276.8,36.3,111.4,3417.8000000000006
2527,2022-05-16,192.7,2.4,24.5,125.0,6.9,100.3,7.2,19.4,74.8,130.8,20.8,14.9,429.4,31.6,204.3,46.7,32.2,202.2,71.1,271.6,597.2,2.5,5.2,1.8,2.4,127.4,230.8,298.6,1.2,301.9,181.8,,509.0,45.1,173.1,4495.1
2528,2022-05-17,195.3,2.4,24.4,117.2,6.8,106.2,7.3,20.0,77.7,132.8,20.8,14.5,430.3,32.9,203.8,49.7,32.0,188.7,72.2,276.9,604.6,2.5,5.8,1.8,2.4,120.9,221.8,304.3,1.6,319.6,189.4,,489.2,41.9,177.4,4504.2
2529,2022-05-18,196.4,2.3,24.9,125.3,6.5,102.2,7.4,20.0,76.7,136.0,19.2,14.5,425.6,32.6,202.7,52.4,31.2,175.8,70.2,278.5,600.0,2.4,5.6,1.6,2.4,123.3,216.2,295.0,1.3,321.9,183.8,,495.8,42.2,172.3,4473.200000000001
2530,2022-05-19,192.2,2.3,23.4,107.3,6.6,100.9,7.4,20.4,75.5,138.1,18.5,14.1,434.5,33.3,208.4,52.2,30.5,166.5,67.6,280.2,582.6,2.4,5.0,1.8,2.4,125.6,226.0,308.3,0.9,321.5,180.6,,497.4,45.8,179.9,4468.799999999999
2531,2022-05-20,190.4,2.3,25.8,101.5,7.0,107.1,7.6,19.1,76.9,133.7,19.1,12.4,429.8,32.2,208.1,48.0,32.4,152.8,69.8,279.9,543.9,2.4,5.4,1.5,2.3,135.8,235.6,311.1,1.3,330.1,178.8,,506.1,48.7,181.5,4449.7
2532,2022-05-21,193.3,2.3,25.7,104.8,6.4,104.5,7.5,20.1,74.6,129.1,19.7,12.3,417.8,34.2,184.1,50.4,28.3,154.4,71.0,261.0,537.6,2.4,5.8,1.6,2.4,137.1,223.2,299.1,1.4,330.4,164.9,,449.1,48.1,159.2,4273.1
2533,2022-05-22,190.3,2.4,28.5,93.0,5.6,95.5,7.4,20.0,72.4,115.1,19.3,10.8,397.2,30.9,172.6,52.7,27.6,150.1,65.5,244.4,521.9,2.4,6.0,1.7,2.3,122.1,215.9,293.3,1.1,304.2,156.4,,422.1,45.2,144.2,4048.6999999999994
2534,2020-04-05,162.0,1.5,19.1,74.6,2.2,70.5,1.4,1.8,29.2,44.3,0.6,6.8,231.4,11.9,74.2,40.7,22.7,214.5,65.5,164.4,376.6,2.3,3.5,1.5,2.1,69.1,73.9,146.2,1.0,245.5,188.2,,236.8,18.4,140.1,2748.9000000000005
2535,2020-04-06,164.1,1.5,20.4,73.4,2.2,73.8,1.6,1.9,27.8,45.8,0.7,7.4,240.2,12.4,75.8,40.6,22.7,199.8,64.7,166.2,377.2,2.4,3.6,1.5,2.1,71.4,75.8,149.5,1.3,247.0,179.5,,241.4,18.5,134.7,2753.4
2536,2020-04-07,160.3,1.5,20.3,76.5,2.3,74.2,1.6,1.9,28.8,47.6,0.6,7.3,242.8,12.6,73.2,43.4,22.9,182.0,62.8,169.0,381.2,2.3,3.5,1.5,2.0,69.4,69.6,148.6,1.4,235.1,164.2,,249.0,19.1,139.9,2723.0
2537,2020-04-08,155.6,2.1,20.1,79.1,2.3,72.4,1.7,2.0,28.2,46.1,0.7,7.2,241.1,13.3,70.3,42.9,20.5,187.8,63.8,168.2,378.2,2.2,3.6,1.6,2.1,63.8,72.4,150.1,1.2,237.5,165.4,,248.0,19.5,136.4,2712.1
2538,2020-04-09,130.6,2.0,18.2,82.8,2.3,77.2,1.8,2.0,29.1,47.5,0.6,7.2,243.8,13.1,73.8,41.2,21.0,186.6,64.2,171.8,383.2,2.8,3.3,1.6,2.2,63.0,74.0,150.6,1.0,224.4,167.8,,252.4,19.7,124.2,2691.6
2539,2020-04-10,139.7,1.4,12.2,83.2,2.3,75.1,1.9,2.1,29.2,48.4,0.7,6.6,246.0,13.2,76.7,41.7,22.3,184.1,62.9,174.0,383.1,2.1,3.7,1.5,2.1,69.4,75.9,155.5,1.1,207.8,165.5,,260.3,20.3,137.3,2713.9000000000005
2540,2020-04-11,148.7,1.7,17.5,84.4,2.3,76.0,1.9,2.2,29.5,50.1,0.7,6.9,247.4,13.0,79.3,43.7,22.6,197.1,66.8,176.4,387.1,2.1,3.7,1.5,2.1,70.5,77.7,158.3,1.2,222.7,168.9,,265.9,20.1,142.5,2797.2
2541,2020-10-12,145.4,2.4,35.6,114.7,4.1,83.9,7.4,18.8,67.1,86.7,16.8,9.0,375.7,29.3,163.6,47.5,30.2,149.8,63.7,233.0,387.8,2.7,5.7,1.5,2.5,92.9,167.0,241.8,1.3,280.0,142.6,,376.4,37.3,174.0,3605.900000000001
2542,2020-10-13,134.5,2.3,36.3,116.5,4.2,83.2,7.6,18.8,68.0,91.2,18.2,9.3,374.6,30.2,170.0,47.9,29.9,147.4,64.4,239.3,421.0,2.8,5.4,1.7,2.6,89.0,163.7,242.7,1.2,292.5,118.2,,384.1,37.4,178.6,3642.8
2543,2020-10-14,145.3,2.3,36.5,117.6,4.1,83.4,7.7,18.9,66.6,93.1,17.4,9.3,373.9,30.7,171.7,48.3,30.1,141.1,64.2,240.3,409.0,2.7,5.7,1.7,2.6,89.8,165.5,242.7,1.4,300.9,97.4,,389.5,38.7,178.8,3637.1
2544,2020-10-15,150.9,2.2,36.5,117.4,3.9,81.6,7.8,18.7,62.9,88.9,16.8,8.7,379.3,29.8,166.7,45.8,30.5,147.0,65.5,241.1,384.9,2.7,5.3,1.4,2.5,90.9,172.8,249.3,1.3,311.4,118.9,,388.0,38.4,176.7,3654.7
2545,2020-10-16,157.1,2.3,37.0,119.5,3.8,83.0,7.6,18.2,65.5,84.1,19.7,8.9,379.5,30.0,163.3,48.4,30.5,155.0,65.8,245.8,397.3,2.8,5.4,1.7,2.4,90.3,162.8,242.7,1.2,321.3,131.9,,376.2,37.6,178.0,3685.1
2546,2020-10-17,158.3,2.1,36.1,117.5,3.6,82.8,7.3,18.2,66.6,76.5,18.1,9.2,375.1,29.7,162.0,47.5,31.3,156.7,66.0,251.2,406.8,2.8,5.6,1.6,2.4,95.3,152.1,246.9,1.0,308.0,134.4,,363.2,37.6,178.3,3660.1
2547,2020-10-18,158.8,2.0,34.2,113.1,3.1,85.0,7.1,18.0,65.2,69.7,18.1,8.0,343.8,26.8,147.6,49.1,29.9,148.1,62.7,249.8,395.7,2.7,5.6,1.5,2.3,97.4,144.6,238.6,1.1,265.5,127.5,,338.5,33.8,170.0,3471.6
2548,2022-08-29,191.9,2.2,39.8,126.4,6.8,103.5,,,73.6,124.8,18.6,12.1,357.8,31.4,235.5,52.2,32.3,180.3,71.9,210.7,527.9,2.7,6.3,1.7,2.7,125.7,294.3,257.6,1.6,286.9,209.3,,488.6,46.1,191.6,4351.500000000001
2549,2022-08-30,195.5,2.5,40.9,130.7,7.0,109.1,,,76.4,124.6,17.4,12.1,376.9,34.1,244.3,51.5,32.9,180.9,72.0,220.1,527.9,2.8,6.0,1.8,2.8,126.0,303.4,278.3,1.7,298.9,195.0,,495.6,48.6,201.0,4455.400000000001
2550,2022-08-31,196.1,2.4,39.1,128.4,7.2,113.0,,,71.7,127.6,17.2,10.6,372.5,33.7,247.2,53.0,32.0,159.8,71.6,229.7,488.5,2.8,6.2,1.8,2.7,127.3,307.5,279.5,1.5,274.3,206.3,,514.1,49.0,203.0,4411.1
2551,2022-09-01,199.9,2.6,38.2,121.2,7.3,113.6,,,72.6,132.8,15.9,10.1,373.2,33.7,251.0,54.1,32.3,164.3,70.9,223.5,463.3,2.7,5.9,1.8,2.9,137.1,290.6,286.2,1.4,275.8,215.3,,499.7,48.4,201.6,4383.7
2552,2022-09-02,198.6,2.6,39.6,125.6,7.2,117.1,,,73.3,133.9,17.2,11.5,387.5,34.0,251.6,52.1,31.4,172.6,71.3,221.7,489.8,2.8,6.0,1.8,2.9,143.4,305.3,287.9,1.6,282.0,226.5,,481.8,46.5,199.7,4462.5
2553,2022-09-03,206.4,2.2,38.7,122.3,6.5,112.2,,,74.0,128.5,17.7,11.8,401.1,32.8,255.3,49.9,30.3,179.9,73.5,229.8,507.0,2.7,5.9,1.8,2.7,134.8,312.4,298.5,1.4,287.2,236.1,,500.0,46.5,191.4,4537.9
2554,2022-09-04,206.4,2.2,37.2,128.5,6.1,103.7,,,72.7,124.0,17.1,10.9,384.1,29.4,237.4,46.6,32.6,162.2,70.0,219.5,470.7,2.7,5.6,1.6,2.6,131.2,320.6,293.4,1.2,271.6,220.4,,512.1,42.9,179.7,4382.7
2555,2023-06-26,202.0,3.0,42.1,129.6,5.8,87.1,,,73.0,114.1,,13.4,374.6,29.9,193.9,43.7,32.6,219.1,77.0,203.4,523.6,2.5,5.6,1.8,2.9,99.8,260.7,259.1,1.3,358.2,182.8,5.6,462.7,44.9,190.4,4320.0999999999985
2556,2023-06-27,216.9,2.9,40.5,119.9,6.0,85.0,,,74.5,119.6,,13.7,367.8,31.7,213.8,51.8,30.7,234.8,74.4,201.1,512.6,2.4,5.4,1.7,2.8,106.3,291.8,260.5,1.3,366.1,186.3,5.2,470.6,47.5,184.1,4403.500000000001
2557,2023-06-28,229.1,2.9,40.7,115.0,6.2,86.7,,,73.7,122.5,,12.4,357.0,34.6,211.1,52.8,31.1,235.8,74.1,205.7,502.6,2.5,5.4,1.8,2.8,110.5,297.9,259.1,1.3,367.5,187.6,4.8,470.4,46.0,164.9,4392.699999999999
2558,2023-06-29,235.5,2.9,40.8,104.3,6.0,93.6,,,74.5,115.6,,12.6,346.3,34.2,209.5,53.1,31.7,228.6,71.4,202.1,488.5,2.5,5.5,1.8,2.8,116.1,308.6,252.5,1.2,372.5,188.4,4.7,450.9,46.3,176.3,4356.500000000001
2559,2023-06-30,233.0,2.7,40.5,97.7,6.4,100.8,,,76.1,118.2,,13.8,333.6,36.0,221.5,52.5,33.6,218.6,76.2,201.5,487.4,2.5,5.3,1.8,2.9,98.6,311.6,249.2,1.3,374.3,199.1,4.6,396.1,45.8,190.7,4310.9
2560,2023-07-01,240.0,2.8,39.9,109.7,6.2,105.3,,,75.1,117.1,,12.4,325.3,34.9,227.3,52.4,33.8,224.9,78.5,204.5,494.1,2.6,5.1,1.9,2.7,123.5,309.4,255.1,1.2,376.9,209.8,4.6,415.4,44.1,190.3,4399.4
2561,2023-07-02,239.1,2.6,37.9,109.7,6.2,109.7,,,74.0,116.8,,11.3,323.1,30.7,223.8,53.8,34.2,211.4,71.7,208.9,495.5,2.5,4.9,1.9,2.7,137.9,306.7,260.8,1.0,337.2,205.0,5.0,428.4,41.8,190.5,4358.1
2562,2016-10-24,167.2,1.9,25.2,66.6,3.6,72.2,7.6,17.7,61.9,75.5,7.4,8.2,302.2,23.8,126.2,34.4,21.4,196.0,65.3,185.6,443.8,1.8,4.9,1.6,1.9,72.6,116.5,193.3,1.3,291.2,157.5,,283.5,35.4,137.0,3219.1999999999994
2563,2016-10-25,166.9,2.0,25.4,67.1,3.6,72.8,7.8,17.6,62.1,76.4,6.9,8.5,293.0,24.2,123.8,35.6,22.0,204.9,66.7,189.2,440.9,2.0,5.1,1.4,2.2,70.6,115.4,197.4,1.3,303.7,158.6,,273.1,34.8,137.3,3227.3000000000006
2564,2016-10-26,164.0,2.1,25.6,67.0,3.6,70.4,7.7,17.6,63.3,75.9,6.5,8.6,293.3,24.4,123.4,35.5,22.5,208.4,67.2,192.4,443.2,2.2,5.3,1.4,2.0,67.1,115.5,200.3,1.1,307.4,158.9,,272.1,34.2,137.6,3234.7
2565,2016-10-27,152.3,2.1,24.7,67.6,3.5,71.6,7.6,17.7,61.8,74.2,7.2,8.4,292.6,24.3,121.2,35.1,22.6,205.4,66.7,194.8,437.8,1.9,5.2,1.4,1.8,69.2,113.4,200.1,1.4,309.3,157.4,,276.8,34.6,138.1,3216.8
2566,2016-10-28,163.2,1.9,24.6,67.0,3.4,72.4,7.4,17.4,63.0,72.1,7.0,8.5,285.3,24.9,119.8,35.3,22.8,205.7,66.9,198.8,432.0,1.8,5.2,1.3,1.5,73.2,114.2,196.8,1.3,283.8,158.9,,294.9,35.1,137.4,3211.7000000000003
2567,2016-10-29,165.5,2.0,25.2,67.1,3.2,72.7,6.2,16.8,62.2,67.0,6.4,7.5,262.0,23.2,114.8,35.0,21.4,207.7,65.3,198.3,417.0,2.0,5.2,1.4,1.5,72.9,110.5,194.9,1.3,245.4,159.8,,302.8,33.0,136.2,3119.1000000000004
2568,2016-10-30,154.8,2.1,25.1,70.5,2.8,68.4,3.6,11.5,60.8,58.5,7.1,7.0,220.8,17.7,100.3,37.1,22.0,197.0,59.4,195.8,382.4,2.2,5.2,1.4,2.0,71.1,93.9,186.6,1.1,230.9,145.8,,299.0,27.5,127.3,2904.2000000000003
2569,2021-09-27,164.5,2.3,37.9,118.3,5.4,87.5,7.4,19.7,66.1,102.6,17.6,12.0,314.0,30.7,159.7,47.1,30.0,196.8,63.1,209.8,437.3,2.6,5.4,1.5,2.4,107.0,195.8,200.4,1.5,301.0,163.3,,388.3,42.9,163.5,3713.500000000001
2570,2021-09-28,182.1,2.3,37.1,113.5,5.8,90.9,7.7,19.9,65.8,107.5,17.3,13.0,310.5,31.9,173.7,48.1,28.5,193.4,69.1,211.6,422.4,2.6,5.2,1.5,2.4,108.0,209.5,201.2,1.5,315.7,152.9,,398.0,42.9,148.0,3749.8
2571,2021-09-29,187.6,2.3,36.1,110.7,5.7,88.4,7.7,19.7,59.8,109.7,18.6,12.5,293.5,32.0,180.8,49.0,27.0,199.7,72.2,214.8,424.3,2.6,5.6,1.5,2.4,109.0,217.5,208.0,1.6,326.8,169.9,,405.4,43.5,132.6,3787.0
2572,2021-09-30,188.7,2.4,38.5,91.9,5.4,89.2,7.5,19.7,55.4,110.6,18.6,12.6,297.1,31.3,187.4,49.0,24.0,208.7,74.2,219.9,437.2,2.6,5.7,1.5,2.5,110.1,218.7,211.0,1.4,328.8,190.6,,407.6,42.6,146.2,3847.499999999999
2573,2021-10-01,189.6,2.3,39.4,86.2,5.5,90.7,7.6,19.1,49.5,111.5,17.8,12.8,312.0,31.7,188.2,46.9,24.5,201.4,74.4,221.1,435.5,2.7,5.6,1.5,2.6,105.3,199.6,215.3,1.6,306.3,201.5,,392.7,41.9,162.5,3815.6
2574,2021-10-02,188.3,2.3,37.0,79.1,4.8,90.0,6.7,18.4,61.6,97.9,17.6,11.9,317.6,29.0,172.0,41.3,25.6,170.4,68.7,219.3,415.0,2.7,5.6,1.4,2.6,109.9,192.1,209.1,1.1,279.1,195.0,,366.1,36.3,162.1,3645.1
2575,2021-10-03,191.1,2.1,32.5,78.6,4.7,93.1,6.9,18.6,61.2,101.6,18.4,12.0,312.2,27.7,169.7,39.5,27.6,165.8,65.3,218.1,424.3,2.6,5.3,1.3,2.4,110.1,198.1,217.2,1.2,261.4,193.8,,367.7,36.4,155.5,3631.1999999999994
2576,2019-11-04,164.0,2.1,24.3,79.4,3.5,75.7,6.7,17.7,60.7,66.3,6.0,12.1,284.8,26.4,115.6,43.6,23.6,159.9,66.9,189.7,388.4,2.5,5.8,1.6,2.3,78.9,106.4,212.7,1.0,264.6,156.4,,274.4,32.6,125.0,3088.5
2577,2019-11-05,167.9,2.0,25.4,75.1,3.5,75.0,7.2,17.6,61.1,66.4,6.7,12.7,289.3,27.2,118.0,43.3,24.0,165.2,69.4,196.9,395.1,2.6,5.8,1.6,2.3,75.9,106.4,215.9,1.2,283.1,159.5,,270.5,34.4,128.1,3143.4
2578,2019-11-06,173.5,2.2,24.5,74.0,3.5,75.9,7.4,18.0,61.4,67.6,6.3,12.7,293.8,27.9,119.6,40.1,24.0,171.6,71.0,203.4,400.2,2.5,6.0,1.7,2.1,74.4,106.7,218.6,1.3,295.3,162.4,,272.9,34.2,125.3,3189.0000000000005
2579,2019-11-07,173.5,2.0,24.9,74.4,3.5,74.8,7.2,18.1,60.7,65.5,7.0,12.7,285.2,26.5,112.8,17.8,23.7,171.4,70.7,199.3,397.7,2.5,5.7,1.7,2.0,71.2,95.3,207.9,1.1,295.0,159.2,,265.5,34.8,118.6,3097.1
2580,2019-11-08,171.0,2.1,24.8,74.6,3.4,73.8,7.4,17.9,62.1,64.9,7.5,12.6,285.4,27.2,114.7,18.9,23.9,168.5,71.5,196.2,387.1,2.4,6.0,2.0,2.2,66.3,99.0,210.7,1.3,289.9,161.8,,265.7,34.0,117.2,3081.5999999999995
2581,2019-11-09,164.9,2.0,24.2,75.7,3.3,70.9,7.3,17.9,62.3,61.4,5.7,12.2,292.8,27.4,114.3,24.5,23.4,166.9,69.6,202.3,389.0,2.3,6.4,2.1,2.2,60.4,101.7,215.6,1.3,281.2,157.3,,270.7,34.5,99.6,3060.9
2582,2019-11-10,165.1,2.0,22.5,75.8,3.0,72.5,6.6,17.5,62.7,59.6,5.2,12.2,287.8,25.9,102.6,31.3,23.4,155.8,62.4,204.4,378.3,2.3,6.3,1.6,2.0,72.0,94.2,211.3,1.0,262.4,155.8,,260.4,31.5,91.1,2975.5
2583,2019-03-11,196.6,2.2,24.3,75.2,3.2,96.9,7.2,18.1,66.9,61.2,6.0,11.6,333.7,28.1,118.8,45.8,23.9,244.2,79.9,218.8,449.1,2.5,6.3,1.6,2.2,88.4,106.3,222.7,1.5,340.7,223.7,,276.5,34.7,137.9,3564.7999999999997
2584,2019-03-12,199.2,2.3,24.2,75.2,3.2,95.5,7.5,18.6,68.2,61.4,6.3,11.6,334.4,28.1,122.5,45.5,24.7,248.9,80.8,222.0,463.7,2.4,6.3,1.7,1.9,88.8,110.6,230.4,1.4,343.0,220.4,,280.6,35.7,148.7,3623.999999999999
2585,2019-03-13,198.1,2.4,24.1,77.2,3.3,96.3,7.5,18.6,67.6,62.2,7.0,11.6,330.9,29.9,125.2,47.3,24.1,247.0,80.7,219.1,459.1,2.2,6.2,1.6,2.1,86.2,111.8,225.0,1.3,340.0,220.9,,283.1,36.9,153.4,3618.1
2586,2019-03-14,197.4,2.3,24.6,76.4,3.3,94.5,7.5,18.7,66.4,61.4,6.4,11.6,332.3,29.2,115.7,46.9,22.1,247.8,81.2,212.2,452.8,2.4,6.1,1.7,2.1,86.0,107.5,219.4,1.3,341.4,228.0,,271.5,35.5,156.5,3578.3
2587,2019-03-15,197.4,2.1,24.7,78.0,3.2,97.5,7.4,18.2,63.4,64.2,5.7,11.6,334.5,29.1,118.4,45.8,20.0,249.9,80.9,210.7,448.9,2.3,6.2,1.6,2.1,85.5,111.0,218.2,1.1,340.8,229.3,,278.8,35.7,143.7,3576.6000000000004
2588,2019-03-16,196.6,2.1,24.0,79.4,3.1,94.2,7.3,18.1,64.6,59.4,11.3,10.7,334.3,28.0,122.6,47.1,20.8,242.1,79.8,212.6,451.2,2.3,6.1,1.5,2.0,84.3,116.5,220.9,1.2,339.5,229.4,,289.1,36.0,142.6,3588.7999999999997
2589,2019-03-17,192.0,2.1,23.4,78.2,2.8,91.9,7.2,18.2,64.5,57.5,11.1,10.7,327.0,25.2,114.9,43.2,20.1,230.0,73.9,199.5,439.0,2.6,6.1,1.9,2.2,81.3,116.9,215.3,1.1,313.3,224.4,,288.7,33.7,133.5,3460.8999999999996
2590,2020-05-03,163.9,1.3,21.4,81.8,2.9,77.3,3.3,6.0,37.0,64.8,3.5,9.4,289.9,16.1,89.5,37.8,23.7,184.0,69.1,191.0,414.1,2.3,4.0,1.5,2.1,78.2,88.2,187.7,1.0,250.0,141.8,,282.8,21.2,103.2,2957.6
2591,2020-05-04,167.5,1.4,24.6,84.7,3.0,72.1,3.5,6.7,40.4,61.2,4.1,10.5,294.1,17.6,91.0,38.7,23.5,195.8,74.0,178.5,416.5,2.5,4.3,1.5,2.1,76.2,91.2,171.6,1.3,263.3,144.6,,280.0,22.3,120.1,2996.8
2592,2020-05-05,170.6,1.3,22.8,70.8,3.2,70.8,3.8,7.3,42.1,65.8,4.1,10.6,294.8,18.4,108.2,40.7,22.6,204.2,72.4,174.6,421.3,2.4,4.3,1.3,2.0,80.6,100.5,185.3,1.4,271.8,146.9,,260.8,25.3,127.0,3046.6000000000004
2593,2020-05-06,171.9,1.8,21.9,74.7,3.3,70.8,3.9,7.5,38.7,68.5,3.5,10.4,300.2,19.9,106.9,39.2,18.1,204.0,68.1,181.1,431.5,2.3,4.4,1.6,2.1,69.7,105.4,178.8,1.3,279.6,146.1,,269.3,25.3,107.4,3046.1000000000004
2594,2020-05-07,171.7,1.9,21.8,71.3,3.2,65.6,3.9,7.6,43.1,65.7,1.3,10.6,303.6,17.4,109.1,41.9,21.5,205.2,69.8,186.8,427.2,2.2,4.6,1.7,2.0,72.6,112.9,192.5,1.2,281.7,141.8,,257.6,22.7,116.0,3066.9999999999995
2595,2020-05-08,174.8,1.7,23.0,76.1,3.3,68.2,3.9,7.9,44.6,71.8,1.1,10.6,304.0,19.2,120.2,44.1,22.9,199.3,71.3,197.2,428.6,2.2,4.8,1.5,2.1,73.6,121.1,208.7,1.3,288.1,145.4,,300.3,26.5,112.9,3189.7000000000003
2596,2020-05-09,177.3,1.8,25.0,85.7,3.4,67.9,4.0,7.8,46.4,75.0,1.9,10.4,302.8,19.6,126.3,42.9,22.8,205.6,72.7,197.3,432.1,2.3,4.9,1.7,2.2,74.7,129.2,214.8,1.4,292.4,147.8,,316.6,28.0,130.7,3282.7
2597,2020-08-17,150.8,1.8,32.4,111.4,6.1,81.0,5.8,15.2,64.1,108.5,17.9,8.3,252.3,30.8,198.1,41.8,27.8,149.5,64.5,191.7,341.4,2.5,5.5,1.5,2.3,88.0,274.4,227.1,1.0,290.8,122.6,,422.5,41.0,163.1,3551.4
2598,2020-08-18,160.7,1.7,33.6,116.1,6.3,81.9,6.0,15.4,64.7,108.0,17.4,8.7,257.9,29.8,195.7,41.5,28.5,147.6,65.4,186.8,350.6,3.0,5.5,1.6,2.3,93.1,269.6,234.4,1.0,305.6,140.4,,425.1,41.6,166.0,3620.499999999999
2599,2020-08-19,164.2,1.9,34.7,117.2,5.4,83.6,6.1,15.1,64.5,95.5,17.5,8.9,251.3,30.1,164.7,42.5,28.7,154.2,65.8,183.7,348.1,2.8,5.4,1.7,2.4,89.7,238.6,216.7,0.7,310.3,152.2,,369.5,38.1,155.4,3475.1
2600,2020-08-20,163.3,1.6,33.5,93.2,5.0,83.1,6.2,15.8,60.4,87.9,17.2,8.7,263.2,29.3,141.1,39.6,21.6,158.4,66.4,183.5,351.4,2.8,5.4,1.6,2.3,85.2,193.5,208.1,0.8,310.8,144.4,,368.1,36.9,135.8,3334.1000000000004
2601,2020-08-21,162.8,1.8,34.2,93.8,4.6,75.9,6.2,15.8,61.4,90.0,16.9,8.4,266.0,29.3,149.7,38.8,24.3,160.2,67.1,173.6,348.2,2.6,5.5,1.6,2.3,82.0,183.5,208.6,0.9,319.2,148.0,,351.9,38.0,136.5,3317.7999999999997
2602,2020-08-22,162.9,1.8,34.2,102.2,4.4,78.6,5.6,15.2,63.5,91.6,17.4,7.3,261.0,29.3,160.1,40.6,26.0,151.6,67.4,157.4,332.5,2.7,5.7,1.6,2.3,83.5,191.1,215.5,0.9,311.1,157.6,,359.2,39.5,150.2,3339.2
2603,2020-08-23,160.2,1.9,32.6,109.1,4.1,79.5,5.6,14.5,62.5,91.4,17.7,7.1,241.4,25.6,157.8,43.5,26.9,149.9,62.2,161.8,341.2,2.7,5.6,1.6,2.2,81.7,208.5,207.3,0.8,274.6,176.2,,352.0,36.4,147.9,3301.7
2604,2024-08-12,224.3,2.8,43.2,143.4,6.3,116.7,,,69.4,118.8,,13.5,391.5,33.4,211.1,49.9,41.8,230.5,82.3,229.1,518.0,2.8,5.9,1.7,3.1,116.3,262.5,245.0,1.0,332.1,281.2,,488.1,48.1,215.0,4603.000000000001
2605,2024-08-13,226.2,3.0,45.0,148.7,7.0,121.4,,,69.2,121.9,,14.3,394.4,35.2,225.6,52.6,42.8,234.8,82.9,237.5,539.6,2.9,5.8,1.8,3.1,117.0,293.8,246.7,1.0,349.3,290.6,,509.0,50.1,221.5,4770.500000000001
2606,2024-08-14,228.9,3.0,51.1,145.7,6.9,120.3,,,69.9,128.1,,14.7,399.1,36.4,240.3,53.2,41.2,234.7,81.0,245.4,552.7,2.9,5.9,1.9,3.2,115.4,311.4,248.7,1.2,354.9,294.4,,526.4,50.8,221.9,4867.4
2607,2024-08-15,230.9,2.9,41.0,149.1,5.7,114.2,,,70.2,113.0,,13.0,386.9,29.3,210.0,45.9,41.2,211.1,78.5,229.5,498.5,2.8,5.5,1.8,3.2,118.5,292.5,230.8,0.7,313.4,287.5,,553.9,43.9,209.6,4600.799999999999
2608,2024-08-16,235.4,3.2,44.6,153.8,6.7,111.7,,,72.6,129.7,,14.4,409.8,34.1,222.7,50.7,42.1,229.8,83.2,238.5,532.3,2.9,5.5,1.8,3.2,112.9,307.7,223.5,1.1,345.8,288.5,,556.0,49.1,217.8,4800.6
2609,2024-08-17,227.9,3.0,48.8,162.2,6.6,114.2,,,72.2,132.6,,14.8,419.4,35.1,232.4,48.6,44.1,212.7,82.4,249.0,546.8,2.4,5.5,1.8,3.1,115.6,289.7,236.5,1.2,348.5,270.8,,579.1,53.0,222.5,4856.5
2610,2024-08-18,228.2,2.9,43.1,141.3,6.0,113.1,,,69.4,130.4,,13.6,408.6,32.6,227.2,48.3,42.0,193.8,75.5,250.0,529.9,2.4,5.4,1.8,2.9,124.0,302.5,250.1,0.9,329.2,273.7,,521.2,49.9,197.3,4691.7
2611,2020-05-10,175.6,1.8,26.5,87.5,3.0,69.2,3.7,7.5,43.7,69.4,3.6,9.5,299.7,16.5,101.3,36.1,20.5,192.6,68.6,180.1,407.7,2.3,4.7,1.7,2.2,74.9,110.1,205.2,1.1,289.3,139.9,,251.6,21.4,131.3,3066.9
2612,2020-05-11,180.6,1.9,27.1,68.2,3.2,72.9,4.0,7.8,44.5,67.7,12.8,10.6,305.2,20.1,110.5,40.4,20.3,199.4,72.5,173.9,392.5,2.4,4.7,1.7,2.3,76.9,116.2,204.7,1.3,303.8,142.8,,217.0,23.5,120.0,3061.1
2613,2020-05-12,178.7,1.9,27.5,91.4,3.3,75.4,4.2,8.0,48.0,71.8,12.5,10.1,305.5,21.0,115.6,42.3,22.6,208.4,72.2,192.6,425.7,2.5,4.9,1.6,2.1,80.4,114.1,203.2,1.3,296.7,147.5,,278.0,26.8,138.7,3243.5
2614,2020-05-13,180.5,2.0,21.6,97.8,3.4,75.0,4.3,7.9,48.7,73.1,13.2,9.9,301.9,21.4,121.8,43.2,23.6,214.7,72.7,196.0,421.3,2.5,4.7,1.5,2.1,80.4,123.5,203.5,1.4,296.1,150.8,,312.5,28.6,140.3,3309.1
2615,2020-05-14,174.5,2.2,21.5,97.1,3.3,78.7,4.0,7.8,48.7,72.2,13.4,9.8,303.4,20.7,113.6,38.3,22.3,214.5,73.2,202.0,411.2,2.4,4.7,1.7,2.2,81.9,115.0,215.1,1.3,302.7,154.9,,322.0,28.9,143.5,3316.0
2616,2020-05-15,181.9,2.0,22.2,100.6,3.4,79.4,4.2,7.5,49.7,72.0,13.9,10.0,306.3,21.9,120.4,43.2,23.2,209.5,71.9,202.9,405.5,2.3,5.1,1.6,2.1,81.2,121.2,219.7,1.2,303.5,156.8,,339.7,30.1,145.2,3368.8999999999996
2617,2020-05-16,185.5,1.9,22.1,101.9,3.5,76.5,4.3,7.6,53.0,73.3,16.2,8.9,306.5,22.4,128.5,43.8,25.9,204.1,71.2,205.5,405.1,2.2,5.1,1.5,2.4,81.3,129.8,225.2,0.9,296.5,152.8,,350.6,30.5,151.7,3405.6
2618,2016-10-17,163.2,2.0,27.6,71.2,3.8,71.8,7.0,17.5,59.7,78.9,6.7,9.0,292.1,23.3,133.7,33.9,22.9,200.5,65.6,161.7,412.0,1.9,4.8,1.3,1.9,71.9,125.3,189.8,1.2,300.8,154.0,,280.6,35.8,134.3,3174.5000000000005
2619,2016-10-18,164.1,2.2,27.5,69.9,3.8,73.3,7.3,17.7,63.2,78.1,6.5,9.2,295.2,24.3,135.3,34.6,23.7,206.4,67.1,165.5,421.5,2.0,4.5,1.2,1.9,73.3,126.0,196.9,1.2,306.5,156.1,,276.8,36.4,143.4,3229.7000000000003
2620,2016-10-19,164.6,2.2,26.9,68.9,3.8,72.3,7.3,17.8,62.9,77.3,6.6,9.7,294.6,25.0,133.4,34.5,22.9,203.9,67.7,168.4,428.6,2.1,4.8,1.4,2.0,72.1,122.6,193.7,1.5,314.0,159.0,,287.5,35.5,147.0,3249.5
2621,2016-10-20,163.9,1.9,27.1,69.1,3.8,58.9,7.2,17.6,63.5,78.4,6.5,9.8,301.2,23.4,132.0,34.4,23.2,200.0,67.3,171.0,428.3,2.2,4.9,1.3,1.8,72.9,117.0,195.3,1.2,304.1,158.9,,273.3,35.3,146.9,3210.6000000000004
2622,2016-10-21,162.5,2.0,27.0,67.1,3.8,72.3,7.5,17.8,62.1,78.4,6.5,9.1,303.4,24.8,132.4,36.0,21.1,202.0,66.1,174.7,426.9,2.1,4.7,1.3,1.8,71.8,119.8,198.7,1.3,302.8,159.4,,279.3,35.5,144.3,3233.2
2623,2016-10-22,155.4,1.8,26.4,69.1,3.6,71.9,7.8,17.9,60.2,75.0,6.6,9.4,305.3,24.4,130.8,34.4,22.6,189.9,65.2,179.4,433.2,2.4,5.0,1.3,1.4,69.2,121.7,194.7,1.5,295.0,158.0,,276.8,35.0,146.5,3205.6
2624,2016-10-23,155.5,1.9,24.7,66.7,3.2,72.1,7.4,17.4,64.1,75.5,7.3,7.6,296.2,23.2,122.7,35.1,21.8,196.0,59.5,180.2,415.2,2.3,4.8,1.4,1.7,72.6,111.6,193.9,1.2,281.3,153.2,,278.5,31.9,133.8,3128.2000000000003
2625,2017-05-01,142.8,2.0,18.1,55.0,4.9,89.0,5.1,15.8,60.5,94.2,7.4,8.7,331.0,22.6,140.1,39.5,20.8,178.2,67.2,174.9,435.3,2.4,4.2,1.4,1.7,82.4,131.8,191.5,0.8,294.2,130.4,,318.1,33.9,110.5,3222.7
2626,2017-05-02,154.5,2.0,22.1,70.4,5.0,90.3,6.4,16.6,63.1,99.1,6.6,10.7,333.6,24.8,145.3,41.3,21.4,192.8,70.3,177.9,471.4,2.2,4.9,1.5,2.3,80.3,139.3,191.1,0.9,313.2,139.8,,349.6,37.1,129.9,3424.7999999999997
2627,2017-05-03,163.3,1.9,20.2,72.8,4.9,90.7,7.3,17.3,64.6,100.1,6.4,10.3,334.1,24.8,141.1,39.3,24.1,200.4,72.6,174.7,481.5,2.4,4.6,1.3,2.2,81.3,135.6,174.9,1.1,325.4,146.0,,344.3,36.0,143.7,3458.8999999999996
2628,2017-05-04,160.9,2.1,21.7,72.3,5.0,87.2,7.3,17.4,67.3,100.5,8.2,11.0,340.6,24.8,141.6,37.7,24.5,205.2,74.0,181.3,465.3,2.0,4.7,1.4,2.5,81.2,141.0,198.0,1.0,330.2,148.1,,332.4,37.5,151.9,3495.3
2629,2017-05-05,166.6,2.1,18.5,66.8,5.1,91.6,7.4,17.3,66.5,104.6,8.9,10.8,335.5,25.5,151.4,41.0,24.7,207.5,76.9,181.9,480.1,2.5,5.2,1.4,2.8,82.7,150.6,204.1,1.1,336.7,149.1,,355.8,37.2,149.8,3577.3
2630,2017-05-06,165.3,1.9,19.2,70.8,5.2,84.3,7.3,17.2,65.6,104.0,8.5,9.8,335.1,26.2,153.9,39.7,24.9,196.7,74.5,181.6,477.9,2.4,4.2,1.4,2.3,76.6,152.8,202.2,1.1,325.5,146.3,,354.2,40.2,145.6,3532.299999999999
2631,2017-05-07,150.1,2.0,19.0,71.2,5.0,75.1,6.7,17.2,65.6,103.1,8.7,8.0,319.8,24.1,150.8,42.0,25.2,160.0,65.1,172.4,450.3,2.2,3.9,1.2,1.8,72.6,155.5,194.4,1.0,301.6,136.3,,367.8,37.6,135.0,3359.7000000000007
2632,2023-09-18,226.9,3.0,42.8,152.2,6.0,101.2,,,76.0,114.8,,13.0,339.6,30.3,190.9,48.0,36.4,226.6,76.9,219.8,530.2,2.5,5.8,1.7,2.7,129.1,190.5,239.1,1.2,306.5,276.7,5.1,460.9,45.2,192.7,4365.999999999999
2633,2023-09-19,233.7,3.1,41.9,149.7,6.4,109.3,,,77.4,124.5,,11.6,336.0,31.8,201.6,46.6,36.2,236.5,78.2,238.5,505.5,2.5,5.8,1.7,2.7,122.3,192.0,242.8,1.3,321.6,286.7,4.8,496.0,48.0,185.7,4453.4
2634,2023-09-20,235.4,3.0,37.3,145.8,6.6,106.4,,,77.8,130.9,,11.1,350.0,34.0,210.5,48.5,32.6,255.8,80.5,247.7,541.1,2.5,5.9,1.9,2.6,112.2,208.5,267.6,1.3,342.3,295.4,5.1,502.9,48.7,186.1,4611.599999999999
2635,2023-09-21,227.1,2.8,36.7,127.1,6.8,103.3,,,74.8,135.9,,12.4,350.6,34.5,229.0,49.9,30.3,263.1,81.4,249.3,539.2,2.4,5.8,2.0,2.9,110.6,242.3,282.0,1.2,348.2,264.1,5.1,513.1,48.3,179.6,4636.300000000001
2636,2023-09-22,218.3,2.8,38.1,108.7,6.5,93.6,,,73.9,136.0,,13.3,364.9,35.2,229.6,48.0,29.4,262.3,80.9,245.5,507.3,2.5,5.6,1.7,2.7,116.3,264.1,287.3,1.3,346.4,228.5,5.2,497.8,47.4,180.7,4556.0
2637,2023-09-23,213.8,2.8,39.5,96.1,5.4,94.0,,,75.5,124.9,,12.6,374.6,34.4,212.0,46.8,30.4,247.1,79.3,245.7,482.1,2.7,5.6,1.9,2.9,119.6,207.7,290.9,1.2,351.6,221.5,4.8,470.5,46.5,182.4,4403.199999999999
2638,2023-09-24,204.1,2.7,39.5,102.8,4.8,95.1,,,74.9,111.6,,12.1,368.3,31.5,183.3,46.1,32.0,222.3,72.5,248.2,469.6,2.8,5.6,1.6,2.7,119.7,184.2,279.6,0.9,319.4,217.0,5.1,456.0,41.3,167.5,4198.1
2639,2022-07-18,178.8,2.6,40.5,140.6,7.1,91.4,,,74.9,134.3,16.7,11.7,325.2,33.5,208.7,53.0,28.8,162.1,66.5,218.2,433.2,2.7,6.2,1.6,2.9,125.7,265.5,233.1,1.5,329.1,162.9,,526.5,49.9,190.3,4161.0
2640,2022-07-19,187.9,2.6,40.2,141.9,7.7,93.3,,,77.1,140.9,17.8,12.0,328.3,35.3,233.4,54.1,30.3,171.7,68.5,226.2,438.5,2.7,6.2,1.6,2.7,129.5,298.5,246.9,1.5,338.2,181.4,,539.9,47.8,196.6,4337.200000000001
2641,2022-07-20,199.0,2.6,40.7,131.6,6.9,98.3,,,78.2,129.6,17.5,11.9,320.2,32.0,212.9,48.6,32.3,179.0,70.6,220.4,443.5,2.8,6.1,1.6,2.8,130.1,267.0,245.7,1.6,347.4,196.4,,465.4,45.5,199.2,4223.6
2642,2022-07-21,198.5,2.6,40.2,120.1,6.1,97.5,,,76.6,118.7,17.7,12.1,334.0,33.4,171.8,45.1,32.9,182.1,71.0,211.4,449.4,2.5,5.8,1.6,2.7,131.4,183.5,239.2,1.6,335.0,196.0,,428.1,45.6,199.4,4030.000000000001
2643,2022-07-22,190.7,2.2,41.5,122.9,6.2,101.4,,,77.4,121.3,17.6,12.2,332.0,34.0,183.2,49.9,32.4,188.2,72.4,214.0,455.0,2.7,5.8,1.6,2.7,126.6,202.2,243.5,1.5,321.0,184.3,,446.6,44.9,195.0,4068.5
2644,2022-07-23,186.8,2.3,41.5,128.6,6.2,95.9,,,76.3,110.2,17.7,12.1,332.2,32.4,187.7,47.3,32.6,181.0,70.8,206.1,452.0,2.7,5.8,1.7,2.7,137.7,230.8,222.3,1.4,315.4,163.5,,449.9,45.1,187.6,4021.9
2645,2022-07-24,184.4,2.5,36.7,128.1,6.0,94.1,,,77.0,113.8,18.0,10.9,303.6,29.0,180.4,47.0,33.8,166.8,64.8,203.6,427.9,2.6,5.6,1.7,2.6,136.4,238.2,213.5,1.1,281.7,177.8,,457.7,43.9,164.2,3889.4
2646,2024-04-01,239.6,2.8,25.0,107.7,3.8,139.9,,,71.7,83.2,,15.4,436.6,29.3,134.3,54.6,37.1,325.2,104.5,260.9,613.8,3.0,4.5,2.4,1.5,125.4,138.0,263.5,1.6,408.4,281.2,,376.8,39.4,216.7,4618.4
2647,2024-04-02,243.2,2.9,29.6,110.6,3.8,140.7,,,72.7,82.5,,16.4,446.7,30.3,139.5,54.0,37.7,332.3,106.8,266.9,626.1,2.9,5.1,1.8,2.0,131.3,142.7,270.0,1.7,421.5,282.5,,381.9,39.8,219.9,4718.299999999999
2648,2024-04-03,244.3,2.3,31.5,112.7,4.0,140.0,,,74.0,85.4,,15.9,444.8,31.0,146.0,53.7,38.3,334.3,107.9,273.1,637.1,2.9,5.4,2.0,2.3,131.7,149.4,272.4,1.8,427.3,281.7,,396.7,41.4,229.3,4795.9
2649,2024-04-04,244.9,3.0,31.8,118.0,4.1,143.4,,,74.3,89.0,,15.6,459.9,32.0,150.5,52.9,37.7,334.1,107.0,273.2,634.0,2.9,6.5,2.2,2.2,139.5,151.2,271.4,1.8,432.3,279.9,,409.1,42.1,237.4,4860.6
2650,2024-04-05,247.9,2.7,32.5,122.9,4.1,143.6,,,74.7,90.1,,16.3,457.9,33.0,152.9,55.5,41.1,336.9,106.6,275.6,633.4,2.8,5.3,2.0,2.2,141.0,157.1,269.2,1.8,432.8,281.2,,416.0,43.7,242.5,4900.8
2651,2024-04-06,247.7,2.7,33.5,123.4,3.9,144.4,,,74.5,86.7,,15.6,456.2,32.7,150.3,55.5,41.6,329.7,108.2,275.6,633.6,2.9,5.2,1.9,2.1,141.4,156.0,266.0,1.8,429.0,276.0,,413.6,41.6,246.6,4876.700000000002
2652,2024-04-07,244.7,2.8,31.6,123.9,3.6,134.8,,,73.0,82.1,,15.3,441.0,30.5,132.2,54.5,39.1,316.3,103.4,264.4,612.7,2.3,5.5,1.5,2.1,128.9,148.8,262.4,1.6,400.8,267.5,,396.0,39.1,207.3,4644.900000000001
2653,2024-07-01,195.3,1.9,33.6,134.9,8.3,110.3,,,71.5,142.4,,14.8,371.1,38.4,255.6,51.5,40.8,224.3,78.2,217.5,504.6,2.6,5.8,1.6,2.4,109.9,330.8,305.5,1.2,357.9,204.1,,521.1,51.6,212.4,4674.1
2654,2024-07-02,202.4,2.6,35.6,111.9,7.8,113.3,,,70.8,149.0,,14.6,369.2,35.9,264.9,54.0,38.7,227.1,79.7,221.6,510.4,2.5,5.7,1.8,2.7,115.3,328.2,323.0,1.2,377.7,212.4,,491.4,51.7,201.4,4697.799999999999
2655,2024-07-03,213.4,2.5,39.4,121.0,7.0,120.4,,,69.1,138.1,,14.6,377.9,37.4,255.2,56.6,39.1,236.7,81.7,229.7,531.3,2.2,5.7,1.9,2.7,112.6,315.6,324.5,1.2,383.7,214.6,,455.3,46.2,194.7,4706.499999999999
2656,2024-07-04,222.2,2.7,41.6,124.0,6.9,117.1,,,71.1,127.7,,14.9,398.8,37.0,228.5,53.3,39.8,233.6,81.9,228.1,540.9,2.6,5.8,2.1,3.1,114.1,260.4,295.6,1.2,380.9,231.0,,462.6,48.9,203.6,4655.0
2657,2024-07-05,216.9,2.6,38.8,121.2,7.3,118.8,,,72.8,127.4,,14.6,404.4,37.6,246.6,50.6,42.1,240.4,81.9,222.9,533.1,2.4,5.8,2.0,2.8,112.0,308.5,275.8,1.3,382.1,232.3,,455.4,49.3,209.3,4691.6
2658,2024-07-06,207.1,2.7,39.9,119.2,6.3,119.7,,,73.6,123.8,,14.2,403.5,35.0,244.2,44.9,42.0,224.2,77.4,221.9,531.6,2.7,5.8,2.0,3.1,114.9,226.8,279.7,1.2,357.5,219.8,,432.2,46.5,207.3,4504.0
2659,2024-07-07,203.9,2.8,40.8,121.6,5.8,125.5,,,72.3,115.0,,12.0,389.0,33.8,221.3,50.4,42.1,207.7,71.3,230.7,513.5,2.7,5.5,1.8,3.0,119.4,262.7,281.5,1.1,335.2,212.1,,409.3,40.1,203.9,4410.3
2660,2021-02-01,184.1,2.3,24.2,93.3,3.8,89.6,7.1,19.1,67.7,69.7,19.8,10.3,348.7,32.0,139.3,55.6,26.3,232.0,74.0,285.0,476.5,2.7,6.6,1.6,2.0,74.4,140.6,266.1,1.7,286.0,245.0,,312.5,41.9,126.8,3775.8000000000006
2661,2021-02-02,183.8,2.4,24.7,95.0,3.8,92.3,7.6,19.5,69.1,69.3,18.0,9.9,353.4,31.7,141.3,54.1,25.9,235.0,74.5,287.8,481.8,2.8,6.6,1.9,2.3,73.9,142.2,268.1,1.9,297.1,240.3,,311.5,41.5,130.1,3808.8
2662,2021-02-03,183.4,2.3,24.6,92.0,3.8,93.5,7.8,19.7,69.5,68.4,18.6,10.1,350.7,33.1,141.0,53.5,26.2,236.6,75.7,288.4,486.5,2.8,6.8,1.7,2.5,73.7,135.1,269.7,1.9,296.9,243.5,,306.2,41.0,130.2,3805.1999999999994
2663,2021-02-04,184.7,2.3,25.0,89.1,4.1,94.4,7.7,19.9,68.2,68.6,18.4,9.8,352.9,32.2,125.7,55.6,26.1,236.6,74.9,286.0,485.8,3.1,6.7,1.7,2.5,72.3,120.8,267.9,1.7,294.0,242.0,,279.5,39.9,129.3,3737.1
2664,2021-02-05,187.8,2.4,23.8,89.7,3.9,95.4,7.7,18.1,67.7,70.4,18.0,10.0,352.2,32.1,130.0,55.1,28.7,239.5,74.1,282.8,484.4,3.0,7.1,1.7,2.5,71.6,129.2,267.9,1.6,299.1,244.1,,276.4,38.4,129.2,3753.3
2665,2021-02-06,187.1,2.3,24.2,83.4,3.6,95.5,7.6,19.4,66.6,64.1,18.2,9.9,348.3,36.9,132.8,55.7,26.5,239.1,74.1,278.1,484.6,2.9,6.7,1.7,2.2,74.0,134.5,266.5,1.9,293.0,241.7,,280.5,40.4,129.4,3741.2
2666,2021-02-07,181.7,2.3,22.7,84.7,3.3,93.9,6.8,19.1,68.3,63.0,18.1,8.7,336.3,27.5,120.8,54.4,25.5,221.3,66.7,279.2,467.6,2.7,6.4,1.7,2.1,89.8,125.7,264.5,1.4,271.1,231.8,,284.5,37.9,117.6,3616.3
2667,2018-06-18,176.5,2.1,25.8,92.0,4.9,83.4,7.3,17.6,69.6,117.8,12.9,9.5,361.1,25.9,166.9,39.5,25.4,164.6,66.5,180.0,443.3,2.1,4.9,1.5,2.1,98.2,153.7,218.9,1.2,316.1,148.6,,381.7,40.6,180.3,3650.4
2668,2018-06-19,185.9,2.0,29.3,93.6,5.4,86.0,7.7,17.8,70.0,118.7,10.6,9.4,366.1,27.0,170.1,41.9,27.0,171.6,64.8,177.4,455.3,2.1,5.8,1.5,2.0,96.9,175.0,226.4,1.4,321.7,154.2,,390.7,43.1,187.0,3753.499999999999
2669,2018-06-20,188.2,2.0,30.0,94.6,5.8,84.5,7.6,17.1,67.6,126.6,10.7,8.9,368.1,28.1,191.0,42.2,23.7,178.6,63.9,178.0,450.9,2.2,5.8,1.6,2.1,95.6,229.2,225.6,1.4,325.4,160.9,,405.5,50.3,171.4,3853.000000000001
2670,2018-06-21,187.2,2.0,31.9,94.7,6.0,81.6,7.6,18.1,66.0,132.5,7.4,9.2,375.6,28.8,193.2,34.2,24.4,180.3,63.8,178.5,442.9,2.3,5.5,1.5,2.2,89.8,241.6,225.7,1.2,326.5,162.9,,411.3,43.6,169.6,3857.1
2671,2018-06-22,180.8,1.8,32.1,98.3,6.3,75.4,7.7,17.9,71.7,135.2,4.7,9.3,374.7,29.5,200.4,42.1,26.4,181.0,63.7,173.3,420.2,2.2,5.5,1.5,2.2,87.8,247.2,238.1,1.1,334.4,152.5,,428.4,46.1,173.0,3880.2
2672,2018-06-23,180.2,2.1,31.8,87.5,5.9,81.7,7.4,17.7,72.4,133.0,4.0,9.1,354.5,29.3,213.5,40.8,24.2,171.8,62.8,168.5,403.2,2.2,5.5,1.4,2.1,94.3,252.4,225.9,1.1,332.7,135.2,,437.9,44.3,172.2,3816.4
2673,2018-06-24,175.7,2.3,29.8,86.6,5.4,85.8,7.0,17.3,67.4,126.1,4.5,8.0,316.9,27.1,204.4,40.9,22.4,163.4,59.5,165.0,385.1,2.4,5.4,1.7,2.1,90.2,251.7,227.1,0.9,307.3,138.6,,432.4,45.0,154.0,3666.9
2674,2020-09-14,143.6,2.0,30.7,119.2,6.1,99.1,6.8,17.6,67.7,120.5,17.6,9.0,302.1,31.9,216.3,47.0,30.3,141.3,61.3,221.7,395.9,2.5,5.5,1.6,2.2,90.4,266.8,260.0,1.2,257.2,143.0,,474.4,42.4,176.6,3819.1
2675,2020-09-15,150.5,2.2,30.4,109.3,6.2,102.7,7.2,17.7,67.6,120.5,17.2,9.3,306.4,32.8,219.3,43.9,30.6,146.6,63.8,225.7,401.8,2.6,5.4,1.7,2.5,95.0,266.3,264.3,1.1,272.4,140.4,,472.3,43.4,174.2,3860.8000000000006
2676,2020-09-16,152.9,2.2,30.4,111.4,6.4,103.5,7.3,17.9,66.8,123.9,17.2,9.1,305.7,33.2,220.8,47.7,29.8,150.6,64.5,226.5,404.8,2.5,5.9,1.7,2.5,95.5,268.0,270.5,1.1,283.1,142.0,,472.7,42.8,168.6,3897.0
2677,2020-09-17,157.3,2.1,28.1,114.0,6.3,99.3,6.9,17.3,59.8,124.6,17.2,8.8,304.2,31.7,218.1,47.9,29.2,149.8,64.3,225.1,395.7,2.7,5.4,1.8,2.1,96.7,272.1,263.7,1.2,286.5,143.0,,473.7,40.4,161.6,3866.3
2678,2020-09-18,161.8,2.3,31.0,110.4,6.2,99.4,7.2,17.1,55.2,126.5,17.6,9.0,313.1,33.4,221.9,49.5,25.2,152.7,63.8,229.0,383.9,2.6,5.8,1.7,2.1,98.5,270.0,277.1,1.2,296.4,150.3,,478.5,43.2,161.2,3912.5
2679,2020-09-19,152.0,2.2,36.4,115.4,5.9,96.8,7.2,17.6,65.7,123.5,18.9,9.0,323.1,32.9,217.2,47.9,29.5,151.5,60.6,222.5,383.0,2.8,5.8,1.7,2.4,98.5,276.7,271.0,1.2,279.8,144.3,,479.0,43.5,178.4,3911.8
2680,2020-09-20,143.5,2.2,36.4,123.5,5.4,98.7,6.6,16.7,66.3,116.5,18.9,8.3,296.1,30.2,205.4,48.7,30.2,129.3,54.1,215.8,364.2,2.8,5.5,1.7,2.4,93.9,276.3,259.2,0.9,246.3,137.4,,477.2,40.6,170.1,3738.3
2681,2023-09-11,213.4,3.1,44.3,152.0,6.9,116.0,,,81.3,107.1,,13.7,462.2,36.2,222.2,51.3,37.9,245.3,75.8,234.4,525.0,2.7,5.3,1.9,2.9,134.9,325.9,335.8,1.2,352.2,202.4,6.1,387.8,42.5,218.4,4720.299999999999
2682,2023-09-12,220.1,3.1,45.0,154.6,7.4,116.1,,,80.6,116.3,,14.2,475.1,36.5,234.1,49.3,41.7,252.6,78.6,240.0,540.1,2.8,5.1,1.8,3.1,123.3,322.8,338.4,1.3,354.4,228.0,6.2,429.3,46.8,214.5,4856.300000000001
2683,2023-09-13,223.3,3.2,45.2,149.9,7.6,101.8,,,80.9,126.9,,14.1,480.4,36.6,244.1,50.4,41.6,258.3,81.2,241.1,558.1,2.8,5.4,2.0,2.9,113.3,314.0,331.4,1.5,361.5,244.0,5.9,465.4,48.8,207.6,4924.7
2684,2023-09-14,226.4,3.0,48.9,147.5,7.6,93.8,,,77.2,137.7,,14.3,472.7,37.1,256.2,50.5,38.9,263.4,79.8,237.8,544.0,2.7,5.6,1.8,3.0,108.9,315.7,323.2,1.4,361.1,241.5,5.9,496.9,49.9,200.4,4928.9
2685,2023-09-15,230.9,3.0,50.0,147.9,6.6,92.8,,,77.4,131.3,,14.5,461.8,35.0,236.5,47.2,39.1,262.1,78.8,223.1,527.2,2.8,5.6,1.7,2.5,116.2,276.5,307.7,1.4,365.2,245.0,6.1,476.3,45.8,203.3,4795.5
2686,2023-09-16,230.3,2.9,49.1,152.5,6.2,96.5,,,79.2,121.1,,14.2,440.9,35.1,217.1,49.0,40.2,254.4,78.9,193.9,519.8,2.7,6.0,1.8,2.5,113.4,268.5,275.9,1.3,348.7,254.2,6.4,459.3,45.8,211.6,4654.2
2687,2023-09-17,226.5,3.1,47.1,152.9,6.0,93.7,,,75.4,108.2,,13.9,369.0,30.4,177.5,47.7,37.9,231.9,70.5,191.3,508.6,2.8,5.6,1.7,3.0,122.4,196.0,235.3,0.9,314.3,259.1,5.9,429.2,39.5,205.8,4284.2
2688,2022-04-11,209.4,2.4,23.2,114.1,5.0,120.6,7.7,20.5,74.9,108.8,17.2,13.5,426.2,31.9,150.1,48.6,33.4,270.5,78.9,268.8,591.6,2.6,5.5,1.7,2.4,125.4,158.5,263.2,1.6,339.2,252.3,,424.4,41.7,186.4,4430.799999999999
2689,2022-04-12,208.8,2.4,27.8,117.3,5.3,122.6,8.0,20.5,75.0,110.0,17.1,14.5,433.3,33.4,155.5,49.5,32.7,269.3,78.0,257.0,598.2,2.6,6.2,1.8,2.5,120.3,159.3,258.5,1.8,345.0,254.6,,431.7,40.7,194.6,4464.8
2690,2022-04-13,209.2,2.2,28.6,121.0,5.5,120.5,8.1,20.1,78.8,108.8,16.7,14.7,431.7,33.6,160.0,46.1,32.5,262.1,76.7,261.5,594.2,2.4,5.8,1.7,1.9,117.3,165.8,248.6,1.7,336.8,250.5,,433.2,41.9,195.6,4444.5
2691,2022-04-14,213.0,2.2,22.1,122.4,4.7,123.9,8.0,20.4,79.7,105.5,16.9,14.1,438.8,32.7,153.4,46.3,35.7,236.1,73.0,275.4,601.0,2.3,4.9,1.7,2.3,120.6,151.5,258.7,1.7,313.2,223.3,,421.5,41.2,193.2,4369.4
2692,2022-04-15,211.6,1.5,19.8,118.8,4.6,123.7,8.1,20.2,78.5,104.7,16.2,14.1,428.6,30.7,156.7,50.1,36.6,213.2,69.6,278.1,609.8,1.9,4.7,1.5,1.7,116.9,152.5,263.0,1.7,324.1,239.6,,406.6,40.7,187.1,4346.0
2693,2022-04-16,210.5,2.0,20.7,123.6,4.6,125.0,8.0,20.1,79.4,103.3,16.9,14.3,433.8,33.0,157.9,47.6,37.0,212.7,80.3,278.0,609.7,2.3,5.1,1.7,2.1,121.6,161.1,265.8,1.4,335.8,243.7,,421.7,38.2,197.2,4425.4
2694,2022-04-17,200.7,2.1,21.2,125.2,4.3,123.4,7.3,19.9,78.5,101.7,16.9,13.8,418.1,30.7,147.1,50.1,36.0,190.5,76.2,275.9,591.4,2.4,4.7,1.7,2.1,121.1,151.4,264.7,1.2,296.9,235.7,,422.4,39.9,186.4,4270.2
